-- Time: 2026/06/28 18:07:35
-- Database: database0
-- Database version: 3.49.1
-- seed value: 1782659237831
PRAGMA cache_size = 50000; -- 0ms;
PRAGMA temp_store=MEMORY; -- 0ms;
PRAGMA synchronous=off; -- 0ms;
PRAGMA case_sensitive_like=ON; -- 0ms;
CREATE TABLE t0 (c0 TEXT ); -- 7ms;
CREATE VIRTUAL TABLE vt1 USING fts5(c0 UNINDEXED); -- 11ms;
UPDATE OR IGNORE vt1 SET c0='1169184297' WHERE (((+ (vt1.c0))) NOT BETWEEN (((vt1.c0)GLOB(vt1.c0))) AND ((vt1.c0 IN ()))); -- 0ms;
INSERT OR ABORT INTO t0(c0) VALUES (NULL); -- 18ms;
UPDATE OR IGNORE vt1 SET (c0, c0, c0)=(NULL, NULL, 1.169184297E9); -- 0ms;
REINDEX; -- 10ms;
INSERT OR IGNORE INTO t0 VALUES (NULL), (NULL), (x'd221'); -- 8ms;
INSERT OR IGNORE INTO vt1(c0) VALUES (NULL); -- 16ms;
UPDATE OR ABORT t0 SET (c0, c0)=(x'', 0.9112947854460633); -- 15ms;
UPDATE t0 SET (c0)=(''); -- 10ms;
INSERT OR ROLLBACK INTO vt1(c0) VALUES (0.6773482842666353); -- 13ms;
INSERT OR IGNORE INTO t0 VALUES ('-583119837'); -- 13ms;
INSERT INTO vt1(vt1, rank) VALUES('merge', -26239469);\n; -- 0ms;
INSERT OR ROLLBACK INTO t0(c0) VALUES (-583119837); -- 21ms;
ANALYZE; -- 23ms;
BEGIN  TRANSACTION; -- 0ms;
BEGIN  TRANSACTION; -- 0ms;
UPDATE OR ROLLBACK vt1 SET (c0, c0)=(x'', '1169184297'); -- 2ms;
COMMIT; -- 10ms;
INSERT INTO vt1(vt1, rank) VALUES('usermerge', 4); -- 13ms;
INSERT INTO vt1(vt1, rank) VALUES('pgsz', '25890'); -- 13ms;
UPDATE OR IGNORE vt1 SET (c0)=(-2.6239469E7) WHERE (((vt1.c0) BETWEEN (vt1.c0) AND ('')) IN (vt1.c0)); -- 1ms;
INSERT INTO vt1(vt1) VALUES('integrity-check'); -- 0ms;
UPDATE OR IGNORE t0 SET c0=0X44677b7a WHERE (NOT (t0.c0)) COLLATE RTRIM; -- 8ms;
INSERT OR IGNORE INTO sqlite_stat1 VALUES('vt1', 'null', ' sz=-50205380'); -- 9ms;
BEGIN DEFERRED TRANSACTION; -- 0ms;
INSERT OR ABORT INTO vt1(c0) VALUES (0.3674051660259411); -- 1ms;
INSERT OR FAIL INTO vt1 VALUES (NULL); -- 0ms;
INSERT OR ABORT INTO vt1 VALUES (x''), (x''), (0.7186104947540207); -- 0ms;
INSERT INTO vt1(vt1) VALUES('optimize'); -- 0ms;
INSERT INTO vt1(vt1, rank) VALUES('usermerge', 8); -- 1ms;
INSERT OR ROLLBACK INTO t0(c0) VALUES (0x45b05629); -- 0ms;
ANALYZE vt1; -- 0ms;
CREATE UNIQUE INDEX IF NOT EXISTS i81 ON t0((((c0) IS FALSE) IN ()) COLLATE RTRIM DESC); -- 0ms;
CREATE UNIQUE INDEX i24 ON t0(0Xfffffffffb7f7b9b ASC); -- 0ms;
CREATE UNIQUE INDEX IF NOT EXISTS i82 ON t0(CAST(((c0)<>(c0)) AS TEXT)) WHERE ((((c0) IS FALSE))<<(c0)); -- 0ms;
UPDATE OR REPLACE vt1 SET c0=-50205380; -- 0ms;
CREATE INDEX i54 ON t0(CASE ((c0)/(c0))  WHEN c0 THEN '-428519827' COLLATE NOCASE ELSE ((c0)>>(c0)) END); -- 0ms;
INSERT OR IGNORE INTO t0(c0) VALUES (x'7290'), (''), (x''); -- 0ms;
UPDATE t0 SET c0=x'', c0=NULL WHERE CAST(((t0.c0) NOTNULL) AS TEXT); -- 0ms;
INSERT OR REPLACE INTO t0(c0) VALUES (x'ad9f'), ('683722689'), ('1624550772'); -- 0ms;
INSERT INTO vt1(vt1, rank) VALUES('usermerge', 14); -- 0ms;
ANALYZE t0; -- 0ms;
UPDATE vt1 SET (c0)=('-932045339') WHERE (('YwPe')>>(CASE WHEN vt1.c0 THEN vt1.c0 END)); -- 0ms;
INSERT OR REPLACE INTO t0(c0) VALUES (NULL), (''), (-1475894835); -- 0ms;
CREATE INDEX i93 ON t0((((((- (c0)))AND((c0 IN ()))))OR('0.6773482842666353')) DESC) WHERE (((((c0))>((c0)))) ISNULL); -- 0ms;
REINDEX  vt1; -- 0ms;
UPDATE OR FAIL t0 SET (c0)=('hP') WHERE (~ ((+ (t0.c0)))); -- 0ms;
UPDATE OR FAIL vt1 SET c0=1147632506; -- 1ms;
INSERT INTO vt1(vt1) VALUES('rebuild'); -- 0ms;
ANALYZE sqlite_master; -- 0ms;
BEGIN  TRANSACTION; -- 0ms;
BEGIN  TRANSACTION; -- 0ms;
UPDATE OR IGNORE vt1 SET c0=0.7186104947540207; -- 0ms;
INSERT OR IGNORE INTO t0(c0) VALUES (x'7de0'), ('G'), (NULL); -- 0ms;
INSERT INTO vt1(vt1, rank) VALUES('usermerge', 10); -- 0ms;
BEGIN  TRANSACTION; -- 0ms;
UPDATE OR IGNORE t0 SET (c0, c0)=(NULL, 0.35282389366223454) WHERE (- ((t0.c0 IN (t0.c0)))); -- 0ms;
DELETE FROM sqlite_stat1; -- 0ms;
INSERT OR IGNORE INTO vt1(c0) VALUES (''); -- 0ms;
UPDATE vt1 SET (c0, c0)=('|SQ*P', 681623280) WHERE CAST(((vt1.c0) IS FALSE) AS NUMERIC); -- 0ms;
UPDATE OR IGNORE vt1 SET c0=x'' WHERE json_remove(CAST(vt1.c0 AS REAL), (NOT (vt1.c0))); -- 0ms;
UPDATE OR IGNORE t0 SET (c0)=(NULL); -- 0ms;
INSERT INTO vt1(vt1) VALUES('integrity-check'); -- 0ms;
UPDATE OR ROLLBACK vt1 SET c0=0.4554327592951475; -- 0ms;
INSERT OR FAIL INTO vt1(c0) VALUES ('W/'); -- 0ms;
INSERT OR FAIL INTO t0 VALUES ('0.9112947854460633'), (0.21688162727614024), (NULL); -- 0ms;
INSERT OR IGNORE INTO vt1(c0) VALUES ('-75531365'), (0.5484140274615981), ('1900532234'); -- 3ms;
ANALYZE i54; -- 0ms;
INSERT INTO vt1(vt1) VALUES('integrity-check'); -- 0ms;
INSERT INTO vt1(vt1, rank) VALUES('usermerge', 6); -- 0ms;
UPDATE t0 SET c0='\rPk(r'; -- 0ms;
UPDATE OR ROLLBACK vt1 SET (c0)=('ᯉ{') WHERE ((vt1.c0) BETWEEN (NULL) AND (vt1.c0)) COLLATE BINARY; -- 0ms;
INSERT INTO vt1(vt1, rank) VALUES('automerge', 2); -- 0ms;
INSERT OR IGNORE INTO vt1 VALUES (NULL), (NULL), (''); -- 0ms;
INSERT OR FAIL INTO vt1(c0) VALUES (''); -- 0ms;
REINDEX NOCASE; -- 0ms;
INSERT OR FAIL INTO t0(c0) VALUES (-1676579997), (x'6a6e7fbe'), ('-1957852035'); -- 0ms;
ANALYZE; -- 0ms;
UPDATE OR IGNORE t0 SET c0='683722689'; -- 0ms;
COMMIT; -- 6ms;
ROLLBACK TRANSACTION; -- 0ms;
UPDATE OR ABORT vt1 SET (c0)=(0x28c0c7c1); -- 10ms;
BEGIN  TRANSACTION; -- 0ms;
INSERT OR IGNORE INTO t0 VALUES (NULL); -- 2ms;
UPDATE OR IGNORE vt1 SET c0='926336450'; -- 1ms;
CREATE INDEX IF NOT EXISTS i23 ON t0(((((c0) NOTNULL)) NOT NULL) COLLATE NOCASE ASC) WHERE ((((c0)AND(c0))) BETWEEN (CASE WHEN c0 THEN c0 WHEN c0 THEN c0 WHEN c0 THEN NULL ELSE c0 END) AND (((c0) NOTNULL))); -- 0ms;
UPDATE OR FAIL t0 SET c0='0.6773482842666353'; -- 0ms;
UPDATE OR IGNORE vt1 SET c0=NULL; -- 0ms;
INSERT INTO vt1(vt1, rank) VALUES('automerge', 6); -- 0ms;
INSERT OR IGNORE INTO vt1 VALUES (0.5484140274615981), (x'5534e9b5'), (x''); -- 0ms;
REINDEX NOCASE; -- 0ms;
INSERT INTO vt1(vt1) VALUES('rebuild'); -- 0ms;
INSERT OR IGNORE INTO vt1(c0) VALUES (NULL); -- 0ms;
END TRANSACTION; -- 9ms;
UPDATE OR IGNORE vt1 SET (c0, c0)=(0.18467606720708651, x'58e5baad'); -- 7ms;
UPDATE vt1 SET (c0)=(1176471894) WHERE ((vt1.c0)/(((vt1.c0)IS NOT(vt1.c0)))); -- 0ms;
UPDATE OR IGNORE t0 SET c0=0.5794592238493945, c0=681623280, c0=''; -- 9ms;
ANALYZE; -- 9ms;
UPDATE OR IGNORE vt1 SET (c0)=(0.890891678105703) WHERE ((0.7186104947540207)IS NOT(vt1.c0)) COLLATE RTRIM; -- 8ms;
INSERT INTO vt1(vt1, rank) VALUES('rank', 'bm25(10.0, 5.0)'); -- 9ms;
INSERT INTO vt1(vt1) VALUES('integrity-check'); -- 0ms;
INSERT OR IGNORE INTO vt1 VALUES ('1035456869'); -- 8ms;
UPDATE OR REPLACE vt1 SET c0=x''; -- 12ms;
REINDEX; -- 10ms;
INSERT INTO vt1(vt1, rank) VALUES('pgsz', '54424'); -- 6ms;
INSERT INTO vt1(vt1) VALUES('optimize'); -- 1ms;
ANALYZE sqlite_master; -- 0ms;
UPDATE OR IGNORE t0 SET (c0)=(x'') WHERE IFNULL(DISTINCT (t0.c0 IN (t0.c0)), ((t0.c0)*(t0.c0))); -- 7ms;
BEGIN  TRANSACTION; -- 0ms;
INSERT OR IGNORE INTO vt1(c0) VALUES ('-583119837'); -- 10ms;
END TRANSACTION; -- 5ms;
ROLLBACK TRANSACTION; -- 0ms;
SELECT ALL COUNT(*) FROM vt1 INNER JOIN t0 ON t0.c0 WHERE (CAST((((t0.c0, t0.c0, NULL))==((vt1.c0, 'o', t0.c0))) AS BLOB));
SELECT SUM(count) FROM (SELECT ((CAST((((t0.c0, t0.c0, NULL))==((vt1.c0, 'o', t0.c0))) AS BLOB)) IS TRUE)  as count FROM vt1 INNER JOIN t0 ON t0.c0);
SELECT COUNT(*) FROM t0 NATURAL JOIN vt1 WHERE ((((vt1.c0 IN ())) BETWEEN (CASE vt1.c0  WHEN t0.c0 THEN t0.c0 ELSE vt1.c0 END) AND (((t0.c0)>=(vt1.c0))))) ORDER BY ((t0.c0)LIKE(t0.c0)) COLLATE RTRIM DESC;
SELECT SUM(count) FROM (SELECT ALL (((((vt1.c0 IN ())) BETWEEN (CASE vt1.c0  WHEN t0.c0 THEN t0.c0 ELSE vt1.c0 END) AND (((t0.c0)>=(vt1.c0))))) IS TRUE)  as count FROM t0 NATURAL JOIN vt1 ORDER BY ((t0.c0)LIKE(t0.c0)) COLLATE RTRIM DESC);
SELECT COUNT(*) FROM t0 WHERE (CASE ((t0.c0) NOT NULL)  WHEN ((t0.c0) NOT NULL) THEN 9.2633645E8 WHEN t0.c0 THEN (t0.c0 IN (t0.c0)) WHEN (t0.c0 IN ()) THEN CAST(t0.c0 AS TEXT) END) ORDER BY ((t0.c0 COLLATE NOCASE)<>(((t0.c0)!=(t0.c0)))), t0.c0 DESC;
SELECT SUM(count) FROM (SELECT ALL ((CASE ((t0.c0) NOT NULL)  WHEN ((t0.c0) NOT NULL) THEN 9.2633645E8 WHEN t0.c0 THEN (t0.c0 IN (t0.c0)) WHEN (t0.c0 IN ()) THEN CAST(t0.c0 AS TEXT) END) IS TRUE)  as count FROM t0 ORDER BY ((t0.c0 COLLATE NOCASE)<>(((t0.c0)<>(t0.c0)))), t0.c0 DESC);
SELECT ALL COUNT(*) FROM vt1 WHERE (((CAST(NULL AS BLOB)) BETWEEN (((((vt1.c0)AND(vt1.c0)))AND(vt1.c0))) AND (CAST(vt1.c0 AS REAL))));
SELECT SUM(count) FROM (SELECT ALL ((((CAST(NULL AS BLOB)) BETWEEN (((((vt1.c0)AND(vt1.c0)))AND(vt1.c0))) AND (CAST(vt1.c0 AS REAL)))) IS TRUE)  as count FROM vt1);
SELECT * FROM t0, vt1 WHERE ((((((t0.c0)&(t0.c0))))>((json_extract(t0.c0, t0.c0)))));
SELECT SUM(count) FROM (SELECT (((((((t0.c0)&(t0.c0))))>((json_extract(t0.c0, t0.c0))))) IS TRUE)  as count FROM t0, vt1);
SELECT ALL COUNT(*) FROM t0 WHERE (CAST(x'' AS REAL));
SELECT SUM(count) FROM (SELECT ((CAST(x'' AS REAL)) IS TRUE)  as count FROM t0);
SELECT * FROM vt1 WHERE (rtreenode(((vt1.c0) BETWEEN (vt1.c0) AND (x'e26a')), vt1.c0));
SELECT SUM(count) FROM (SELECT ((rtreenode(((vt1.c0) BETWEEN (vt1.c0) AND (x'e26a')), vt1.c0)) IS TRUE)  as count FROM vt1);
SELECT COUNT(*) FROM vt1, t0 WHERE (((((vt1.c0) NOT NULL)) ISNULL)) ORDER BY (~ (HEX(DISTINCT vt1.c0))) ASC;
SELECT SUM(count) FROM (SELECT ((((((vt1.c0) NOT NULL)) ISNULL)) IS TRUE)  as count FROM vt1, t0 ORDER BY (~ (HEX(DISTINCT vt1.c0))) ASC);
SELECT ALL * FROM vt1, t0 WHERE (x'');
SELECT SUM(count) FROM (SELECT ((x'') IS TRUE)  as count FROM vt1, t0);
SELECT ALL COUNT(*) FROM t0 WHERE (((((t0.c0) BETWEEN (t0.c0) AND (t0.c0)))OR(CAST(t0.c0 AS BLOB))));
SELECT SUM(count) FROM (SELECT ALL ((((((t0.c0) BETWEEN (t0.c0) AND (t0.c0)))OR(CAST(t0.c0 AS BLOB)))) IS TRUE)  as count FROM t0);
SELECT ALL * FROM t0 WHERE ((- (((((((((t0.c0)AND(x'70b9')))OR(t0.c0)))AND('%m\M')))OR(t0.c0))))) ORDER BY x'' ASC  NULLS FIRST;
SELECT SUM(count) FROM (SELECT ALL (((- (((((((((t0.c0)AND(x'70b9')))OR(t0.c0)))AND('%m\M')))OR(t0.c0))))) IS TRUE)  as count FROM t0 ORDER BY x'' ASC  NULLS FIRST);
SELECT * FROM vt1 WHERE (UNLIKELY(((vt1.c0) NOT BETWEEN (vt1.c0) AND (vt1.c0))));
SELECT SUM(count) FROM (SELECT ((UNLIKELY(((vt1.c0) NOT BETWEEN (vt1.c0) AND (vt1.c0)))) IS TRUE)  as count FROM vt1);
SELECT ALL COUNT(*) FROM t0, vt1 WHERE (x'389c');
SELECT SUM(count) FROM (SELECT ALL ((x'389c') IS TRUE)  as count FROM t0, vt1);
SELECT ALL COUNT(*) FROM vt1 WHERE (vt1.c0) ORDER BY CAST(CASE WHEN vt1.c0 THEN vt1.c0 WHEN x'' THEN vt1.c0 WHEN vt1.c0 THEN vt1.c0 ELSE vt1.c0 END AS REAL) ASC  NULLS FIRST;
SELECT SUM(count) FROM (SELECT ((vt1.c0) IS TRUE)  as count FROM vt1 ORDER BY CAST(CASE WHEN vt1.c0 THEN vt1.c0 WHEN x'' THEN vt1.c0 WHEN vt1.c0 THEN vt1.c0 ELSE vt1.c0 END AS REAL) ASC  NULLS FIRST);
SELECT ALL * FROM t0, vt1 WHERE (((t0.c0)LIKE(vt1.c0)) COLLATE BINARY) ORDER BY (('V	N5A* \')>=(((0.4699461809383261)!=(vt1.c0)))) DESC  NULLS FIRST;
SELECT SUM(count) FROM (SELECT ALL ((((t0.c0)LIKE(vt1.c0)) COLLATE BINARY) IS TRUE)  as count FROM t0, vt1 ORDER BY (('V	N5A* \')>=(((0.4699461809383261)<>(vt1.c0)))) DESC  NULLS FIRST);
SELECT * FROM vt1, t0 WHERE (vt1.c0 COLLATE BINARY COLLATE BINARY) ORDER BY 0.9102823914617119 DESC  NULLS FIRST, ((CAST(-961055724 AS REAL)) BETWEEN (((t0.c0)LIKE(t0.c0))) AND ((((vt1.c0))<((-5.83119837E8)))))  NULLS LAST;
SELECT SUM(count) FROM (SELECT ((vt1.c0 COLLATE BINARY COLLATE BINARY) IS TRUE)  as count FROM vt1, t0 ORDER BY 0.9102823914617119 DESC  NULLS FIRST, ((CAST(-961055724 AS REAL)) BETWEEN (((t0.c0)LIKE(t0.c0))) AND ((((vt1.c0))<((-5.83119837E8)))))  NULLS LAST);
SELECT COUNT(*) FROM t0 WHERE (((((t0.c0)*(t0.c0)))+((((t0.c0, t0.c0, 0.9933575722342622, t0.c0, t0.c0))<((t0.c0, '-961055724', t0.c0, x'', t0.c0))))));
SELECT SUM(count) FROM (SELECT ((((((t0.c0)*(t0.c0)))+((((t0.c0, t0.c0, 0.9933575722342622, t0.c0, t0.c0))<((t0.c0, '-961055724', t0.c0, x'', t0.c0)))))) IS TRUE)  as count FROM t0);
SELECT ALL COUNT(*) FROM t0, vt1 WHERE (CAST(((((((((vt1.c0)AND(vt1.c0)))AND(t0.c0)))OR(vt1.c0)))AND(t0.c0)) AS BLOB));
SELECT SUM(count) FROM (SELECT ALL ((CAST(((((((((vt1.c0)AND(vt1.c0)))AND(t0.c0)))OR(vt1.c0)))AND(t0.c0)) AS BLOB)) IS TRUE)  as count FROM t0, vt1);
SELECT * FROM t0 INDEXED BY i23 LEFT OUTER JOIN vt1 ON (- (x'')) WHERE ((((t0.c0 IN ())) ISNULL));
SELECT SUM(count) FROM (SELECT (((((t0.c0 IN ())) ISNULL)) IS TRUE)  as count FROM t0 INDEXED BY i23 LEFT OUTER JOIN vt1 ON (- (x'')));
SELECT COUNT(*) FROM vt1 WHERE ((((((((((vt1.c0 IN ()))AND(((vt1.c0)<=(vt1.c0)))))OR(((vt1.c0) NOT BETWEEN (vt1.c0) AND (vt1.c0)))))OR(((vt1.c0)<>(vt1.c0)))))OR(CASE ''  WHEN vt1.c0 THEN vt1.c0 ELSE vt1.c0 END))) ORDER BY (((((vt1.c0) NOT NULL), UNLIKELY(vt1.c0), (~ (vt1.c0))))>((SUBSTR(vt1.c0, vt1.c0), ((vt1.c0)OR(vt1.c0)), vt1.c0)));
SELECT SUM(count) FROM (SELECT (((((((((((vt1.c0 IN ()))AND(((vt1.c0)<=(vt1.c0)))))OR(((vt1.c0) NOT BETWEEN (vt1.c0) AND (vt1.c0)))))OR(((vt1.c0)!=(vt1.c0)))))OR(CASE ''  WHEN vt1.c0 THEN vt1.c0 ELSE vt1.c0 END))) IS TRUE)  as count FROM vt1 ORDER BY (((((vt1.c0) NOT NULL), UNLIKELY(vt1.c0), (~ (vt1.c0))))>((SUBSTR(vt1.c0, vt1.c0), ((vt1.c0)OR(vt1.c0)), vt1.c0))));
SELECT * FROM t0 WHERE (((((t0.c0)||(t0.c0)))/(t0.c0)));
SELECT SUM(count) FROM (SELECT ALL ((((((t0.c0)||(t0.c0)))/(t0.c0))) IS TRUE)  as count FROM t0);
SELECT ALL COUNT(*) FROM t0 WHERE (((t0.c0 IN ()) IN (t0.c0))) ORDER BY ((((t0.c0)OR(t0.c0)))AND(t0.c0)) COLLATE RTRIM, ((((((((((((((((json(t0.c0))OR((t0.c0 IN (t0.c0, t0.c0)))))AND(((t0.c0)*(t0.c0)))))OR(CASE t0.c0  WHEN t0.c0 THEN t0.c0 ELSE t0.c0 END)))AND((('1035456869')|(t0.c0)))))AND((((t0.c0))==((t0.c0))))))AND((((t0.c0, t0.c0, t0.c0))!=((t0.c0, t0.c0, NULL))))))AND(SQLITE_VERSION())))AND(((t0.c0) BETWEEN (t0.c0) AND (t0.c0))))  NULLS FIRST;
SELECT SUM(count) FROM (SELECT ((((t0.c0 IN ()) IN (t0.c0))) IS TRUE)  as count FROM t0 ORDER BY ((((t0.c0)OR(t0.c0)))AND(t0.c0)) COLLATE RTRIM, ((((((((((((((((json(t0.c0))OR((t0.c0 IN (t0.c0, t0.c0)))))AND(((t0.c0)*(t0.c0)))))OR(CASE t0.c0  WHEN t0.c0 THEN t0.c0 ELSE t0.c0 END)))AND((('1035456869')|(t0.c0)))))AND((((t0.c0))==((t0.c0))))))AND((((t0.c0, t0.c0, t0.c0))!=((t0.c0, t0.c0, NULL))))))AND(SQLITE_VERSION())))AND(((t0.c0) BETWEEN (t0.c0) AND (t0.c0))))  NULLS FIRST);
SELECT ALL * FROM t0 WHERE ((((NOT (t0.c0))) IS TRUE)) ORDER BY (t0.c0 COLLATE NOCASE IN ()), CASE WHEN json_valid(t0.c0) THEN ((t0.c0)LIKE(t0.c0)) END;
SELECT SUM(count) FROM (SELECT ALL (((((NOT (t0.c0))) IS TRUE)) IS TRUE)  as count FROM t0 ORDER BY (t0.c0 COLLATE NOCASE IN ()), CASE WHEN json_valid(t0.c0) THEN ((t0.c0)LIKE(t0.c0)) END);
SELECT COUNT(*) FROM t0, vt1 WHERE ((+ ((~ (t0.c0))))) ORDER BY t0.c0 COLLATE RTRIM DESC;
SELECT SUM(count) FROM (SELECT (((+ ((~ (t0.c0))))) IS TRUE)  as count FROM t0, vt1 ORDER BY t0.c0 COLLATE RTRIM DESC);
SELECT ALL * FROM vt1 WHERE (((((vt1.c0) IS TRUE)) IS TRUE)) ORDER BY CAST(0.8136209631978164 AS REAL) DESC  NULLS LAST;
SELECT SUM(count) FROM (SELECT ((((((vt1.c0) IS TRUE)) IS TRUE)) IS TRUE)  as count FROM vt1 ORDER BY CAST(0.8136209631978164 AS REAL) DESC  NULLS LAST);
SELECT ALL * FROM t0 WHERE (((((t0.c0)|(t0.c0))) IS FALSE));
SELECT SUM(count) FROM (SELECT ALL ((((((t0.c0)|(t0.c0))) IS FALSE)) IS TRUE)  as count FROM t0);
SELECT ALL * FROM t0 WHERE (((TRIM(t0.c0))>((((t0.c0))<((t0.c0))))));
SELECT SUM(count) FROM (SELECT ((((TRIM(t0.c0))>((((t0.c0))<((t0.c0)))))) IS TRUE)  as count FROM t0);
SELECT ALL COUNT(*) FROM t0, vt1 WHERE (CASE WHEN (t0.c0 IN (vt1.c0)) THEN QUOTE(t0.c0) END);
SELECT SUM(count) FROM (SELECT ALL ((CASE WHEN (t0.c0 IN (vt1.c0)) THEN QUOTE(t0.c0) END) IS TRUE)  as count FROM t0, vt1);
SELECT ALL * FROM t0, vt1 WHERE (vt1.c0 COLLATE RTRIM);
SELECT SUM(count) FROM (SELECT ALL ((vt1.c0 COLLATE RTRIM) IS TRUE)  as count FROM t0, vt1);
SELECT ALL * FROM t0 WHERE (((t0.c0)<>(t0.c0 COLLATE NOCASE)));
SELECT SUM(count) FROM (SELECT ALL ((((t0.c0)!=(t0.c0 COLLATE NOCASE))) IS TRUE)  as count FROM t0);
SELECT COUNT(*) FROM t0 WHERE (((CASE t0.c0  WHEN t0.c0 THEN '-1702552021' END) NOT BETWEEN (CASE t0.c0  WHEN t0.c0 THEN 0.31728974453524506 ELSE t0.c0 END) AND ((t0.c0 IN ()))));
SELECT SUM(count) FROM (SELECT ((((CASE t0.c0  WHEN t0.c0 THEN '-1702552021' END) NOT BETWEEN (CASE t0.c0  WHEN t0.c0 THEN 0.31728974453524506 ELSE t0.c0 END) AND ((t0.c0 IN ())))) IS TRUE)  as count FROM t0);
SELECT ALL COUNT(*) FROM vt1, t0 WHERE (((((t0.c0)OR('853695877')))OR(((t0.c0) IS FALSE)))) ORDER BY (NOT (CASE WHEN t0.c0 THEN t0.c0 ELSE t0.c0 END)) DESC;
SELECT SUM(count) FROM (SELECT ((((((t0.c0)OR('853695877')))OR(((t0.c0) IS FALSE)))) IS TRUE)  as count FROM vt1, t0 ORDER BY (NOT (CASE WHEN t0.c0 THEN t0.c0 ELSE t0.c0 END)) DESC);
SELECT ALL * FROM t0, vt1 WHERE (((vt1.c0) IS FALSE));
SELECT SUM(count) FROM (SELECT ALL ((((vt1.c0) IS FALSE)) IS TRUE)  as count FROM t0, vt1);
SELECT COUNT(*) FROM vt1 LEFT OUTER JOIN t0 ON LTRIM(((t0.c0) IS FALSE), ((vt1.c0) IS FALSE)) WHERE (((((t0.c0)>(vt1.c0))) NOTNULL)) ORDER BY CAST((NOT (t0.c0)) AS TEXT) ASC  NULLS LAST, (((((((vt1.c0)AND(vt1.c0)))OR(vt1.c0))))<(((~ (t0.c0))))) ASC;
SELECT SUM(count) FROM (SELECT ALL ((((((t0.c0)>(vt1.c0))) NOTNULL)) IS TRUE)  as count FROM vt1 LEFT OUTER JOIN t0 ON LTRIM(((t0.c0) IS FALSE), ((vt1.c0) IS FALSE)) ORDER BY CAST((NOT (t0.c0)) AS TEXT) ASC  NULLS LAST, (((((((vt1.c0)AND(vt1.c0)))OR(vt1.c0))))<(((~ (t0.c0))))) ASC);
SELECT COUNT(*) FROM vt1, t0 WHERE ((((vt1.c0)) BETWEEN ((((t0.c0)LIKE(t0.c0)))) AND (((((t0.c0)) NOT BETWEEN ((vt1.c0)) AND ((vt1.c0))))))) ORDER BY CAST(x'15d7' AS INTEGER)  NULLS LAST, (((((((t0.c0)OR(t0.c0)))OR(vt1.c0))))>((CAST(vt1.c0 AS NUMERIC)))) ASC;
SELECT SUM(count) FROM (SELECT (((((vt1.c0)) BETWEEN ((((t0.c0)LIKE(t0.c0)))) AND (((((t0.c0)) NOT BETWEEN ((vt1.c0)) AND ((vt1.c0))))))) IS TRUE)  as count FROM vt1, t0 ORDER BY CAST(x'15d7' AS INTEGER)  NULLS LAST, (((((((t0.c0)OR(t0.c0)))OR(vt1.c0))))>((CAST(vt1.c0 AS NUMERIC)))) ASC);
SELECT ALL COUNT(*) FROM t0 WHERE ((((t0.c0, t0.c0, t0.c0)) BETWEEN ((LOWER(t0.c0), CAST(t0.c0 AS BLOB), (NOT (t0.c0)))) AND ((CASE WHEN t0.c0 THEN -9.61055724E8 END, (('r23wL')=(t0.c0)), x'')))) ORDER BY ((((t0.c0)AND(((((t0.c0)AND(t0.c0)))AND(t0.c0)))))AND(t0.c0 COLLATE NOCASE)) DESC, t0.c0;
SELECT SUM(count) FROM (SELECT ALL (((((t0.c0, t0.c0, t0.c0)) BETWEEN ((LOWER(t0.c0), CAST(t0.c0 AS BLOB), (NOT (t0.c0)))) AND ((CASE WHEN t0.c0 THEN -9.61055724E8 END, (('r23wL')=(t0.c0)), x'')))) IS TRUE)  as count FROM t0 ORDER BY ((((t0.c0)AND(((((t0.c0)AND(t0.c0)))AND(t0.c0)))))AND(t0.c0 COLLATE NOCASE)) DESC, t0.c0);
SELECT ALL COUNT(*) FROM vt1 RIGHT OUTER JOIN t0 ON LAST_INSERT_ROWID() WHERE (t0.c0);
SELECT SUM(count) FROM (SELECT ALL ((t0.c0) IS TRUE)  as count FROM vt1 RIGHT OUTER JOIN t0 ON LAST_INSERT_ROWID());
SELECT COUNT(*) FROM vt1, t0 WHERE (IFNULL(((t0.c0)IS(t0.c0)), ((vt1.c0) NOT BETWEEN (t0.c0) AND (vt1.c0))));
SELECT SUM(count) FROM (SELECT ((IFNULL(((t0.c0)IS(t0.c0)), ((vt1.c0) NOT BETWEEN (t0.c0) AND (vt1.c0)))) IS TRUE)  as count FROM vt1, t0);
SELECT ALL COUNT(*) FROM t0, vt1 WHERE (((((t0.c0)<=(t0.c0))) NOTNULL)) ORDER BY ((((vt1.c0) BETWEEN (x'') AND (vt1.c0))) NOT BETWEEN (((t0.c0)/(vt1.c0))) AND (((t0.c0) IS TRUE)))  NULLS LAST;
SELECT SUM(count) FROM (SELECT ALL ((((((t0.c0)<=(t0.c0))) NOTNULL)) IS TRUE)  as count FROM t0, vt1 ORDER BY ((((vt1.c0) BETWEEN (x'') AND (vt1.c0))) NOT BETWEEN (((t0.c0)/(vt1.c0))) AND (((t0.c0) IS TRUE)))  NULLS LAST);
SELECT ALL * FROM vt1, t0 WHERE (NULL) ORDER BY ((CAST(t0.c0 AS NUMERIC)) NOTNULL) ASC;
SELECT SUM(count) FROM (SELECT ((NULL) IS TRUE)  as count FROM vt1, t0 ORDER BY ((CAST(t0.c0 AS NUMERIC)) NOTNULL) ASC);
SELECT * FROM vt1 WHERE ((json_insert(vt1.c0, vt1.c0, vt1.c0, vt1.c0, vt1.c0) IN ())) ORDER BY ((vt1.c0) BETWEEN (((0.4554327592951475) IS FALSE)) AND (((x'fe62') NOTNULL))) DESC;
SELECT SUM(count) FROM (SELECT (((json_insert(vt1.c0, vt1.c0, vt1.c0, vt1.c0, vt1.c0) IN ())) IS TRUE)  as count FROM vt1 ORDER BY ((vt1.c0) BETWEEN (((0.4554327592951475) IS FALSE)) AND (((x'fe62') NOTNULL))) DESC);
SELECT COUNT(*) FROM vt1 LEFT OUTER JOIN t0 ON COALESCE(DISTINCT vt1.c0 COLLATE NOCASE, '-1702552021', (+ (vt1.c0)), ((t0.c0)AND(vt1.c0))) WHERE (((t0.c0 IN ()) IN (((t0.c0)<<(vt1.c0)))));
SELECT SUM(count) FROM (SELECT ALL ((((t0.c0 IN ()) IN (((t0.c0)<<(vt1.c0))))) IS TRUE)  as count FROM vt1 LEFT OUTER JOIN t0 ON COALESCE(DISTINCT vt1.c0 COLLATE NOCASE, '-1702552021', (+ (vt1.c0)), ((t0.c0)AND(vt1.c0))));
SELECT ALL * FROM vt1, t0 WHERE (((((((vt1.c0)!=(vt1.c0)))AND('Z0Pxb2WU')))AND((t0.c0 IN (vt1.c0))))) ORDER BY ((((vt1.c0)+(t0.c0))) BETWEEN (((t0.c0)<=(t0.c0))) AND (((vt1.c0) NOT NULL))) DESC  NULLS FIRST;
SELECT SUM(count) FROM (SELECT ((((((((vt1.c0)<>(vt1.c0)))AND('Z0Pxb2WU')))AND((t0.c0 IN (vt1.c0))))) IS TRUE)  as count FROM vt1, t0 ORDER BY ((((vt1.c0)+(t0.c0))) BETWEEN (((t0.c0)<=(t0.c0))) AND (((vt1.c0) NOT NULL))) DESC  NULLS FIRST);
SELECT ALL * FROM t0 WHERE (x'');
SELECT SUM(count) FROM (SELECT ALL ((x'') IS TRUE)  as count FROM t0);
SELECT ALL * FROM vt1 LEFT OUTER JOIN t0 ON ((((t0.c0) BETWEEN (vt1.c0) AND (vt1.c0)))/(vt1.c0)) WHERE (IFNULL(DISTINCT CAST(vt1.c0 AS INTEGER), t0.c0));
SELECT SUM(count) FROM (SELECT ALL ((IFNULL(DISTINCT CAST(vt1.c0 AS INTEGER), t0.c0)) IS TRUE)  as count FROM vt1 LEFT OUTER JOIN t0 ON ((((t0.c0) BETWEEN (vt1.c0) AND (vt1.c0)))/(vt1.c0)));
SELECT * FROM vt1 WHERE (((((((((vt1.c0)OR(((vt1.c0)=(vt1.c0)))))OR(CASE vt1.c0  WHEN vt1.c0 THEN vt1.c0 WHEN vt1.c0 THEN vt1.c0 WHEN vt1.c0 THEN vt1.c0 WHEN vt1.c0 THEN vt1.c0 WHEN vt1.c0 THEN vt1.c0 ELSE vt1.c0 END)))OR(vt1.c0 COLLATE RTRIM)))AND(((vt1.c0)AND(vt1.c0)))));
SELECT SUM(count) FROM (SELECT ALL ((((((((((vt1.c0)OR(((vt1.c0)==(vt1.c0)))))OR(CASE vt1.c0  WHEN vt1.c0 THEN vt1.c0 WHEN vt1.c0 THEN vt1.c0 WHEN vt1.c0 THEN vt1.c0 WHEN vt1.c0 THEN vt1.c0 WHEN vt1.c0 THEN vt1.c0 ELSE vt1.c0 END)))OR(vt1.c0 COLLATE RTRIM)))AND(((vt1.c0)AND(vt1.c0))))) IS TRUE)  as count FROM vt1);
SELECT ALL COUNT(*) FROM vt1 WHERE ((((((vt1.c0)) NOT BETWEEN ((vt1.c0)) AND ((vt1.c0))))AND(vt1.c0 COLLATE RTRIM)));
SELECT SUM(count) FROM (SELECT (((((((vt1.c0)) NOT BETWEEN ((vt1.c0)) AND ((vt1.c0))))AND(vt1.c0 COLLATE RTRIM))) IS TRUE)  as count FROM vt1);
SELECT * FROM vt1 WHERE ((((((((((((((((vt1.c0, vt1.c0, vt1.c0)) BETWEEN (('729960922', vt1.c0, vt1.c0)) AND ((vt1.c0, vt1.c0, vt1.c0))))OR(((vt1.c0)GLOB('H+')))))AND(vt1.c0)))OR(vt1.c0)))OR(CAST(vt1.c0 AS BLOB))))AND((+ (NULL)))))OR(0.3009456065477194))) ORDER BY vt1.c0 ASC  NULLS FIRST;
SELECT SUM(count) FROM (SELECT ALL (((((((((((((((((vt1.c0, vt1.c0, vt1.c0)) BETWEEN (('729960922', vt1.c0, vt1.c0)) AND ((vt1.c0, vt1.c0, vt1.c0))))OR(((vt1.c0)GLOB('H+')))))AND(vt1.c0)))OR(vt1.c0)))OR(CAST(vt1.c0 AS BLOB))))AND((+ (NULL)))))OR(0.3009456065477194))) IS TRUE)  as count FROM vt1 ORDER BY vt1.c0 ASC  NULLS FIRST);
SELECT ALL COUNT(*) FROM vt1 NATURAL JOIN t0 WHERE (CASE WHEN RTRIM(vt1.c0) THEN ((vt1.c0)-(t0.c0)) WHEN CASE WHEN t0.c0 THEN t0.c0 WHEN t0.c0 THEN vt1.c0 WHEN vt1.c0 THEN vt1.c0 END THEN 0.36542450962807127 WHEN (vt1.c0 IN ()) THEN ((t0.c0)OR(vt1.c0)) ELSE CASE WHEN vt1.c0 THEN t0.c0 ELSE t0.c0 END END);
SELECT SUM(count) FROM (SELECT ALL ((CASE WHEN RTRIM(vt1.c0) THEN ((vt1.c0)-(t0.c0)) WHEN CASE WHEN t0.c0 THEN t0.c0 WHEN t0.c0 THEN vt1.c0 WHEN vt1.c0 THEN vt1.c0 END THEN 0.36542450962807127 WHEN (vt1.c0 IN ()) THEN ((t0.c0)OR(vt1.c0)) ELSE CASE WHEN vt1.c0 THEN t0.c0 ELSE t0.c0 END END) IS TRUE)  as count FROM vt1 NATURAL JOIN t0);
SELECT * FROM t0 WHERE (((CAST(t0.c0 AS INTEGER)) IS FALSE));
SELECT SUM(count) FROM (SELECT ((((CAST(t0.c0 AS INTEGER)) IS FALSE)) IS TRUE)  as count FROM t0);
SELECT ALL COUNT(*) FROM t0 WHERE ((((t0.c0)) BETWEEN ((CAST(NULL AS BLOB))) AND (((NOT (t0.c0)))))) ORDER BY ((QUOTE(t0.c0))OR(NULL)), ((((t0.c0) ISNULL)) ISNULL) DESC;
SELECT SUM(count) FROM (SELECT ALL (((((t0.c0)) BETWEEN ((CAST(NULL AS BLOB))) AND (((NOT (t0.c0)))))) IS TRUE)  as count FROM t0 ORDER BY ((QUOTE(t0.c0))OR(NULL)), ((((t0.c0) ISNULL)) ISNULL) DESC);
SELECT ALL * FROM t0, vt1 WHERE (((((t0.c0)IS(vt1.c0)))OR((((t0.c0, vt1.c0, vt1.c0))>=((vt1.c0, vt1.c0, vt1.c0))))));
SELECT SUM(count) FROM (SELECT ((((((t0.c0)IS(vt1.c0)))OR((((t0.c0, vt1.c0, vt1.c0))>=((vt1.c0, vt1.c0, vt1.c0)))))) IS TRUE)  as count FROM t0, vt1);
SELECT * FROM vt1, t0 WHERE (x'') ORDER BY (((vt1.c0))>((TIME(t0.c0, t0.c0, vt1.c0))));
SELECT SUM(count) FROM (SELECT ((x'') IS TRUE)  as count FROM vt1, t0 ORDER BY (((vt1.c0))>((TIME(t0.c0, t0.c0, vt1.c0)))));
SELECT * FROM t0, vt1 WHERE (CAST(((vt1.c0) ISNULL) AS BLOB)) ORDER BY CAST(t0.c0 COLLATE RTRIM AS INTEGER) ASC  NULLS LAST;
SELECT SUM(count) FROM (SELECT ((CAST(((vt1.c0) ISNULL) AS BLOB)) IS TRUE)  as count FROM t0, vt1 ORDER BY CAST(t0.c0 COLLATE RTRIM AS INTEGER) ASC  NULLS LAST);
SELECT ALL * FROM vt1 WHERE (((CASE WHEN vt1.c0 THEN x'1e291948' ELSE vt1.c0 END)%(COALESCE(DISTINCT vt1.c0, '1035456869')))) ORDER BY (CAST(vt1.c0 AS TEXT) IN ()) DESC  NULLS FIRST;
SELECT SUM(count) FROM (SELECT ((((CASE WHEN vt1.c0 THEN x'1e291948' ELSE vt1.c0 END)%(COALESCE(DISTINCT vt1.c0, '1035456869')))) IS TRUE)  as count FROM vt1 ORDER BY (CAST(vt1.c0 AS TEXT) IN ()) DESC  NULLS FIRST);
SELECT ALL COUNT(*) FROM vt1 LEFT OUTER JOIN t0 ON ((vt1.c0 COLLATE RTRIM)IS NOT(vt1.c0 COLLATE RTRIM)) WHERE (t0.c0 COLLATE RTRIM) ORDER BY ((((((((((vt1.c0)OR(t0.c0)))AND(vt1.c0)))AND(t0.c0)))OR(vt1.c0))) NOT BETWEEN (NULL COLLATE NOCASE) AND (CASE WHEN vt1.c0 THEN vt1.c0 ELSE t0.c0 END))  NULLS FIRST;
SELECT SUM(count) FROM (SELECT ALL ((t0.c0 COLLATE RTRIM) IS TRUE)  as count FROM vt1 LEFT OUTER JOIN t0 ON ((vt1.c0 COLLATE RTRIM)IS NOT(vt1.c0 COLLATE RTRIM)) ORDER BY ((((((((((vt1.c0)OR(t0.c0)))AND(vt1.c0)))AND(t0.c0)))OR(vt1.c0))) NOT BETWEEN (NULL COLLATE NOCASE) AND (CASE WHEN vt1.c0 THEN vt1.c0 ELSE t0.c0 END))  NULLS FIRST);
SELECT COUNT(*) FROM vt1, t0 WHERE ((NOT (((x'87e7') BETWEEN (t0.c0) AND (vt1.c0))))) ORDER BY (((((((((t0.c0)OR(vt1.c0)))AND(t0.c0)))OR(t0.c0)))AND(vt1.c0)) IN ())  NULLS LAST;
SELECT SUM(count) FROM (SELECT (((NOT (((x'87e7') BETWEEN (t0.c0) AND (vt1.c0))))) IS TRUE)  as count FROM vt1, t0 ORDER BY (((((((((t0.c0)OR(vt1.c0)))AND(t0.c0)))OR(t0.c0)))AND(vt1.c0)) IN ())  NULLS LAST);
SELECT COUNT(*) FROM vt1, t0 WHERE (CAST(CASE WHEN vt1.c0 THEN t0.c0 WHEN vt1.c0 THEN x'' WHEN -1.475894835E9 THEN vt1.c0 END AS TEXT));
SELECT SUM(count) FROM (SELECT ALL ((CAST(CASE WHEN vt1.c0 THEN t0.c0 WHEN vt1.c0 THEN x'' WHEN -1.475894835E9 THEN vt1.c0 END AS TEXT)) IS TRUE)  as count FROM vt1, t0);
SELECT * FROM vt1 WHERE ((vt1.c0 COLLATE NOCASE IN ()));
SELECT SUM(count) FROM (SELECT (((vt1.c0 COLLATE NOCASE IN ())) IS TRUE)  as count FROM vt1);
SELECT ALL COUNT(*) FROM vt1, t0 WHERE (((((t0.c0) BETWEEN (0.18467606720708651) AND (vt1.c0))) IS FALSE));
SELECT SUM(count) FROM (SELECT ALL ((((((t0.c0) BETWEEN (0.18467606720708651) AND (vt1.c0))) IS FALSE)) IS TRUE)  as count FROM vt1, t0);
SELECT * FROM vt1 WHERE ((('-75531365')IS NOT((((('1546992167')AND(vt1.c0)))OR(vt1.c0)))));
SELECT SUM(count) FROM (SELECT (((('-75531365')IS NOT((((('1546992167')AND(vt1.c0)))OR(vt1.c0))))) IS TRUE)  as count FROM vt1);
SELECT ALL * FROM t0 CROSS JOIN vt1 ON ((((((((CASE t0.c0  WHEN NULL THEN vt1.c0 WHEN t0.c0 THEN t0.c0 WHEN t0.c0 THEN vt1.c0 END)OR(NULL)))AND(UNLIKELY(DISTINCT vt1.c0))))AND(IFNULL(0.31344896601164296, 0.6341906217494254))))AND(TYPEOF(DISTINCT vt1.c0))) WHERE (((((t0.c0 IN ())))<((((((((((vt1.c0)OR(vt1.c0)))AND(vt1.c0)))AND(t0.c0)))OR(t0.c0)))))) ORDER BY (((((t0.c0)) NOT BETWEEN ((vt1.c0)) AND ((t0.c0)))) BETWEEN (((0.8136209631978164) NOT BETWEEN (vt1.c0) AND (vt1.c0))) AND (((t0.c0) BETWEEN (vt1.c0) AND (vt1.c0)))) ASC, (((t0.c0 IN ())) IS FALSE) ASC  NULLS LAST;
SELECT SUM(count) FROM (SELECT ALL ((((((t0.c0 IN ())))<((((((((((vt1.c0)OR(vt1.c0)))AND(vt1.c0)))AND(t0.c0)))OR(t0.c0)))))) IS TRUE)  as count FROM t0 CROSS JOIN vt1 ON ((((((((CASE t0.c0  WHEN NULL THEN vt1.c0 WHEN t0.c0 THEN t0.c0 WHEN t0.c0 THEN vt1.c0 END)OR(NULL)))AND(UNLIKELY(DISTINCT vt1.c0))))AND(IFNULL(0.31344896601164296, 0.6341906217494254))))AND(TYPEOF(DISTINCT vt1.c0))) ORDER BY (((((t0.c0)) NOT BETWEEN ((vt1.c0)) AND ((t0.c0)))) BETWEEN (((0.8136209631978164) NOT BETWEEN (vt1.c0) AND (vt1.c0))) AND (((t0.c0) BETWEEN (vt1.c0) AND (vt1.c0)))) ASC, (((t0.c0 IN ())) IS FALSE) ASC  NULLS LAST);
SELECT COUNT(*) FROM vt1, t0 WHERE (((((((x'5cd8') BETWEEN (t0.c0) AND (vt1.c0)))AND(CAST(t0.c0 AS INTEGER))))OR((((vt1.c0, t0.c0, vt1.c0)) BETWEEN ((t0.c0, vt1.c0, vt1.c0)) AND ((vt1.c0, t0.c0, 0.6913270334300028))))));
SELECT SUM(count) FROM (SELECT ALL ((((((((x'5cd8') BETWEEN (t0.c0) AND (vt1.c0)))AND(CAST(t0.c0 AS INTEGER))))OR((((vt1.c0, t0.c0, vt1.c0)) BETWEEN ((t0.c0, vt1.c0, vt1.c0)) AND ((vt1.c0, t0.c0, 0.6913270334300028)))))) IS TRUE)  as count FROM vt1, t0);
SELECT COUNT(*) FROM vt1 WHERE (CASE (- (vt1.c0))  WHEN vt1.c0 THEN (vt1.c0 IN ()) END);
SELECT SUM(count) FROM (SELECT ALL ((CASE (- (vt1.c0))  WHEN vt1.c0 THEN (vt1.c0 IN ()) END) IS TRUE)  as count FROM vt1);
SELECT ALL COUNT(*) FROM vt1, t0 WHERE (CAST(json_object(vt1.c0, vt1.c0) AS INTEGER)) ORDER BY ((- (t0.c0)) IN ()), ((((((t0.c0) IS TRUE))AND((~ (t0.c0)))))OR(CAST(t0.c0 AS TEXT)));
SELECT SUM(count) FROM (SELECT ALL ((CAST(json_object(vt1.c0, vt1.c0) AS INTEGER)) IS TRUE)  as count FROM vt1, t0 ORDER BY ((- (t0.c0)) IN ()), ((((((t0.c0) IS TRUE))AND((~ (t0.c0)))))OR(CAST(t0.c0 AS TEXT))));
SELECT COUNT(*) FROM t0, vt1 WHERE (((((((((((((((vt1.c0) ISNULL))OR((~ (t0.c0)))))OR(t0.c0 COLLATE NOCASE)))OR(((NULL) NOT NULL))))OR(CAST(vt1.c0 AS TEXT))))AND((- (vt1.c0)))))AND(((t0.c0) NOT BETWEEN (vt1.c0) AND (vt1.c0)))));
SELECT SUM(count) FROM (SELECT ((((((((((((((((vt1.c0) ISNULL))OR((~ (t0.c0)))))OR(t0.c0 COLLATE NOCASE)))OR(((NULL) NOT NULL))))OR(CAST(vt1.c0 AS TEXT))))AND((- (vt1.c0)))))AND(((t0.c0) NOT BETWEEN (vt1.c0) AND (vt1.c0))))) IS TRUE)  as count FROM t0, vt1);
SELECT * FROM vt1 WHERE (UNLIKELY(DISTINCT CASE vt1.c0  WHEN vt1.c0 THEN vt1.c0 WHEN vt1.c0 THEN vt1.c0 WHEN vt1.c0 THEN vt1.c0 ELSE vt1.c0 END)) ORDER BY ((0.08436610893115148)IS NOT(vt1.c0 COLLATE BINARY)) DESC  NULLS LAST;
SELECT SUM(count) FROM (SELECT ((UNLIKELY(DISTINCT CASE vt1.c0  WHEN vt1.c0 THEN vt1.c0 WHEN vt1.c0 THEN vt1.c0 WHEN vt1.c0 THEN vt1.c0 ELSE vt1.c0 END)) IS TRUE)  as count FROM vt1 ORDER BY ((0.08436610893115148)IS NOT(vt1.c0 COLLATE BINARY)) DESC  NULLS LAST);
SELECT * FROM t0 NOT INDEXED WHERE (CAST(CASE t0.c0  WHEN t0.c0 THEN t0.c0 END AS TEXT)) ORDER BY CASE WHEN ('{+' IN ()) THEN COALESCE(t0.c0, t0.c0) ELSE ((t0.c0)IS(t0.c0)) END;
SELECT SUM(count) FROM (SELECT ALL ((CAST(CASE t0.c0  WHEN t0.c0 THEN t0.c0 END AS TEXT)) IS TRUE)  as count FROM t0 ORDER BY CASE WHEN ('{+' IN ()) THEN COALESCE(t0.c0, t0.c0) ELSE ((t0.c0)IS(t0.c0)) END);
SELECT ALL * FROM t0, vt1 NOT INDEXED WHERE ((((t0.c0))<((CASE WHEN vt1.c0 THEN t0.c0 ELSE vt1.c0 END)))) ORDER BY ((((t0.c0)AND(vt1.c0)))OR(vt1.c0)) COLLATE BINARY ASC  NULLS LAST, ((((vt1.c0)>>('!wJ'))) IS TRUE);
SELECT SUM(count) FROM (SELECT ALL (((((t0.c0))<((CASE WHEN vt1.c0 THEN t0.c0 ELSE vt1.c0 END)))) IS TRUE)  as count FROM t0, vt1 ORDER BY ((((t0.c0)AND(vt1.c0)))OR(vt1.c0)) COLLATE BINARY ASC  NULLS LAST, ((((vt1.c0)>>('!wJ'))) IS TRUE));
SELECT ALL * FROM t0 WHERE ('-1659020852');
SELECT SUM(count) FROM (SELECT (('-1659020852') IS TRUE)  as count FROM t0);
SELECT COUNT(*) FROM vt1 WHERE (CAST((+ (vt1.c0)) AS NUMERIC)) ORDER BY ((((vt1.c0) IS TRUE))*(TYPEOF(DISTINCT vt1.c0)))  NULLS LAST, (((((((((((vt1.c0, vt1.c0, vt1.c0)) NOT BETWEEN ((vt1.c0, vt1.c0, vt1.c0)) AND ((vt1.c0, vt1.c0, vt1.c0))))AND(((vt1.c0)<(vt1.c0)))))AND(LTRIM(NULL, vt1.c0))))OR((((vt1.c0, vt1.c0, x'', vt1.c0, vt1.c0))<((vt1.c0, vt1.c0, vt1.c0, vt1.c0, vt1.c0))))))OR(((vt1.c0) NOTNULL)))  NULLS LAST;
SELECT SUM(count) FROM (SELECT ((CAST((+ (vt1.c0)) AS NUMERIC)) IS TRUE)  as count FROM vt1 ORDER BY ((((vt1.c0) IS TRUE))*(TYPEOF(DISTINCT vt1.c0)))  NULLS LAST, (((((((((((vt1.c0, vt1.c0, vt1.c0)) NOT BETWEEN ((vt1.c0, vt1.c0, vt1.c0)) AND ((vt1.c0, vt1.c0, vt1.c0))))AND(((vt1.c0)<(vt1.c0)))))AND(LTRIM(NULL, vt1.c0))))OR((((vt1.c0, vt1.c0, x'', vt1.c0, vt1.c0))<((vt1.c0, vt1.c0, vt1.c0, vt1.c0, vt1.c0))))))OR(((vt1.c0) NOTNULL)))  NULLS LAST);
SELECT ALL * FROM vt1, t0 WHERE (((((((((vt1.c0 COLLATE NOCASE)AND(CAST(vt1.c0 AS TEXT))))OR(CASE WHEN vt1.c0 THEN t0.c0 ELSE vt1.c0 END)))OR((~ (t0.c0)))))OR(LIKELY(DISTINCT t0.c0)))) ORDER BY (- (((((((((t0.c0)OR(t0.c0)))OR(t0.c0)))AND(t0.c0)))OR(t0.c0))))  NULLS LAST;
SELECT SUM(count) FROM (SELECT ((((((((((vt1.c0 COLLATE NOCASE)AND(CAST(vt1.c0 AS TEXT))))OR(CASE WHEN vt1.c0 THEN t0.c0 ELSE vt1.c0 END)))OR((~ (t0.c0)))))OR(LIKELY(DISTINCT t0.c0)))) IS TRUE)  as count FROM vt1, t0 ORDER BY (- (((((((((t0.c0)OR(t0.c0)))OR(t0.c0)))AND(t0.c0)))OR(t0.c0))))  NULLS LAST);
SELECT ALL * FROM vt1 WHERE (((((((vt1.c0)OR(vt1.c0)))OR(vt1.c0))) NOTNULL));
SELECT SUM(count) FROM (SELECT ALL ((((((((vt1.c0)OR(vt1.c0)))OR(vt1.c0))) NOTNULL)) IS TRUE)  as count FROM vt1);
SELECT ALL COUNT(*) FROM t0 WHERE ((((~ (t0.c0))) IS TRUE)) ORDER BY ((((t0.c0) BETWEEN ('-5481342588188525235 1454:212--7686286138518436398:-2741948597638101869T') AND (t0.c0))) BETWEEN (((t0.c0)%(t0.c0))) AND (((0.21688162727614024)AND(t0.c0)))) DESC  NULLS LAST, ((((t0.c0 IN ())))<=(((t0.c0 IN ()))))  NULLS LAST, CASE WHEN '250222835' COLLATE RTRIM THEN ((t0.c0) IS TRUE) END ASC;
SELECT SUM(count) FROM (SELECT ALL (((((~ (t0.c0))) IS TRUE)) IS TRUE)  as count FROM t0 ORDER BY ((((t0.c0) BETWEEN ('-5481342588188525235 1454:212--7686286138518436398:-2741948597638101869T') AND (t0.c0))) BETWEEN (((t0.c0)%(t0.c0))) AND (((0.21688162727614024)AND(t0.c0)))) DESC  NULLS LAST, ((((t0.c0 IN ())))<=(((t0.c0 IN ()))))  NULLS LAST, CASE WHEN '250222835' COLLATE RTRIM THEN ((t0.c0) IS TRUE) END ASC);
SELECT COUNT(*) FROM t0 WHERE ('姌8裪O8r0\+') ORDER BY CASE ((t0.c0) IS FALSE)  WHEN (NULL IN ()) THEN t0.c0 COLLATE RTRIM END DESC, ((((t0.c0) IS TRUE))*(((t0.c0)-(t0.c0)))) ASC  NULLS FIRST;
SELECT SUM(count) FROM (SELECT ALL (('姌8裪O8r0\+') IS TRUE)  as count FROM t0 ORDER BY CASE ((t0.c0) IS FALSE)  WHEN (NULL IN ()) THEN t0.c0 COLLATE RTRIM END DESC, ((((t0.c0) IS TRUE))*(((t0.c0)-(t0.c0)))) ASC  NULLS FIRST);
SELECT ALL COUNT(*) FROM t0, vt1 WHERE (((UPPER(t0.c0))<=(((((vt1.c0)OR(t0.c0)))AND(vt1.c0)))));
SELECT SUM(count) FROM (SELECT ((((UPPER(t0.c0))<=(((((vt1.c0)OR(t0.c0)))AND(vt1.c0))))) IS TRUE)  as count FROM t0, vt1);
SELECT ALL * FROM vt1 WHERE ((('0.890891678105703')IS(CAST(vt1.c0 AS INTEGER)))) ORDER BY ((vt1.c0 COLLATE BINARY) IS TRUE)  NULLS FIRST;
SELECT SUM(count) FROM (SELECT ALL (((('0.890891678105703')IS(CAST(vt1.c0 AS INTEGER)))) IS TRUE)  as count FROM vt1 ORDER BY ((vt1.c0 COLLATE BINARY) IS TRUE)  NULLS FIRST);
SELECT ALL COUNT(*) FROM t0 WHERE ((('1035456869')-((~ (t0.c0))))) ORDER BY (((t0.c0 IN ())) ISNULL) ASC, ((((t0.c0)<>(t0.c0)))IS NOT((- (t0.c0)))) DESC  NULLS LAST;
SELECT SUM(count) FROM (SELECT ALL (((('1035456869')-((~ (t0.c0))))) IS TRUE)  as count FROM t0 ORDER BY (((t0.c0 IN ())) ISNULL) ASC, ((((t0.c0)!=(t0.c0)))IS NOT((- (t0.c0)))) DESC  NULLS LAST);
SELECT ALL COUNT(*) FROM vt1 CROSS JOIN t0 ON ((((((((vt1.c0)OR(t0.c0)))OR(vt1.c0)))OR(((vt1.c0) NOT BETWEEN (vt1.c0) AND ('-95334354')))))AND('214683408')) WHERE (CASE WHEN (('-290809222') IS TRUE) THEN vt1.c0 COLLATE BINARY ELSE (0xffffffffd4e934e6 IN (t0.c0)) END);
SELECT SUM(count) FROM (SELECT ((CASE WHEN (('-290809222') IS TRUE) THEN vt1.c0 COLLATE BINARY ELSE (0Xffffffffd4e934e6 IN (t0.c0)) END) IS TRUE)  as count FROM vt1 CROSS JOIN t0 ON ((((((((vt1.c0)OR(t0.c0)))OR(vt1.c0)))OR(((vt1.c0) NOT BETWEEN (vt1.c0) AND ('-95334354')))))AND('214683408')));
SELECT ALL * FROM t0, vt1 WHERE ((- (vt1.c0))) ORDER BY ((TYPEOF(t0.c0))IS NOT(((NULL)AND(vt1.c0)))) ASC;
SELECT SUM(count) FROM (SELECT (((- (vt1.c0))) IS TRUE)  as count FROM t0, vt1 ORDER BY ((TYPEOF(t0.c0))IS NOT(((NULL)AND(vt1.c0)))) ASC);
SELECT ALL COUNT(*) FROM t0 WHERE (CASE (t0.c0 IN (t0.c0, t0.c0))  WHEN (t0.c0 IN (t0.c0)) THEN (((t0.c0))>((t0.c0))) ELSE (t0.c0 IN ()) END);
SELECT SUM(count) FROM (SELECT ALL ((CASE (t0.c0 IN (t0.c0, t0.c0))  WHEN (t0.c0 IN (t0.c0)) THEN (((t0.c0))>((t0.c0))) ELSE (t0.c0 IN ()) END) IS TRUE)  as count FROM t0);
SELECT ALL COUNT(*) FROM vt1 WHERE (((vt1.c0 COLLATE BINARY) NOTNULL)) ORDER BY 0.7202273093707454, COALESCE(((vt1.c0) NOT NULL), HEX(vt1.c0)) DESC  NULLS FIRST;
SELECT SUM(count) FROM (SELECT ALL ((((vt1.c0 COLLATE BINARY) NOTNULL)) IS TRUE)  as count FROM vt1 ORDER BY 0.7202273093707454, COALESCE(((vt1.c0) NOT NULL), HEX(vt1.c0)) DESC  NULLS FIRST);
SELECT ALL * FROM vt1 WHERE (((((vt1.c0)) BETWEEN ((vt1.c0)) AND ((vt1.c0))) IN (((vt1.c0) BETWEEN (x'') AND ('9yrNH㡪monthsᣰ')), CAST(vt1.c0 AS INTEGER))));
SELECT SUM(count) FROM (SELECT ALL ((((((vt1.c0)) BETWEEN ((vt1.c0)) AND ((vt1.c0))) IN (((vt1.c0) BETWEEN (x'') AND ('9yrNH㡪monthsᣰ')), CAST(vt1.c0 AS INTEGER)))) IS TRUE)  as count FROM vt1);
SELECT COUNT(*) FROM t0 WHERE (((CASE t0.c0  WHEN t0.c0 THEN x'' END)&((((t0.c0)) BETWEEN ((t0.c0)) AND ((t0.c0)))))) ORDER BY (((x'')) BETWEEN (((t0.c0 IN ('2116704423')))) AND ((t0.c0 COLLATE RTRIM))) ASC  NULLS FIRST;
SELECT SUM(count) FROM (SELECT ALL ((((CASE t0.c0  WHEN t0.c0 THEN x'' END)&((((t0.c0)) BETWEEN ((t0.c0)) AND ((t0.c0)))))) IS TRUE)  as count FROM t0 ORDER BY (((x'')) BETWEEN (((t0.c0 IN ('2116704423')))) AND ((t0.c0 COLLATE RTRIM))) ASC  NULLS FIRST);
SELECT ALL * FROM t0, vt1 WHERE (((vt1.c0)||(((vt1.c0) NOT BETWEEN (vt1.c0) AND (x'')))));
SELECT SUM(count) FROM (SELECT ALL ((((vt1.c0)||(((vt1.c0) NOT BETWEEN (vt1.c0) AND (x''))))) IS TRUE)  as count FROM t0, vt1);
SELECT ALL * FROM vt1 WHERE (((((((vt1.c0)OR(vt1.c0)))AND(vt1.c0)))>((1959597751 IN ())))) ORDER BY (((((vt1.c0)LIKE(vt1.c0))))<>((PRINTF(vt1.c0, vt1.c0, vt1.c0)))) DESC  NULLS FIRST;
SELECT SUM(count) FROM (SELECT ((((((((vt1.c0)OR(vt1.c0)))AND(vt1.c0)))>((1959597751 IN ())))) IS TRUE)  as count FROM vt1 ORDER BY (((((vt1.c0)LIKE(vt1.c0))))!=((PRINTF(vt1.c0, vt1.c0, vt1.c0)))) DESC  NULLS FIRST);
SELECT * FROM t0 INNER JOIN vt1 ON CAST(((vt1.c0) BETWEEN (vt1.c0) AND (vt1.c0)) AS NUMERIC) WHERE (CAST(0x7e2a58a7 AS NUMERIC)) ORDER BY TRIM(DISTINCT t0.c0 COLLATE BINARY) DESC  NULLS LAST;
SELECT SUM(count) FROM (SELECT ((CAST(0x7e2a58a7 AS NUMERIC)) IS TRUE)  as count FROM t0 INNER JOIN vt1 ON CAST(((vt1.c0) BETWEEN (vt1.c0) AND (vt1.c0)) AS NUMERIC) ORDER BY TRIM(DISTINCT t0.c0 COLLATE BINARY) DESC  NULLS LAST);
SELECT ALL COUNT(*) FROM vt1, t0 WHERE ((((((x'9753')IS NOT(vt1.c0))))>=((SUBSTR(vt1.c0, vt1.c0))))) ORDER BY (((((vt1.c0))=((vt1.c0)))) IS TRUE) DESC  NULLS LAST;
SELECT SUM(count) FROM (SELECT ALL (((((((x'9753')IS NOT(vt1.c0))))>=((SUBSTR(vt1.c0, vt1.c0))))) IS TRUE)  as count FROM vt1, t0 ORDER BY (((((vt1.c0))==((vt1.c0)))) IS TRUE) DESC  NULLS LAST);
SELECT * FROM vt1 WHERE (((((((vt1.c0)LIKE(vt1.c0)))OR(TRIM(vt1.c0))))OR(((vt1.c0)|('')))));
SELECT SUM(count) FROM (SELECT ((((((((vt1.c0)LIKE(vt1.c0)))OR(TRIM(vt1.c0))))OR(((vt1.c0)|(''))))) IS TRUE)  as count FROM vt1);
SELECT ALL * FROM t0 WHERE (CASE WHEN t0.c0 THEN ((t0.c0)+(t0.c0)) WHEN '-987840497' THEN NULL WHEN (((t0.c0))<=((t0.c0))) THEN ((t0.c0) NOT BETWEEN (t0.c0) AND (t0.c0)) END);
SELECT SUM(count) FROM (SELECT ((CASE WHEN t0.c0 THEN ((t0.c0)+(t0.c0)) WHEN '-987840497' THEN NULL WHEN (((t0.c0))<=((t0.c0))) THEN ((t0.c0) NOT BETWEEN (t0.c0) AND (t0.c0)) END) IS TRUE)  as count FROM t0);
SELECT ALL * FROM vt1 WHERE (CAST(vt1.c0 COLLATE RTRIM AS TEXT));
SELECT SUM(count) FROM (SELECT ALL ((CAST(vt1.c0 COLLATE RTRIM AS TEXT)) IS TRUE)  as count FROM vt1);
SELECT * FROM t0, vt1 WHERE (0.6625862479713573);
SELECT SUM(count) FROM (SELECT ALL ((0.6625862479713573) IS TRUE)  as count FROM t0, vt1);
SELECT * FROM t0, vt1 INDEXED BY i82 WHERE ((((((vt1.c0)) NOT BETWEEN ((t0.c0)) AND ((vt1.c0))))<=(-1308640110))) ORDER BY ((CAST(t0.c0 AS TEXT))!=(((t0.c0) IS TRUE)))  NULLS LAST;
SELECT SUM(count) FROM (SELECT ALL (((((((vt1.c0)) NOT BETWEEN ((t0.c0)) AND ((vt1.c0))))<=(-1308640110))) IS TRUE)  as count FROM t0, vt1 INDEXED BY i82 ORDER BY ((CAST(t0.c0 AS TEXT))!=(((t0.c0) IS TRUE)))  NULLS LAST);
SELECT * FROM vt1, t0 WHERE ((((t0.c0))<((((((vt1.c0)OR(vt1.c0)))AND(vt1.c0)))))) ORDER BY (((vt1.c0))<((vt1.c0))) COLLATE BINARY  NULLS FIRST;
SELECT SUM(count) FROM (SELECT ALL (((((t0.c0))<((((((vt1.c0)OR(vt1.c0)))AND(vt1.c0)))))) IS TRUE)  as count FROM vt1, t0 ORDER BY (((vt1.c0))<((vt1.c0))) COLLATE BINARY  NULLS FIRST);
SELECT COUNT(*) FROM t0 WHERE (CASE WHEN 0.36542450962807127 THEN ((t0.c0)IS NOT(t0.c0)) END) ORDER BY t0.c0, ((((t0.c0) BETWEEN (t0.c0) AND (t0.c0))) NOT BETWEEN (((t0.c0) BETWEEN (t0.c0) AND (t0.c0))) AND (CAST(0Xffffffffa68ae2ac AS REAL))) ASC, NULL DESC;
SELECT SUM(count) FROM (SELECT ((CASE WHEN 0.36542450962807127 THEN ((t0.c0)IS NOT(t0.c0)) END) IS TRUE)  as count FROM t0 ORDER BY t0.c0, ((((t0.c0) BETWEEN (t0.c0) AND (t0.c0))) NOT BETWEEN (((t0.c0) BETWEEN (t0.c0) AND (t0.c0))) AND (CAST(0xffffffffa68ae2ac AS REAL))) ASC, NULL DESC);
SELECT ALL * FROM t0, vt1 WHERE ((((- (t0.c0))) BETWEEN (((t0.c0)||(vt1.c0))) AND ((((vt1.c0, vt1.c0, vt1.c0))>=((t0.c0, t0.c0, vt1.c0))))));
SELECT SUM(count) FROM (SELECT (((((- (t0.c0))) BETWEEN (((t0.c0)||(vt1.c0))) AND ((((vt1.c0, vt1.c0, vt1.c0))>=((t0.c0, t0.c0, vt1.c0)))))) IS TRUE)  as count FROM t0, vt1);
SELECT ALL * FROM t0, vt1 WHERE ((t0.c0 COLLATE RTRIM IN ())) ORDER BY vt1.c0;
SELECT SUM(count) FROM (SELECT ALL (((t0.c0 COLLATE RTRIM IN ())) IS TRUE)  as count FROM t0, vt1 ORDER BY vt1.c0);
SELECT ALL COUNT(*) FROM t0 WHERE ((('-968640578') NOTNULL)) ORDER BY NULL DESC  NULLS LAST;
SELECT SUM(count) FROM (SELECT (((('-968640578') NOTNULL)) IS TRUE)  as count FROM t0 ORDER BY NULL DESC  NULLS LAST);
SELECT ALL * FROM vt1, t0 WHERE ((- (CASE WHEN NULL THEN vt1.c0 END)));
SELECT SUM(count) FROM (SELECT (((- (CASE WHEN NULL THEN vt1.c0 END))) IS TRUE)  as count FROM vt1, t0);
SELECT * FROM vt1 WHERE ((((vt1.c0 IN (vt1.c0))) NOTNULL));
SELECT SUM(count) FROM (SELECT ALL (((((vt1.c0 IN (vt1.c0))) NOTNULL)) IS TRUE)  as count FROM vt1);
SELECT COUNT(*) FROM vt1 WHERE (CASE WHEN CAST(vt1.c0 AS TEXT) THEN ((vt1.c0)>=(vt1.c0)) END) ORDER BY ((((((vt1.c0)AND(vt1.c0)))OR(vt1.c0)))+(highlight(vt1.c0, vt1.c0, vt1.c0, vt1.c0)));
SELECT SUM(count) FROM (SELECT ALL ((CASE WHEN CAST(vt1.c0 AS TEXT) THEN ((vt1.c0)>=(vt1.c0)) END) IS TRUE)  as count FROM vt1 ORDER BY ((((((vt1.c0)AND(vt1.c0)))OR(vt1.c0)))+(highlight(vt1.c0, vt1.c0, vt1.c0, vt1.c0))));
SELECT COUNT(*) FROM t0 INNER JOIN vt1 ON (NOT (((vt1.c0)AND(vt1.c0)))) WHERE ((((vt1.c0 IN ()))|(((vt1.c0) NOT BETWEEN (t0.c0) AND (vt1.c0)))));
SELECT SUM(count) FROM (SELECT ALL (((((vt1.c0 IN ()))|(((vt1.c0) NOT BETWEEN (t0.c0) AND (vt1.c0))))) IS TRUE)  as count FROM t0 INNER JOIN vt1 ON (NOT (((vt1.c0)AND(vt1.c0)))));
SELECT COUNT(*) FROM vt1 WHERE (CAST((vt1.c0 IN ()) AS TEXT)) ORDER BY CAST((vt1.c0 IN ()) AS INTEGER) ASC  NULLS FIRST;
SELECT SUM(count) FROM (SELECT ALL ((CAST((vt1.c0 IN ()) AS TEXT)) IS TRUE)  as count FROM vt1 ORDER BY CAST((vt1.c0 IN ()) AS INTEGER) ASC  NULLS FIRST);
SELECT ALL COUNT(*) FROM vt1, t0 WHERE ((+ (t0.c0)) COLLATE BINARY) ORDER BY ((vt1.c0 COLLATE NOCASE) IS FALSE) ASC  NULLS LAST;
SELECT SUM(count) FROM (SELECT (((+ (t0.c0)) COLLATE BINARY) IS TRUE)  as count FROM vt1, t0 ORDER BY ((vt1.c0 COLLATE NOCASE) IS FALSE) ASC  NULLS LAST);
SELECT ALL * FROM vt1 WHERE ((((vt1.c0)) BETWEEN (((vt1.c0 IN ()))) AND ((ROUND(vt1.c0, vt1.c0)))));
SELECT SUM(count) FROM (SELECT ALL (((((vt1.c0)) BETWEEN (((vt1.c0 IN ()))) AND ((ROUND(vt1.c0, vt1.c0))))) IS TRUE)  as count FROM vt1);
SELECT ALL * FROM t0, vt1 WHERE ((((NOT (t0.c0)))IS NOT(((t0.c0) NOTNULL))));
SELECT SUM(count) FROM (SELECT ALL (((((NOT (t0.c0)))IS NOT(((t0.c0) NOTNULL)))) IS TRUE)  as count FROM t0, vt1);
SELECT COUNT(*) FROM vt1 WHERE (DATETIME(((((vt1.c0)AND(0.03003876016740281)))OR(vt1.c0)), ('' IN ()), HEX(vt1.c0))) ORDER BY ((CASE WHEN vt1.c0 THEN vt1.c0 END)/(CASE WHEN vt1.c0 THEN vt1.c0 ELSE vt1.c0 END));
SELECT SUM(count) FROM (SELECT ((DATETIME(((((vt1.c0)AND(0.03003876016740281)))OR(vt1.c0)), ('' IN ()), HEX(vt1.c0))) IS TRUE)  as count FROM vt1 ORDER BY ((CASE WHEN vt1.c0 THEN vt1.c0 END)/(CASE WHEN vt1.c0 THEN vt1.c0 ELSE vt1.c0 END)));
SELECT * FROM vt1 NATURAL JOIN t0 WHERE (json_insert(((((t0.c0)OR(t0.c0)))AND(t0.c0)), CAST(t0.c0 AS REAL), ((0.2821901480465381) NOT BETWEEN (t0.c0) AND (vt1.c0)))) ORDER BY (((t0.c0))<=((((vt1.c0) NOT BETWEEN (t0.c0) AND (t0.c0))))) ASC  NULLS LAST;
SELECT SUM(count) FROM (SELECT ((json_insert(((((t0.c0)OR(t0.c0)))AND(t0.c0)), CAST(t0.c0 AS REAL), ((0.2821901480465381) NOT BETWEEN (t0.c0) AND (vt1.c0)))) IS TRUE)  as count FROM vt1 NATURAL JOIN t0 ORDER BY (((t0.c0))<=((((vt1.c0) NOT BETWEEN (t0.c0) AND (t0.c0))))) ASC  NULLS LAST);
SELECT COUNT(*) FROM t0, vt1 WHERE (((CASE WHEN t0.c0 THEN t0.c0 ELSE vt1.c0 END)|(CAST(0.31728974453524506 AS INTEGER))));
SELECT SUM(count) FROM (SELECT ((((CASE WHEN t0.c0 THEN t0.c0 ELSE vt1.c0 END)|(CAST(0.31728974453524506 AS INTEGER)))) IS TRUE)  as count FROM t0, vt1);
SELECT ALL * FROM t0, vt1 WHERE ((((t0.c0) NOT BETWEEN (t0.c0) AND ('-1702552021')) IN (((t0.c0)IS(t0.c0)))));
SELECT SUM(count) FROM (SELECT (((((t0.c0) NOT BETWEEN (t0.c0) AND ('-1702552021')) IN (((t0.c0)IS(t0.c0))))) IS TRUE)  as count FROM t0, vt1);
SELECT COUNT(*) FROM t0 WHERE ((~ (((t0.c0) BETWEEN (t0.c0) AND (t0.c0)))));
SELECT SUM(count) FROM (SELECT (((~ (((t0.c0) BETWEEN (t0.c0) AND (t0.c0))))) IS TRUE)  as count FROM t0);
SELECT COUNT(*) FROM t0 LEFT OUTER JOIN vt1 ON ((LOWER(vt1.c0)) IS FALSE) WHERE (((LOWER(t0.c0))<=(0.20742526009314743))) ORDER BY ((vt1.c0) ISNULL);
SELECT SUM(count) FROM (SELECT ALL ((((LOWER(t0.c0))<=(0.20742526009314743))) IS TRUE)  as count FROM t0 LEFT OUTER JOIN vt1 ON ((LOWER(vt1.c0)) IS FALSE) ORDER BY ((vt1.c0) ISNULL));
SELECT COUNT(*) FROM vt1 WHERE (vt1.c0);
SELECT SUM(count) FROM (SELECT ALL ((vt1.c0) IS TRUE)  as count FROM vt1);
SELECT COUNT(*) FROM t0, vt1 WHERE (((((t0.c0)%(vt1.c0))) IS FALSE)) ORDER BY ((CASE t0.c0  WHEN vt1.c0 THEN t0.c0 WHEN vt1.c0 THEN vt1.c0 WHEN t0.c0 THEN t0.c0 WHEN t0.c0 THEN t0.c0 WHEN vt1.c0 THEN vt1.c0 END) IS TRUE)  NULLS FIRST;
SELECT SUM(count) FROM (SELECT ((((((t0.c0)%(vt1.c0))) IS FALSE)) IS TRUE)  as count FROM t0, vt1 ORDER BY ((CASE t0.c0  WHEN vt1.c0 THEN t0.c0 WHEN vt1.c0 THEN vt1.c0 WHEN t0.c0 THEN t0.c0 WHEN t0.c0 THEN t0.c0 WHEN vt1.c0 THEN vt1.c0 END) IS TRUE)  NULLS FIRST);
SELECT ALL * FROM t0 WHERE ('%M\M');
SELECT SUM(count) FROM (SELECT (('%M\M') IS TRUE)  as count FROM t0 NOT INDEXED);
SELECT * FROM t0, vt1 WHERE ((~ (((2.093876103E9) NOT NULL))));
SELECT SUM(count) FROM (SELECT ALL (((~ (((2.093876103E9) NOT NULL)))) IS TRUE)  as count FROM t0, vt1);
SELECT ALL * FROM vt1 WHERE (CAST(UNLIKELY(DISTINCT vt1.c0) AS NUMERIC)) ORDER BY STRFTIME(vt1.c0, vt1.c0, vt1.c0) COLLATE RTRIM, vt1.c0;
SELECT SUM(count) FROM (SELECT ((CAST(UNLIKELY(DISTINCT vt1.c0) AS NUMERIC)) IS TRUE)  as count FROM vt1 ORDER BY STRFTIME(vt1.c0, vt1.c0, vt1.c0) COLLATE RTRIM, vt1.c0);
SELECT ALL COUNT(*) FROM vt1 WHERE ((- (((vt1.c0) NOT BETWEEN (vt1.c0) AND (vt1.c0)))));
SELECT SUM(count) FROM (SELECT ALL (((- (((vt1.c0) NOT BETWEEN (vt1.c0) AND (vt1.c0))))) IS TRUE)  as count FROM vt1);
SELECT COUNT(*) FROM t0 WHERE (((((((((0.6011857830818171 COLLATE NOCASE)AND(((t0.c0)AND(t0.c0)))))AND((((t0.c0)) BETWEEN ((t0.c0)) AND ((t0.c0))))))OR(x'')))AND(NULL)));
SELECT SUM(count) FROM (SELECT ((((((((((0.6011857830818171 COLLATE NOCASE)AND(((t0.c0)AND(t0.c0)))))AND((((t0.c0)) BETWEEN ((t0.c0)) AND ((t0.c0))))))OR(x'')))AND(NULL))) IS TRUE)  as count FROM t0);
SELECT * FROM t0 WHERE (CAST(((t0.c0) ISNULL) AS NUMERIC)) ORDER BY 0x45b05629 COLLATE NOCASE  NULLS LAST;
SELECT SUM(count) FROM (SELECT ((CAST(((t0.c0) ISNULL) AS NUMERIC)) IS TRUE)  as count FROM t0 ORDER BY 0X45b05629 COLLATE NOCASE  NULLS LAST);
SELECT COUNT(*) FROM t0, vt1 WHERE ((((t0.c0) NOT NULL) IN ())) ORDER BY CASE UPPER(t0.c0)  WHEN ((t0.c0)AND(t0.c0)) THEN ((t0.c0) ISNULL) WHEN ((t0.c0) BETWEEN (t0.c0) AND (t0.c0)) THEN ((((vt1.c0)OR(t0.c0)))OR(vt1.c0)) WHEN vt1.c0 THEN t0.c0 COLLATE BINARY END;
SELECT SUM(count) FROM (SELECT (((((t0.c0) NOT NULL) IN ())) IS TRUE)  as count FROM t0, vt1 ORDER BY CASE UPPER(t0.c0)  WHEN ((t0.c0)AND(t0.c0)) THEN ((t0.c0) ISNULL) WHEN ((t0.c0) BETWEEN (t0.c0) AND (t0.c0)) THEN ((((vt1.c0)OR(t0.c0)))OR(vt1.c0)) WHEN vt1.c0 THEN t0.c0 COLLATE BINARY END);
SELECT ALL COUNT(*) FROM t0 WHERE (TRIM(DISTINCT CASE WHEN t0.c0 THEN t0.c0 END)) ORDER BY ((((t0.c0)LIKE(t0.c0))) NOT BETWEEN ('-1308640110') AND (CASE t0.c0  WHEN t0.c0 THEN t0.c0 END)) DESC  NULLS FIRST, ((t0.c0 IN ()) IN ())  NULLS FIRST;
SELECT SUM(count) FROM (SELECT ((TRIM(DISTINCT CASE WHEN t0.c0 THEN t0.c0 END)) IS TRUE)  as count FROM t0 ORDER BY ((((t0.c0)LIKE(t0.c0))) NOT BETWEEN ('-1308640110') AND (CASE t0.c0  WHEN t0.c0 THEN t0.c0 END)) DESC  NULLS FIRST, ((t0.c0 IN ()) IN ())  NULLS FIRST);
SELECT ALL * FROM t0 RIGHT OUTER JOIN vt1 ON CAST(CAST(-1296922380 AS INTEGER) AS BLOB) WHERE ((((0.3009456065477194)) BETWEEN ((((vt1.c0)AND(t0.c0)))) AND ((CAST(t0.c0 AS INTEGER))))) ORDER BY (CAST(vt1.c0 AS NUMERIC) IN ()) ASC  NULLS FIRST;
SELECT SUM(count) FROM (SELECT ALL (((((0.3009456065477194)) BETWEEN ((((vt1.c0)AND(t0.c0)))) AND ((CAST(t0.c0 AS INTEGER))))) IS TRUE)  as count FROM t0 RIGHT OUTER JOIN vt1 ON CAST(CAST(-1296922380 AS INTEGER) AS BLOB) ORDER BY (CAST(vt1.c0 AS NUMERIC) IN ()) ASC  NULLS FIRST);
SELECT ALL * FROM t0, vt1 WHERE ((((+ (vt1.c0))) BETWEEN (((vt1.c0)||(NULL))) AND (NULL)));
SELECT SUM(count) FROM (SELECT ALL (((((+ (vt1.c0))) BETWEEN (((vt1.c0)||(NULL))) AND (NULL))) IS TRUE)  as count FROM t0, vt1);
SELECT ALL COUNT(*) FROM vt1 WHERE (vt1.c0);
SELECT SUM(count) FROM (SELECT ALL ((vt1.c0) IS TRUE)  as count FROM vt1);
SELECT * FROM t0 WHERE ((((((((((t0.c0)AND(t0.c0)))AND(t0.c0)))AND(NULL)))OR(t0.c0)) IN ())) ORDER BY ((0.9218071281578745)%(x'55c2')) DESC  NULLS FIRST;
SELECT SUM(count) FROM (SELECT (((((((((((t0.c0)AND(t0.c0)))AND(t0.c0)))AND(NULL)))OR(t0.c0)) IN ())) IS TRUE)  as count FROM t0 ORDER BY ((0.9218071281578745)%(x'55c2')) DESC  NULLS FIRST);
SELECT COUNT(*) FROM vt1 WHERE (CAST(vt1.c0 COLLATE BINARY AS INTEGER));
SELECT SUM(count) FROM (SELECT ((CAST(vt1.c0 COLLATE BINARY AS INTEGER)) IS TRUE)  as count FROM vt1);
SELECT ALL COUNT(*) FROM vt1 WHERE (CAST((- (vt1.c0)) AS BLOB)) ORDER BY (((CASE WHEN vt1.c0 THEN vt1.c0 WHEN 0.6273199014106629 THEN vt1.c0 WHEN vt1.c0 THEN vt1.c0 END))<((((vt1.c0)>>(vt1.c0)))))  NULLS LAST, (+ (((vt1.c0)>>(vt1.c0))))  NULLS LAST;
SELECT SUM(count) FROM (SELECT ((CAST((- (vt1.c0)) AS BLOB)) IS TRUE)  as count FROM vt1 ORDER BY (((CASE WHEN vt1.c0 THEN vt1.c0 WHEN 0.6273199014106629 THEN vt1.c0 WHEN vt1.c0 THEN vt1.c0 END))<((((vt1.c0)>>(vt1.c0)))))  NULLS LAST, (+ (((vt1.c0)>>(vt1.c0))))  NULLS LAST);
SELECT ALL * FROM vt1, t0 WHERE (((((vt1.c0) BETWEEN ('2093876103') AND (vt1.c0))) NOTNULL)) ORDER BY (+ (((t0.c0) BETWEEN (t0.c0) AND (vt1.c0))));
SELECT SUM(count) FROM (SELECT ((((((vt1.c0) BETWEEN ('2093876103') AND (vt1.c0))) NOTNULL)) IS TRUE)  as count FROM vt1, t0 ORDER BY (+ (((t0.c0) BETWEEN (t0.c0) AND (vt1.c0)))));
SELECT * FROM t0 NOT INDEXED WHERE (x'') ORDER BY ((((t0.c0)>>('Yo')))/('-471521355'))  NULLS LAST;
SELECT SUM(count) FROM (SELECT ALL ((x'') IS TRUE)  as count FROM t0 ORDER BY ((((t0.c0)>>('Yo')))/('-471521355'))  NULLS LAST);
SELECT * FROM vt1 WHERE (((vt1.c0) IS FALSE) COLLATE RTRIM COLLATE BINARY) ORDER BY CAST(UPPER(DISTINCT vt1.c0) AS INTEGER)  NULLS LAST;
SELECT SUM(count) FROM (SELECT ((((vt1.c0) IS FALSE) COLLATE RTRIM COLLATE BINARY) IS TRUE)  as count FROM vt1 ORDER BY CAST(UPPER(DISTINCT vt1.c0) AS INTEGER)  NULLS LAST);
SELECT COUNT(*) FROM t0, vt1 WHERE ((((0.4071660408516963))<>((((((vt1.c0)OR(vt1.c0)))OR(t0.c0))))));
SELECT SUM(count) FROM (SELECT ALL (((((0.4071660408516963))!=((((((vt1.c0)OR(vt1.c0)))OR(t0.c0)))))) IS TRUE)  as count FROM t0, vt1);
SELECT * FROM vt1 WHERE ((((((vt1.c0))!=((vt1.c0))))>=(((vt1.c0)=(vt1.c0)))));
SELECT SUM(count) FROM (SELECT (((((((vt1.c0))<>((vt1.c0))))>=(((vt1.c0)=(vt1.c0))))) IS TRUE)  as count FROM vt1);
SELECT * FROM vt1 WHERE (CAST(((NULL) NOT BETWEEN (vt1.c0) AND (vt1.c0)) AS REAL));
SELECT SUM(count) FROM (SELECT ((CAST(((NULL) NOT BETWEEN (vt1.c0) AND (vt1.c0)) AS REAL)) IS TRUE)  as count FROM vt1);
SELECT * FROM vt1, t0 WHERE (((((((t0.c0)<(t0.c0)))AND(((vt1.c0)<(vt1.c0)))))OR(t0.c0 COLLATE NOCASE))) ORDER BY MIN(x'', (((vt1.c0))>((t0.c0)))) DESC;
SELECT SUM(count) FROM (SELECT ALL ((((((((t0.c0)<(t0.c0)))AND(((vt1.c0)<(vt1.c0)))))OR(t0.c0 COLLATE NOCASE))) IS TRUE)  as count FROM vt1, t0 ORDER BY MIN(x'', (((vt1.c0))>((t0.c0)))) DESC);
SELECT ALL COUNT(*) FROM t0 WHERE (((((((t0.c0)OR(t0.c0)))OR(t0.c0)))<>('2116704423'))) ORDER BY ((((t0.c0)==(t0.c0)))%(((t0.c0)&(t0.c0)))), ((t0.c0)||(t0.c0)) COLLATE NOCASE;
SELECT SUM(count) FROM (SELECT ALL ((((((((t0.c0)OR(t0.c0)))OR(t0.c0)))!=('2116704423'))) IS TRUE)  as count FROM t0 ORDER BY ((((t0.c0)==(t0.c0)))%(((t0.c0)&(t0.c0)))), ((t0.c0)||(t0.c0)) COLLATE NOCASE);
SELECT COUNT(*) FROM t0, vt1 WHERE (CAST(((vt1.c0)>(vt1.c0)) AS BLOB));
SELECT SUM(count) FROM (SELECT ALL ((CAST(((vt1.c0)>(vt1.c0)) AS BLOB)) IS TRUE)  as count FROM t0, vt1);
SELECT ALL COUNT(*) FROM t0 WHERE (CAST(CAST(t0.c0 AS NUMERIC) AS INTEGER)) ORDER BY CASE ((0Xffffffff89e50194)>(t0.c0))  WHEN TIME(1951075553, t0.c0, x'6928') THEN (~ (x'')) END DESC;
SELECT SUM(count) FROM (SELECT ALL ((CAST(CAST(t0.c0 AS NUMERIC) AS INTEGER)) IS TRUE)  as count FROM t0 ORDER BY CASE ((0xffffffff89e50194)>(t0.c0))  WHEN TIME(1951075553, t0.c0, x'6928') THEN (~ (x'')) END DESC);
SELECT ALL * FROM t0, vt1 WHERE (vt1.c0);
SELECT SUM(count) FROM (SELECT ((vt1.c0) IS TRUE)  as count FROM t0, vt1);
SELECT ALL COUNT(*) FROM vt1 WHERE (LOWER(DISTINCT ((vt1.c0) NOTNULL))) ORDER BY (((vt1.c0)) BETWEEN ((((((vt1.c0)AND(vt1.c0)))AND(vt1.c0)))) AND (((- (vt1.c0))))) DESC  NULLS LAST;
SELECT SUM(count) FROM (SELECT ((LOWER(DISTINCT ((vt1.c0) NOTNULL))) IS TRUE)  as count FROM vt1 ORDER BY (((vt1.c0)) BETWEEN ((((((vt1.c0)AND(vt1.c0)))AND(vt1.c0)))) AND (((- (vt1.c0))))) DESC  NULLS LAST);
SELECT COUNT(*) FROM vt1 WHERE (((((CASE WHEN vt1.c0 THEN vt1.c0 END)OR(NULL)))OR(vt1.c0))) ORDER BY 0.20742526009314743  NULLS LAST, ((TRIM(vt1.c0)) IS TRUE);
SELECT SUM(count) FROM (SELECT ALL ((((((CASE WHEN vt1.c0 THEN vt1.c0 END)OR(NULL)))OR(vt1.c0))) IS TRUE)  as count FROM vt1 ORDER BY 0.20742526009314743  NULLS LAST, ((TRIM(vt1.c0)) IS TRUE));
SELECT ALL * FROM vt1, t0 WHERE ((((t0.c0)) BETWEEN (((((vt1.c0, t0.c0, vt1.c0))<>((vt1.c0, vt1.c0, t0.c0))))) AND (((((vt1.c0))>=((vt1.c0))))))) ORDER BY (((t0.c0 IN ())) NOTNULL) DESC  NULLS FIRST, json_extract(((t0.c0)OR(vt1.c0)), (((vt1.c0))<=((vt1.c0))))  NULLS LAST, (((((t0.c0) ISNULL)))<((((vt1.c0)<(vt1.c0)))))  NULLS FIRST;
SELECT SUM(count) FROM (SELECT (((((t0.c0)) BETWEEN (((((vt1.c0, t0.c0, vt1.c0))<>((vt1.c0, vt1.c0, t0.c0))))) AND (((((vt1.c0))>=((vt1.c0))))))) IS TRUE)  as count FROM vt1, t0 ORDER BY (((t0.c0 IN ())) NOTNULL) DESC  NULLS FIRST, json_extract(((t0.c0)OR(vt1.c0)), (((vt1.c0))<=((vt1.c0))))  NULLS LAST, (((((t0.c0) ISNULL)))<((((vt1.c0)<(vt1.c0)))))  NULLS FIRST);
SELECT COUNT(*) FROM t0, vt1 WHERE (((((((vt1.c0) NOTNULL))OR(CAST(t0.c0 AS INTEGER))))AND(CASE WHEN t0.c0 THEN '' END)));
SELECT SUM(count) FROM (SELECT ALL ((((((((vt1.c0) NOTNULL))OR(CAST(t0.c0 AS INTEGER))))AND(CASE WHEN t0.c0 THEN '' END))) IS TRUE)  as count FROM t0, vt1);
SELECT * FROM t0, vt1 WHERE (CAST((NULL IN ()) AS INTEGER));
SELECT SUM(count) FROM (SELECT ALL ((CAST((NULL IN ()) AS INTEGER)) IS TRUE)  as count FROM t0, vt1);
SELECT COUNT(*) FROM vt1, t0 WHERE ((((t0.c0)) BETWEEN ((t0.c0)) AND ((t0.c0))) COLLATE RTRIM) ORDER BY (((t0.c0)-(vt1.c0)) IN ()), (((((((vt1.c0)) NOT BETWEEN ((vt1.c0)) AND ((0.6011857830818171))))AND((NOT (vt1.c0)))))AND(((x'4418') IS TRUE)));
SELECT SUM(count) FROM (SELECT (((((t0.c0)) BETWEEN ((t0.c0)) AND ((t0.c0))) COLLATE RTRIM) IS TRUE)  as count FROM vt1, t0 ORDER BY (((t0.c0)-(vt1.c0)) IN ()), (((((((vt1.c0)) NOT BETWEEN ((vt1.c0)) AND ((0.6011857830818171))))AND((NOT (vt1.c0)))))AND(((x'4418') IS TRUE))));
SELECT ALL COUNT(*) FROM vt1, t0 WHERE (((t0.c0)=(NULL)));
SELECT SUM(count) FROM (SELECT ((((t0.c0)=(NULL))) IS TRUE)  as count FROM vt1, t0);
SELECT COUNT(*) FROM t0, vt1 WHERE (CASE TYPEOF(vt1.c0)  WHEN (t0.c0 IN ()) THEN ((vt1.c0)+(t0.c0)) ELSE ((vt1.c0)IS NOT(t0.c0)) END) ORDER BY (NOT (t0.c0)) COLLATE RTRIM, (CASE t0.c0  WHEN vt1.c0 THEN t0.c0 ELSE t0.c0 END IN (((vt1.c0)>(t0.c0)))) DESC;
SELECT SUM(count) FROM (SELECT ((CASE TYPEOF(vt1.c0)  WHEN (t0.c0 IN ()) THEN ((vt1.c0)+(t0.c0)) ELSE ((vt1.c0)IS NOT(t0.c0)) END) IS TRUE)  as count FROM t0, vt1 ORDER BY (NOT (t0.c0)) COLLATE RTRIM, (CASE t0.c0  WHEN vt1.c0 THEN t0.c0 ELSE t0.c0 END IN (((vt1.c0)>(t0.c0)))) DESC);
SELECT * FROM t0, vt1 WHERE (CASE WHEN t0.c0 COLLATE NOCASE THEN t0.c0 COLLATE NOCASE ELSE vt1.c0 COLLATE RTRIM END);
SELECT SUM(count) FROM (SELECT ((CASE WHEN t0.c0 COLLATE NOCASE THEN t0.c0 COLLATE NOCASE ELSE vt1.c0 COLLATE RTRIM END) IS TRUE)  as count FROM t0, vt1);
SELECT ALL * FROM t0 WHERE (((t0.c0) NOT NULL) COLLATE RTRIM) ORDER BY CAST(CASE WHEN t0.c0 THEN t0.c0 END AS REAL);
SELECT SUM(count) FROM (SELECT ALL ((((t0.c0) NOT NULL) COLLATE RTRIM) IS TRUE)  as count FROM t0 ORDER BY CAST(CASE WHEN t0.c0 THEN t0.c0 END AS REAL));
SELECT ALL * FROM vt1 WHERE (CAST((NOT (vt1.c0)) AS REAL));
SELECT SUM(count) FROM (SELECT ((CAST((NOT (vt1.c0)) AS REAL)) IS TRUE)  as count FROM vt1);
SELECT ALL COUNT(*) FROM t0 WHERE ((- (((t0.c0) BETWEEN (t0.c0) AND (-1.659020852E9))))) ORDER BY ((t0.c0) NOT BETWEEN (t0.c0) AND (t0.c0)) COLLATE NOCASE DESC  NULLS FIRST;
SELECT SUM(count) FROM (SELECT ALL (((- (((t0.c0) BETWEEN (t0.c0) AND (-1.659020852E9))))) IS TRUE)  as count FROM t0 ORDER BY ((t0.c0) NOT BETWEEN (t0.c0) AND (t0.c0)) COLLATE NOCASE DESC  NULLS FIRST);
SELECT * FROM t0, vt1 WHERE (((((t0.c0) IS TRUE))<(((vt1.c0)<(t0.c0))))) ORDER BY (((t0.c0))>((CAST(t0.c0 AS TEXT)))) ASC;
SELECT SUM(count) FROM (SELECT ((((((t0.c0) IS TRUE))<(((vt1.c0)<(t0.c0))))) IS TRUE)  as count FROM t0, vt1 ORDER BY (((t0.c0))>((CAST(t0.c0 AS TEXT)))) ASC);
SELECT * FROM vt1 WHERE ((((vt1.c0 IN ())) NOTNULL));
SELECT SUM(count) FROM (SELECT ALL (((((vt1.c0 IN ())) NOTNULL)) IS TRUE)  as count FROM vt1);
SELECT ALL COUNT(*) FROM vt1 WHERE ((((+ ('1900532234')))IS(CAST(vt1.c0 AS NUMERIC)))) ORDER BY (((+ (vt1.c0))) BETWEEN ('812434289') AND ((- (vt1.c0)))), (((vt1.c0))==((vt1.c0))) COLLATE BINARY DESC, (NOT (((((((((vt1.c0)AND(vt1.c0)))OR(vt1.c0)))AND(vt1.c0)))OR(vt1.c0)))) ASC  NULLS LAST;
SELECT SUM(count) FROM (SELECT (((((+ ('1900532234')))IS(CAST(vt1.c0 AS NUMERIC)))) IS TRUE)  as count FROM vt1 ORDER BY (((+ (vt1.c0))) BETWEEN ('812434289') AND ((- (vt1.c0)))), (((vt1.c0))==((vt1.c0))) COLLATE BINARY DESC, (NOT (((((((((vt1.c0)AND(vt1.c0)))OR(vt1.c0)))AND(vt1.c0)))OR(vt1.c0)))) ASC  NULLS LAST);
SELECT ALL * FROM t0, vt1 WHERE (CAST(((vt1.c0) BETWEEN (t0.c0) AND (vt1.c0)) AS INTEGER)) ORDER BY ((((((((INSTR(vt1.c0, t0.c0))AND(vt1.c0 COLLATE RTRIM)))AND((vt1.c0 IN ()))))OR(CAST(t0.c0 AS BLOB))))OR(((((t0.c0)OR(t0.c0)))AND(vt1.c0)))) DESC, x'', ((((t0.c0)IS(vt1.c0))) IS TRUE) DESC  NULLS FIRST;
SELECT SUM(count) FROM (SELECT ALL ((CAST(((vt1.c0) BETWEEN (t0.c0) AND (vt1.c0)) AS INTEGER)) IS TRUE)  as count FROM t0, vt1 ORDER BY ((((((((INSTR(vt1.c0, t0.c0))AND(vt1.c0 COLLATE RTRIM)))AND((vt1.c0 IN ()))))OR(CAST(t0.c0 AS BLOB))))OR(((((t0.c0)OR(t0.c0)))AND(vt1.c0)))) DESC, x'', ((((t0.c0)IS(vt1.c0))) IS TRUE) DESC  NULLS FIRST);
SELECT * FROM vt1, t0 WHERE (((('191851229')) NOT BETWEEN ((vt1.c0 COLLATE BINARY)) AND ((CAST(vt1.c0 AS BLOB)))));
SELECT SUM(count) FROM (SELECT ((((('191851229')) NOT BETWEEN ((vt1.c0 COLLATE BINARY)) AND ((CAST(vt1.c0 AS BLOB))))) IS TRUE)  as count FROM vt1, t0);
SELECT ALL * FROM t0, vt1 WHERE (((CAST('Pa' AS TEXT)) NOT BETWEEN (vt1.c0 COLLATE BINARY) AND (((((((((t0.c0)AND(vt1.c0)))AND(vt1.c0)))OR(t0.c0)))OR('1528828993'))))) ORDER BY json_array_length(0X222ca2b5) DESC  NULLS LAST, CASE CASE WHEN 0x60d4ad74 THEN t0.c0 ELSE vt1.c0 END  WHEN vt1.c0 COLLATE RTRIM THEN ((((((((vt1.c0)AND(vt1.c0)))AND(vt1.c0)))OR(t0.c0)))OR(t0.c0)) END DESC;
SELECT SUM(count) FROM (SELECT ALL ((((CAST('Pa' AS TEXT)) NOT BETWEEN (vt1.c0 COLLATE BINARY) AND (((((((((t0.c0)AND(vt1.c0)))AND(vt1.c0)))OR(t0.c0)))OR('1528828993'))))) IS TRUE)  as count FROM t0, vt1 ORDER BY json_array_length(0x222ca2b5) DESC  NULLS LAST, CASE CASE WHEN 0x60d4ad74 THEN t0.c0 ELSE vt1.c0 END  WHEN vt1.c0 COLLATE RTRIM THEN ((((((((vt1.c0)AND(vt1.c0)))AND(vt1.c0)))OR(t0.c0)))OR(t0.c0)) END DESC);
SELECT * FROM vt1 WHERE (vt1.c0) ORDER BY (((vt1.c0 IN ()))IS((NOT (vt1.c0)))), ((((((((vt1.c0)OR((- (vt1.c0)))))OR(CASE vt1.c0  WHEN vt1.c0 THEN x'' ELSE vt1.c0 END)))OR(NULL)))AND(((((((((x'')AND(vt1.c0)))AND(vt1.c0)))OR(vt1.c0)))AND(vt1.c0)))) ASC  NULLS LAST;
SELECT SUM(count) FROM (SELECT ALL ((vt1.c0) IS TRUE)  as count FROM vt1 ORDER BY (((vt1.c0 IN ()))IS((NOT (vt1.c0)))), ((((((((vt1.c0)OR((- (vt1.c0)))))OR(CASE vt1.c0  WHEN vt1.c0 THEN x'' ELSE vt1.c0 END)))OR(NULL)))AND(((((((((x'')AND(vt1.c0)))AND(vt1.c0)))OR(vt1.c0)))AND(vt1.c0)))) ASC  NULLS LAST);
SELECT ALL COUNT(*) FROM t0, vt1 WHERE (((((((((vt1.c0)AND(vt1.c0)))OR('-749794413')))OR(((vt1.c0) IS TRUE))))OR(NULL))) ORDER BY ((CASE t0.c0  WHEN vt1.c0 THEN '1229850794' END)LIKE(CAST(vt1.c0 AS BLOB)));
SELECT SUM(count) FROM (SELECT ((((((((((vt1.c0)AND(vt1.c0)))OR('-749794413')))OR(((vt1.c0) IS TRUE))))OR(NULL))) IS TRUE)  as count FROM t0, vt1 ORDER BY ((CASE t0.c0  WHEN vt1.c0 THEN '1229850794' END)LIKE(CAST(vt1.c0 AS BLOB))));
SELECT * FROM t0 CROSS JOIN vt1 ON (((((((((((vt1.c0))>((vt1.c0))))AND(((vt1.c0) NOTNULL))))OR((+ ('0.5484140274615981')))))OR((+ (t0.c0)))))OR(((t0.c0) IS TRUE))) WHERE ((+ (t0.c0 COLLATE NOCASE))) ORDER BY CASE ((((vt1.c0)OR(t0.c0)))OR(vt1.c0))  WHEN CASE vt1.c0  WHEN vt1.c0 THEN t0.c0 ELSE t0.c0 END THEN ((t0.c0)IS(vt1.c0)) END  NULLS FIRST;
SELECT SUM(count) FROM (SELECT (((+ (t0.c0 COLLATE NOCASE))) IS TRUE)  as count FROM t0 CROSS JOIN vt1 ON (((((((((((vt1.c0))>((vt1.c0))))AND(((vt1.c0) NOTNULL))))OR((+ ('0.5484140274615981')))))OR((+ (t0.c0)))))OR(((t0.c0) IS TRUE))) ORDER BY CASE ((((vt1.c0)OR(t0.c0)))OR(vt1.c0))  WHEN CASE vt1.c0  WHEN vt1.c0 THEN t0.c0 ELSE t0.c0 END THEN ((t0.c0)IS(vt1.c0)) END  NULLS FIRST);
SELECT COUNT(*) FROM vt1, t0 WHERE (((((t0.c0) BETWEEN (t0.c0) AND (t0.c0))) NOT BETWEEN (0.3448958401393747) AND ((t0.c0 IN (vt1.c0)))));
SELECT SUM(count) FROM (SELECT ALL ((((((t0.c0) BETWEEN (t0.c0) AND (t0.c0))) NOT BETWEEN (0.3448958401393747) AND ((t0.c0 IN (vt1.c0))))) IS TRUE)  as count FROM vt1, t0);
SELECT * FROM t0 WHERE (((((t0.c0)<=(t0.c0))) NOT BETWEEN (t0.c0) AND (NULL)));
SELECT SUM(count) FROM (SELECT ((((((t0.c0)<=(t0.c0))) NOT BETWEEN (t0.c0) AND (NULL))) IS TRUE)  as count FROM t0);
SELECT ALL * FROM vt1 RIGHT OUTER JOIN t0 ON ((((t0.c0)) NOT BETWEEN ((t0.c0)) AND ((t0.c0))) IN ()) WHERE (vt1.c0 COLLATE RTRIM) ORDER BY (~ (((vt1.c0)<>(t0.c0)))) ASC  NULLS FIRST, (vt1.c0 IN ()) COLLATE NOCASE  NULLS FIRST, ((DATE(0.4377060765439632, vt1.c0, vt1.c0)) ISNULL) ASC;
SELECT SUM(count) FROM (SELECT ((vt1.c0 COLLATE RTRIM) IS TRUE)  as count FROM vt1 RIGHT OUTER JOIN t0 ON ((((t0.c0)) NOT BETWEEN ((t0.c0)) AND ((t0.c0))) IN ()) ORDER BY (~ (((vt1.c0)<>(t0.c0)))) ASC  NULLS FIRST, (vt1.c0 IN ()) COLLATE NOCASE  NULLS FIRST, ((DATE(0.4377060765439632, vt1.c0, vt1.c0)) ISNULL) ASC);
SELECT * FROM vt1, t0 WHERE (((((((t0.c0)OR(x'')))AND(t0.c0)))LIKE(CASE t0.c0  WHEN t0.c0 THEN vt1.c0 ELSE t0.c0 END))) ORDER BY ((((vt1.c0) NOT BETWEEN (t0.c0) AND (t0.c0))) ISNULL) ASC  NULLS LAST;
SELECT SUM(count) FROM (SELECT ((((((((t0.c0)OR(x'')))AND(t0.c0)))LIKE(CASE t0.c0  WHEN t0.c0 THEN vt1.c0 ELSE t0.c0 END))) IS TRUE)  as count FROM vt1, t0 ORDER BY ((((vt1.c0) NOT BETWEEN (t0.c0) AND (t0.c0))) ISNULL) ASC  NULLS LAST);
SELECT COUNT(*) FROM vt1, t0 WHERE ((((((((vt1.c0)OR(vt1.c0)))OR(vt1.c0)), '1e500', ((((vt1.c0)AND(vt1.c0)))AND(x'722d'))))!=((((vt1.c0)IS(t0.c0)), ((t0.c0) BETWEEN (vt1.c0) AND (t0.c0)), CASE t0.c0  WHEN t0.c0 THEN vt1.c0 END)))) ORDER BY (- (((vt1.c0) IS FALSE)))  NULLS FIRST;
SELECT SUM(count) FROM (SELECT ALL (((((((((vt1.c0)OR(vt1.c0)))OR(vt1.c0)), '1e500', ((((vt1.c0)AND(vt1.c0)))AND(x'722d'))))<>((((vt1.c0)IS(t0.c0)), ((t0.c0) BETWEEN (vt1.c0) AND (t0.c0)), CASE t0.c0  WHEN t0.c0 THEN vt1.c0 END)))) IS TRUE)  as count FROM vt1, t0 ORDER BY (- (((vt1.c0) IS FALSE)))  NULLS FIRST);
SELECT COUNT(*) FROM t0 NATURAL JOIN vt1 WHERE (((((vt1.c0) IS FALSE)) BETWEEN (((t0.c0) IS TRUE)) AND (vt1.c0 COLLATE NOCASE))) ORDER BY json_array_length(CAST(t0.c0 AS TEXT), vt1.c0 COLLATE RTRIM)  NULLS LAST;
SELECT SUM(count) FROM (SELECT ((((((vt1.c0) IS FALSE)) BETWEEN (((t0.c0) IS TRUE)) AND (vt1.c0 COLLATE NOCASE))) IS TRUE)  as count FROM t0 NATURAL JOIN vt1 ORDER BY json_array_length(CAST(t0.c0 AS TEXT), vt1.c0 COLLATE RTRIM)  NULLS LAST);
SELECT ALL * FROM t0 WHERE (((t0.c0)<(((((t0.c0)OR(t0.c0)))OR(-555848006)))));
SELECT SUM(count) FROM (SELECT ((((t0.c0)<(((((t0.c0)OR(t0.c0)))OR(-555848006))))) IS TRUE)  as count FROM t0);
SELECT ALL * FROM vt1 INNER JOIN t0 ON ((((t0.c0)IS NOT(t0.c0))) IS FALSE) WHERE (((NULLIF(t0.c0, t0.c0)) NOT BETWEEN ((t0.c0 IN ())) AND (CASE vt1.c0  WHEN t0.c0 THEN vt1.c0 WHEN vt1.c0 THEN x'' WHEN vt1.c0 THEN t0.c0 END)));
SELECT SUM(count) FROM (SELECT ((((NULLIF(t0.c0, t0.c0)) NOT BETWEEN ((t0.c0 IN ())) AND (CASE vt1.c0  WHEN t0.c0 THEN vt1.c0 WHEN vt1.c0 THEN x'' WHEN vt1.c0 THEN t0.c0 END))) IS TRUE)  as count FROM vt1 INNER JOIN t0 ON ((((t0.c0)IS NOT(t0.c0))) IS FALSE));
SELECT * FROM vt1, t0 WHERE ((((t0.c0, NULL, 0.6273199014106629)) NOT BETWEEN (((((vt1.c0, vt1.c0, t0.c0))<((t0.c0, NULL, vt1.c0))), (vt1.c0 IN (t0.c0, t0.c0)), (t0.c0 IN ()))) AND ((CAST(vt1.c0 AS TEXT), (-1222614385 IN ()), t0.c0)))) ORDER BY ((NULLIF(DISTINCT t0.c0, t0.c0))IS NOT((vt1.c0 IN ()))) DESC;
SELECT SUM(count) FROM (SELECT (((((t0.c0, NULL, 0.6273199014106629)) NOT BETWEEN (((((vt1.c0, vt1.c0, t0.c0))<((t0.c0, NULL, vt1.c0))), (vt1.c0 IN (t0.c0, t0.c0)), (t0.c0 IN ()))) AND ((CAST(vt1.c0 AS TEXT), (-1222614385 IN ()), t0.c0)))) IS TRUE)  as count FROM vt1, t0 ORDER BY ((NULLIF(DISTINCT t0.c0, t0.c0))IS NOT((vt1.c0 IN ()))) DESC);
SELECT COUNT(*) FROM t0 WHERE ((((((t0.c0)) NOT BETWEEN ((t0.c0)) AND ((t0.c0)))) BETWEEN (UPPER(t0.c0)) AND (UPPER(DISTINCT t0.c0)))) ORDER BY CAST((t0.c0 IN ()) AS TEXT) ASC  NULLS LAST, CAST(((('-173948263', t0.c0, t0.c0, t0.c0, t0.c0))>=((t0.c0, t0.c0, t0.c0, t0.c0, t0.c0))) AS BLOB)  NULLS LAST, rtreenode(((t0.c0)%(t0.c0)), ((t0.c0) BETWEEN (0.6939856658193858) AND (t0.c0)));
SELECT SUM(count) FROM (SELECT (((((((t0.c0)) NOT BETWEEN ((t0.c0)) AND ((t0.c0)))) BETWEEN (UPPER(t0.c0)) AND (UPPER(DISTINCT t0.c0)))) IS TRUE)  as count FROM t0 ORDER BY CAST((t0.c0 IN ()) AS TEXT) ASC  NULLS LAST, CAST(((('-173948263', t0.c0, t0.c0, t0.c0, t0.c0))>=((t0.c0, t0.c0, t0.c0, t0.c0, t0.c0))) AS BLOB)  NULLS LAST, rtreenode(((t0.c0)%(t0.c0)), ((t0.c0) BETWEEN (0.6939856658193858) AND (t0.c0))));
SELECT COUNT(*) FROM t0 INNER JOIN vt1 ON CAST(CAST(vt1.c0 AS REAL) AS REAL) WHERE ((~ ((t0.c0 IN ()))));
SELECT SUM(count) FROM (SELECT (((~ ((t0.c0 IN ())))) IS TRUE)  as count FROM t0 INNER JOIN vt1 ON CAST(CAST(vt1.c0 AS REAL) AS REAL));
SELECT ALL * FROM t0 INNER JOIN vt1 ON (t0.c0 IN ((~ (t0.c0)), (((vt1.c0, t0.c0, t0.c0)) BETWEEN ((0.4380390316165562, t0.c0, vt1.c0)) AND ((vt1.c0, vt1.c0, t0.c0))))) WHERE (CASE WHEN t0.c0 COLLATE BINARY THEN 'YUq' END) ORDER BY ((((0X7cce0387)AND((x'c935' IN ()))))OR(((vt1.c0) NOT BETWEEN (t0.c0) AND (t0.c0))));
SELECT SUM(count) FROM (SELECT ((CASE WHEN t0.c0 COLLATE BINARY THEN 'YUq' END) IS TRUE)  as count FROM t0 INNER JOIN vt1 ON (t0.c0 IN ((~ (t0.c0)), (((vt1.c0, t0.c0, t0.c0)) BETWEEN ((0.4380390316165562, t0.c0, vt1.c0)) AND ((vt1.c0, vt1.c0, t0.c0))))) ORDER BY ((((0X7cce0387)AND((x'c935' IN ()))))OR(((vt1.c0) NOT BETWEEN (t0.c0) AND (t0.c0)))));
SELECT * FROM t0 WHERE (((('812434289'))<((((t0.c0) BETWEEN (t0.c0) AND (6.8162328E8))))));
SELECT SUM(count) FROM (SELECT ALL ((((('812434289'))<((((t0.c0) BETWEEN (t0.c0) AND (6.8162328E8)))))) IS TRUE)  as count FROM t0);
SELECT * FROM t0, vt1 WHERE (((0.4702665937941316 COLLATE NOCASE)IS NOT(((vt1.c0)||(vt1.c0))))) ORDER BY ((((vt1.c0)%(t0.c0)))IS NOT(CAST(vt1.c0 AS BLOB)));
SELECT SUM(count) FROM (SELECT ALL ((((0.4702665937941316 COLLATE NOCASE)IS NOT(((vt1.c0)||(vt1.c0))))) IS TRUE)  as count FROM t0, vt1 ORDER BY ((((vt1.c0)%(t0.c0)))IS NOT(CAST(vt1.c0 AS BLOB))));
SELECT ALL * FROM t0 WHERE ((- (((t0.c0) IS FALSE))));
SELECT SUM(count) FROM (SELECT (((- (((t0.c0) IS FALSE)))) IS TRUE)  as count FROM t0);
SELECT COUNT(*) FROM vt1 WHERE ((((((vt1.c0, vt1.c0, x''))>((vt1.c0, vt1.c0, vt1.c0)))) NOT BETWEEN (((vt1.c0)||(vt1.c0))) AND (((vt1.c0)IS(vt1.c0)))));
SELECT SUM(count) FROM (SELECT (((((((vt1.c0, vt1.c0, x''))>((vt1.c0, vt1.c0, vt1.c0)))) NOT BETWEEN (((vt1.c0)||(vt1.c0))) AND (((vt1.c0)IS(vt1.c0))))) IS TRUE)  as count FROM vt1);
SELECT ALL * FROM vt1, t0 WHERE (CASE 191851229  WHEN CAST(t0.c0 AS BLOB) THEN ((0.9661543684071617)>(vt1.c0)) WHEN ((t0.c0)LIKE(t0.c0)) THEN LIKELY(DISTINCT t0.c0) WHEN ((t0.c0) BETWEEN (t0.c0) AND (t0.c0)) THEN ((((((((t0.c0)AND(t0.c0)))OR(t0.c0)))AND(t0.c0)))AND(t0.c0)) ELSE ((t0.c0) IS TRUE) END);
SELECT SUM(count) FROM (SELECT ALL ((CASE 191851229  WHEN CAST(t0.c0 AS BLOB) THEN ((0.9661543684071617)>(vt1.c0)) WHEN ((t0.c0)LIKE(t0.c0)) THEN LIKELY(DISTINCT t0.c0) WHEN ((t0.c0) BETWEEN (t0.c0) AND (t0.c0)) THEN ((((((((t0.c0)AND(t0.c0)))OR(t0.c0)))AND(t0.c0)))AND(t0.c0)) ELSE ((t0.c0) IS TRUE) END) IS TRUE)  as count FROM vt1, t0);
SELECT ALL * FROM t0 WHERE (t0.c0);
SELECT SUM(count) FROM (SELECT ((t0.c0) IS TRUE)  as count FROM t0);
SELECT * FROM vt1 WHERE (CASE WHEN vt1.c0 COLLATE BINARY THEN (vt1.c0 IN ()) ELSE '-1247121389' END) ORDER BY x''  NULLS LAST, (~ (x'e01c')) ASC;
SELECT SUM(count) FROM (SELECT ALL ((CASE WHEN vt1.c0 COLLATE BINARY THEN (vt1.c0 IN ()) ELSE '-1247121389' END) IS TRUE)  as count FROM vt1 ORDER BY x''  NULLS LAST, (~ (x'e01c')) ASC);
SELECT ALL * FROM t0 WHERE (LOWER((- (t0.c0))));
SELECT SUM(count) FROM (SELECT ALL ((LOWER((- (t0.c0)))) IS TRUE)  as count FROM t0);
SELECT ALL COUNT(*) FROM t0 WHERE ((- (t0.c0))) ORDER BY (((t0.c0, t0.c0, t0.c0)) NOT BETWEEN ((CAST(x'' AS BLOB), MIN(t0.c0, t0.c0), TRIM(t0.c0, t0.c0))) AND ((0.9265557995473138, 0.05116260323016508, (((t0.c0))<>((t0.c0)))))) DESC  NULLS FIRST, (((t0.c0)) BETWEEN (((t0.c0 IN ()))) AND ((LIKE(t0.c0, t0.c0)))) DESC  NULLS LAST;
SELECT SUM(count) FROM (SELECT (((- (t0.c0))) IS TRUE)  as count FROM t0 ORDER BY (((t0.c0, t0.c0, t0.c0)) NOT BETWEEN ((CAST(x'' AS BLOB), MIN(t0.c0, t0.c0), TRIM(t0.c0, t0.c0))) AND ((0.9265557995473138, 0.05116260323016508, (((t0.c0))!=((t0.c0)))))) DESC  NULLS FIRST, (((t0.c0)) BETWEEN (((t0.c0 IN ()))) AND ((LIKE(t0.c0, t0.c0)))) DESC  NULLS LAST);
SELECT * FROM vt1 CROSS JOIN t0 ON (CAST(t0.c0 AS REAL) IN ()) WHERE ((highlight(t0.c0, t0.c0, '-146661575', vt1.c0) IN ()));
SELECT SUM(count) FROM (SELECT ALL (((highlight(t0.c0, t0.c0, '-146661575', vt1.c0) IN ())) IS TRUE)  as count FROM vt1 CROSS JOIN t0 ON (CAST(t0.c0 AS REAL) IN ()));
SELECT ALL COUNT(*) FROM vt1 RIGHT OUTER JOIN t0 ON vt1.c0 WHERE (x'1530') ORDER BY (((((NOT (vt1.c0)))OR(((vt1.c0)<=(vt1.c0)))))OR((+ (vt1.c0))))  NULLS FIRST;
SELECT SUM(count) FROM (SELECT ALL ((x'1530') IS TRUE)  as count FROM vt1 RIGHT OUTER JOIN t0 ON vt1.c0 ORDER BY (((((NOT (vt1.c0)))OR(((vt1.c0)<=(vt1.c0)))))OR((+ (vt1.c0))))  NULLS FIRST);
SELECT ALL COUNT(*) FROM vt1, t0 WHERE (((LOWER(vt1.c0)) BETWEEN (CAST(NULL AS REAL)) AND ((+ (vt1.c0)))));
SELECT SUM(count) FROM (SELECT ((((LOWER(vt1.c0)) BETWEEN (CAST(NULL AS REAL)) AND ((+ (vt1.c0))))) IS TRUE)  as count FROM vt1, t0);
SELECT * FROM t0 WHERE (CASE t0.c0 COLLATE RTRIM  WHEN CAST(x'3224' AS NUMERIC) THEN (t0.c0 IN ()) END) ORDER BY (t0.c0 IN ()) COLLATE BINARY;
SELECT SUM(count) FROM (SELECT ((CASE t0.c0 COLLATE RTRIM  WHEN CAST(x'3224' AS NUMERIC) THEN (t0.c0 IN ()) END) IS TRUE)  as count FROM t0 ORDER BY (t0.c0 IN ()) COLLATE BINARY);
SELECT COUNT(*) FROM vt1 WHERE (((((((vt1.c0)GLOB(vt1.c0)))AND(((vt1.c0)IS NOT(vt1.c0)))))AND(CAST(vt1.c0 AS TEXT)))) ORDER BY vt1.c0 DESC  NULLS FIRST;
SELECT SUM(count) FROM (SELECT ((((((((vt1.c0)GLOB(vt1.c0)))AND(((vt1.c0)IS NOT(vt1.c0)))))AND(CAST(vt1.c0 AS TEXT)))) IS TRUE)  as count FROM vt1 ORDER BY vt1.c0 DESC  NULLS FIRST);
SELECT ALL COUNT(*) FROM vt1 WHERE (CAST(((vt1.c0)>=(vt1.c0)) AS INTEGER)) ORDER BY NULL COLLATE RTRIM;
SELECT SUM(count) FROM (SELECT ALL ((CAST(((vt1.c0)>=(vt1.c0)) AS INTEGER)) IS TRUE)  as count FROM vt1 ORDER BY NULL COLLATE RTRIM);
SELECT ALL * FROM t0 WHERE (0xffffffffaf022b05) ORDER BY CASE HEX(t0.c0)  WHEN ((t0.c0) BETWEEN (t0.c0) AND (t0.c0)) THEN (t0.c0 IN ()) ELSE t0.c0 END ASC;
SELECT SUM(count) FROM (SELECT ((0xffffffffaf022b05) IS TRUE)  as count FROM t0 ORDER BY CASE HEX(t0.c0)  WHEN ((t0.c0) BETWEEN (t0.c0) AND (t0.c0)) THEN (t0.c0 IN ()) ELSE t0.c0 END ASC);
SELECT ALL COUNT(*) FROM t0 WHERE (((CASE WHEN t0.c0 THEN t0.c0 WHEN t0.c0 THEN '0.08436610893115148' WHEN t0.c0 THEN t0.c0 END)<(((t0.c0) ISNULL)))) ORDER BY 0Xffffffffb4a21cb1 DESC  NULLS LAST, TRIM(((t0.c0) NOT NULL)) ASC;
SELECT SUM(count) FROM (SELECT ((((CASE WHEN t0.c0 THEN t0.c0 WHEN t0.c0 THEN '0.08436610893115148' WHEN t0.c0 THEN t0.c0 END)<(((t0.c0) ISNULL)))) IS TRUE)  as count FROM t0 ORDER BY 0Xffffffffb4a21cb1 DESC  NULLS LAST, TRIM(((t0.c0) NOT NULL)) ASC);
SELECT COUNT(*) FROM t0, vt1 WHERE (t0.c0);
SELECT SUM(count) FROM (SELECT ALL ((t0.c0) IS TRUE)  as count FROM t0, vt1);
SELECT ALL COUNT(*) FROM vt1 WHERE ((CAST(729960922 AS NUMERIC) IN (NULL)));
SELECT SUM(count) FROM (SELECT (((CAST(729960922 AS NUMERIC) IN (NULL))) IS TRUE)  as count FROM vt1);
SELECT COUNT(*) FROM vt1, t0 WHERE (((((-1.981480556E9)%(vt1.c0))) NOT NULL)) ORDER BY (+ ((((vt1.c0)) NOT BETWEEN ((t0.c0)) AND ((vt1.c0))))) ASC;
SELECT SUM(count) FROM (SELECT ((((((-1.981480556E9)%(vt1.c0))) NOT NULL)) IS TRUE)  as count FROM vt1, t0 ORDER BY (+ ((((vt1.c0)) NOT BETWEEN ((t0.c0)) AND ((vt1.c0))))) ASC);
SELECT * FROM vt1 WHERE (IFNULL(((vt1.c0)/(vt1.c0)), vt1.c0));
SELECT SUM(count) FROM (SELECT ALL ((IFNULL(((vt1.c0)/(vt1.c0)), vt1.c0)) IS TRUE)  as count FROM vt1);
SELECT * FROM vt1 WHERE (((((CAST(vt1.c0 AS BLOB))AND((((vt1.c0))<=((vt1.c0))))))OR(CASE WHEN vt1.c0 THEN vt1.c0 WHEN vt1.c0 THEN vt1.c0 WHEN vt1.c0 THEN vt1.c0 WHEN vt1.c0 THEN vt1.c0 WHEN vt1.c0 THEN vt1.c0 ELSE vt1.c0 END)));
SELECT SUM(count) FROM (SELECT ((((((CAST(vt1.c0 AS BLOB))AND((((vt1.c0))<=((vt1.c0))))))OR(CASE WHEN vt1.c0 THEN vt1.c0 WHEN vt1.c0 THEN vt1.c0 WHEN vt1.c0 THEN vt1.c0 WHEN vt1.c0 THEN vt1.c0 WHEN vt1.c0 THEN vt1.c0 ELSE vt1.c0 END))) IS TRUE)  as count FROM vt1);
SELECT * FROM t0 LEFT OUTER JOIN vt1 ON (((((vt1.c0))==((t0.c0)))) NOT BETWEEN (((vt1.c0) BETWEEN (NULL) AND (t0.c0))) AND ((NOT (t0.c0)))) WHERE (((t0.c0 COLLATE RTRIM)-(((t0.c0) BETWEEN (vt1.c0) AND (t0.c0)))));
SELECT SUM(count) FROM (SELECT ((((t0.c0 COLLATE RTRIM)-(((t0.c0) BETWEEN (vt1.c0) AND (t0.c0))))) IS TRUE)  as count FROM t0 LEFT OUTER JOIN vt1 ON (((((vt1.c0))==((t0.c0)))) NOT BETWEEN (((vt1.c0) BETWEEN (NULL) AND (t0.c0))) AND ((NOT (t0.c0)))));
SELECT ALL COUNT(*) FROM vt1, t0 WHERE (CASE WHEN (NOT (vt1.c0)) THEN ((vt1.c0) NOT BETWEEN (t0.c0) AND (vt1.c0)) ELSE ((vt1.c0) NOT NULL) END) ORDER BY ((vt1.c0 COLLATE RTRIM)+(vt1.c0 COLLATE NOCASE)), (((((vt1.c0)) NOT BETWEEN ((vt1.c0)) AND ((vt1.c0)))) NOTNULL)  NULLS LAST;
SELECT SUM(count) FROM (SELECT ((CASE WHEN (NOT (vt1.c0)) THEN ((vt1.c0) NOT BETWEEN (t0.c0) AND (vt1.c0)) ELSE ((vt1.c0) NOT NULL) END) IS TRUE)  as count FROM vt1, t0 ORDER BY ((vt1.c0 COLLATE RTRIM)+(vt1.c0 COLLATE NOCASE)), (((((vt1.c0)) NOT BETWEEN ((vt1.c0)) AND ((vt1.c0)))) NOTNULL)  NULLS LAST);
SELECT * FROM vt1, t0 WHERE (json_extract(t0.c0, t0.c0) COLLATE RTRIM);
SELECT SUM(count) FROM (SELECT ((json_extract(t0.c0, t0.c0) COLLATE RTRIM) IS TRUE)  as count FROM vt1, t0);
SELECT ALL COUNT(*) FROM vt1 WHERE ((((((vt1.c0)>(vt1.c0))))>=(((((vt1.c0, vt1.c0, vt1.c0)) NOT BETWEEN ((vt1.c0, vt1.c0, vt1.c0)) AND ((vt1.c0, vt1.c0, vt1.c0)))))));
SELECT SUM(count) FROM (SELECT (((((((vt1.c0)>(vt1.c0))))>=(((((vt1.c0, vt1.c0, vt1.c0)) NOT BETWEEN ((vt1.c0, vt1.c0, vt1.c0)) AND ((vt1.c0, vt1.c0, vt1.c0))))))) IS TRUE)  as count FROM vt1);
SELECT ALL COUNT(*) FROM vt1, t0 WHERE ((((~ (t0.c0))) NOT NULL)) ORDER BY ((((((((((t0.c0) ISNULL))OR(NULL)))OR(0.6341906217494254)))AND(((vt1.c0)IS(vt1.c0)))))AND(NULL)) DESC;
SELECT SUM(count) FROM (SELECT ALL (((((~ (t0.c0))) NOT NULL)) IS TRUE)  as count FROM vt1, t0 ORDER BY ((((((((((t0.c0) ISNULL))OR(NULL)))OR(0.6341906217494254)))AND(((vt1.c0)IS(vt1.c0)))))AND(NULL)) DESC);
SELECT ALL COUNT(*) FROM vt1 NATURAL JOIN t0 WHERE (t0.c0);
SELECT SUM(count) FROM (SELECT ALL ((t0.c0) IS TRUE)  as count FROM vt1 NATURAL JOIN t0);
SELECT COUNT(*) FROM t0 WHERE (UPPER(CAST(t0.c0 AS BLOB)));
SELECT SUM(count) FROM (SELECT ((UPPER(CAST(t0.c0 AS BLOB))) IS TRUE)  as count FROM t0);
SELECT COUNT(*) FROM vt1 WHERE (((LIKELIHOOD(DISTINCT vt1.c0, 0.32500461088175914))IS(CAST(vt1.c0 AS INTEGER)))) ORDER BY (((((vt1.c0) NOT BETWEEN (vt1.c0) AND (vt1.c0)), CASE WHEN vt1.c0 THEN vt1.c0 END, (((vt1.c0, vt1.c0, vt1.c0, NULL, vt1.c0)) BETWEEN ((vt1.c0, vt1.c0, vt1.c0, vt1.c0, vt1.c0)) AND ((vt1.c0, vt1.c0, vt1.c0, vt1.c0, vt1.c0)))))>=(((((vt1.c0, vt1.c0, vt1.c0))<((vt1.c0, vt1.c0, vt1.c0))), vt1.c0, ((((((((vt1.c0)OR(vt1.c0)))OR(vt1.c0)))OR(x'')))AND(vt1.c0)))))  NULLS FIRST;
SELECT SUM(count) FROM (SELECT ALL ((((LIKELIHOOD(DISTINCT vt1.c0, 0.32500461088175914))IS(CAST(vt1.c0 AS INTEGER)))) IS TRUE)  as count FROM vt1 ORDER BY (((((vt1.c0) NOT BETWEEN (vt1.c0) AND (vt1.c0)), CASE WHEN vt1.c0 THEN vt1.c0 END, (((vt1.c0, vt1.c0, vt1.c0, NULL, vt1.c0)) BETWEEN ((vt1.c0, vt1.c0, vt1.c0, vt1.c0, vt1.c0)) AND ((vt1.c0, vt1.c0, vt1.c0, vt1.c0, vt1.c0)))))>=(((((vt1.c0, vt1.c0, vt1.c0))<((vt1.c0, vt1.c0, vt1.c0))), vt1.c0, ((((((((vt1.c0)OR(vt1.c0)))OR(vt1.c0)))OR(x'')))AND(vt1.c0)))))  NULLS FIRST);
SELECT * FROM vt1 WHERE (IFNULL(CASE vt1.c0  WHEN vt1.c0 THEN vt1.c0 WHEN vt1.c0 THEN vt1.c0 WHEN vt1.c0 THEN vt1.c0 ELSE vt1.c0 END, ((((NULL)AND(vt1.c0)))OR(vt1.c0)))) ORDER BY CASE WHEN x'' THEN CAST(573350581 AS REAL) WHEN (- (vt1.c0)) THEN ((vt1.c0)&(vt1.c0)) WHEN ((vt1.c0) ISNULL) THEN (vt1.c0 IN ()) ELSE ((vt1.c0) BETWEEN (vt1.c0) AND (vt1.c0)) END  NULLS FIRST, UNLIKELY(DISTINCT (+ (vt1.c0)));
SELECT SUM(count) FROM (SELECT ALL ((IFNULL(CASE vt1.c0  WHEN vt1.c0 THEN vt1.c0 WHEN vt1.c0 THEN vt1.c0 WHEN vt1.c0 THEN vt1.c0 ELSE vt1.c0 END, ((((NULL)AND(vt1.c0)))OR(vt1.c0)))) IS TRUE)  as count FROM vt1 ORDER BY CASE WHEN x'' THEN CAST(573350581 AS REAL) WHEN (- (vt1.c0)) THEN ((vt1.c0)&(vt1.c0)) WHEN ((vt1.c0) ISNULL) THEN (vt1.c0 IN ()) ELSE ((vt1.c0) BETWEEN (vt1.c0) AND (vt1.c0)) END  NULLS FIRST, UNLIKELY(DISTINCT (+ (vt1.c0))));
SELECT COUNT(*) FROM vt1 WHERE ((((4.88184777E8 IN ()))*(((vt1.c0)IS(vt1.c0)))));
SELECT SUM(count) FROM (SELECT (((((4.88184777E8 IN ()))*(((vt1.c0)IS(vt1.c0))))) IS TRUE)  as count FROM vt1);
SELECT COUNT(*) FROM t0 WHERE (((((t0.c0)&(t0.c0))) NOT NULL)) ORDER BY 0.03003876016740281 ASC;
SELECT SUM(count) FROM (SELECT ((((((t0.c0)&(t0.c0))) NOT NULL)) IS TRUE)  as count FROM t0 ORDER BY 0.03003876016740281 ASC);
SELECT COUNT(*) FROM vt1 FULL OUTER JOIN t0 ON ((((t0.c0)<>(t0.c0)))IS NOT(GLOB(t0.c0, vt1.c0))) WHERE (t0.c0);
SELECT SUM(count) FROM (SELECT ((t0.c0) IS TRUE)  as count FROM vt1 FULL OUTER JOIN t0 ON ((((t0.c0)!=(t0.c0)))IS NOT(GLOB(t0.c0, vt1.c0))));
SELECT ALL COUNT(*) FROM t0, vt1 WHERE (0.23930858436751468) ORDER BY (((+ (t0.c0)))>>(NULLIF(DISTINCT vt1.c0, 0x6afd8f28))) ASC  NULLS LAST;
SELECT SUM(count) FROM (SELECT ALL ((0.23930858436751468) IS TRUE)  as count FROM t0, vt1 ORDER BY (((+ (t0.c0)))>>(NULLIF(DISTINCT vt1.c0, 0X6afd8f28))) ASC  NULLS LAST);
SELECT ALL * FROM vt1 WHERE (((((vt1.c0)/(0.5055060420821074)))|(((vt1.c0)<<(vt1.c0))))) ORDER BY vt1.c0 ASC;
SELECT SUM(count) FROM (SELECT ALL ((((((vt1.c0)/(0.5055060420821074)))|(((vt1.c0)<<(vt1.c0))))) IS TRUE)  as count FROM vt1 ORDER BY vt1.c0 ASC);
SELECT ALL COUNT(*) FROM t0 INDEXED BY i82, vt1 WHERE ((((t0.c0)) NOT BETWEEN ((CASE WHEN t0.c0 THEN vt1.c0 END)) AND ((((t0.c0) IS TRUE))))) ORDER BY CAST(CAST(vt1.c0 AS INTEGER) AS BLOB)  NULLS FIRST;
SELECT SUM(count) FROM (SELECT ALL (((((t0.c0)) NOT BETWEEN ((CASE WHEN t0.c0 THEN vt1.c0 END)) AND ((((t0.c0) IS TRUE))))) IS TRUE)  as count FROM t0 INDEXED BY i82, vt1 ORDER BY CAST(CAST(vt1.c0 AS INTEGER) AS BLOB)  NULLS FIRST);
SELECT * FROM t0, vt1 WHERE (TRIM(((t0.c0) NOT BETWEEN (t0.c0) AND (t0.c0)), t0.c0));
SELECT SUM(count) FROM (SELECT ALL ((TRIM(((t0.c0) NOT BETWEEN (t0.c0) AND (t0.c0)), t0.c0)) IS TRUE)  as count FROM t0, vt1);
SELECT ALL * FROM t0, vt1 WHERE (CAST(vt1.c0 COLLATE BINARY AS REAL));
SELECT SUM(count) FROM (SELECT ALL ((CAST(vt1.c0 COLLATE BINARY AS REAL)) IS TRUE)  as count FROM t0, vt1);
SELECT COUNT(*) FROM t0 WHERE (((((((((((((t0.c0 COLLATE BINARY)OR(((((t0.c0)AND(t0.c0)))AND(t0.c0)))))AND(CASE WHEN t0.c0 THEN t0.c0 END)))OR(((((t0.c0)AND(t0.c0)))OR(t0.c0)))))OR(t0.c0 COLLATE RTRIM)))OR(x'')))AND(('729960922' IN ())))) ORDER BY CASE ((t0.c0) NOT BETWEEN (t0.c0) AND (t0.c0))  WHEN CASE t0.c0  WHEN t0.c0 THEN t0.c0 ELSE t0.c0 END THEN ((t0.c0) BETWEEN (t0.c0) AND (t0.c0)) END DESC;
SELECT SUM(count) FROM (SELECT ALL ((((((((((((((t0.c0 COLLATE BINARY)OR(((((t0.c0)AND(t0.c0)))AND(t0.c0)))))AND(CASE WHEN t0.c0 THEN t0.c0 END)))OR(((((t0.c0)AND(t0.c0)))OR(t0.c0)))))OR(t0.c0 COLLATE RTRIM)))OR(x'')))AND(('729960922' IN ())))) IS TRUE)  as count FROM t0 ORDER BY CASE ((t0.c0) NOT BETWEEN (t0.c0) AND (t0.c0))  WHEN CASE t0.c0  WHEN t0.c0 THEN t0.c0 ELSE t0.c0 END THEN ((t0.c0) BETWEEN (t0.c0) AND (t0.c0)) END DESC);
SELECT COUNT(*) FROM t0 WHERE (CASE WHEN t0.c0 THEN t0.c0 END COLLATE RTRIM) ORDER BY t0.c0 ASC, ((((t0.c0 COLLATE NOCASE)AND(NULL COLLATE RTRIM)))OR(t0.c0));
SELECT SUM(count) FROM (SELECT ((CASE WHEN t0.c0 THEN t0.c0 END COLLATE RTRIM) IS TRUE)  as count FROM t0 ORDER BY t0.c0 ASC, ((((t0.c0 COLLATE NOCASE)AND(NULL COLLATE RTRIM)))OR(t0.c0)));
SELECT COUNT(*) FROM t0 WHERE (CAST(((t0.c0)&(t0.c0)) AS NUMERIC)) ORDER BY (- ((NOT (t0.c0)))) DESC, t0.c0;
SELECT SUM(count) FROM (SELECT ALL ((CAST(((t0.c0)&(t0.c0)) AS NUMERIC)) IS TRUE)  as count FROM t0 ORDER BY (- ((NOT (t0.c0)))) DESC, t0.c0);
SELECT COUNT(*) FROM t0 WHERE (CAST(CAST(t0.c0 AS REAL) AS BLOB));
SELECT SUM(count) FROM (SELECT ALL ((CAST(CAST(t0.c0 AS REAL) AS BLOB)) IS TRUE)  as count FROM t0);
SELECT * FROM vt1 WHERE (((((vt1.c0)LIKE(x'0d10e058'))) IS FALSE)) ORDER BY ((CAST(vt1.c0 AS NUMERIC))>>(((((((((((((((((vt1.c0)OR(vt1.c0)))OR(vt1.c0)))AND(vt1.c0)))AND(vt1.c0)))OR(vt1.c0)))AND(vt1.c0)))AND(vt1.c0)))OR(vt1.c0))));
SELECT SUM(count) FROM (SELECT ALL ((((((vt1.c0)LIKE(x'0d10e058'))) IS FALSE)) IS TRUE)  as count FROM vt1 ORDER BY ((CAST(vt1.c0 AS NUMERIC))>>(((((((((((((((((vt1.c0)OR(vt1.c0)))OR(vt1.c0)))AND(vt1.c0)))AND(vt1.c0)))OR(vt1.c0)))AND(vt1.c0)))AND(vt1.c0)))OR(vt1.c0)))));
SELECT ALL * FROM t0, vt1 WHERE ((((t0.c0 IN ()))%((x'd133f1e1' IN ()))));
SELECT SUM(count) FROM (SELECT ALL (((((t0.c0 IN ()))%((x'd133f1e1' IN ())))) IS TRUE)  as count FROM t0, vt1);
SELECT ALL COUNT(*) FROM t0 LEFT OUTER JOIN vt1 ON ((((('%') IS TRUE)))=((CAST(t0.c0 AS NUMERIC)))) WHERE (((CASE WHEN vt1.c0 THEN t0.c0 ELSE '-290809222' END)>>(((vt1.c0) NOT BETWEEN (vt1.c0) AND (0.3181667344768203)))));
SELECT SUM(count) FROM (SELECT ((((CASE WHEN vt1.c0 THEN t0.c0 ELSE '-290809222' END)>>(((vt1.c0) NOT BETWEEN (vt1.c0) AND (0.3181667344768203))))) IS TRUE)  as count FROM t0 LEFT OUTER JOIN vt1 ON ((((('%') IS TRUE)))==((CAST(t0.c0 AS NUMERIC)))));
SELECT * FROM t0 WHERE ((t0.c0 IN ()) COLLATE BINARY);
SELECT SUM(count) FROM (SELECT (((t0.c0 IN ()) COLLATE BINARY) IS TRUE)  as count FROM t0);
SELECT * FROM vt1, t0 WHERE ((((('N~')OR(((t0.c0) NOT BETWEEN (t0.c0) AND (vt1.c0)))))OR(CAST(vt1.c0 AS NUMERIC))));
SELECT SUM(count) FROM (SELECT ALL (((((('N~')OR(((t0.c0) NOT BETWEEN (t0.c0) AND (vt1.c0)))))OR(CAST(vt1.c0 AS NUMERIC)))) IS TRUE)  as count FROM vt1, t0);
SELECT ALL COUNT(*) FROM t0, vt1 WHERE (((t0.c0) BETWEEN (CAST(t0.c0 AS NUMERIC)) AND (((t0.c0) NOT BETWEEN (t0.c0) AND (t0.c0))))) ORDER BY (((+ (vt1.c0)))LIKE((((t0.c0))==((vt1.c0)))))  NULLS FIRST;
SELECT SUM(count) FROM (SELECT ALL ((((t0.c0) BETWEEN (CAST(t0.c0 AS NUMERIC)) AND (((t0.c0) NOT BETWEEN (t0.c0) AND (t0.c0))))) IS TRUE)  as count FROM t0, vt1 ORDER BY (((+ (vt1.c0)))LIKE((((t0.c0))=((vt1.c0)))))  NULLS FIRST);
SELECT ALL * FROM t0 FULL OUTER JOIN vt1 ON CAST(t0.c0 AS INTEGER) COLLATE RTRIM WHERE (((((vt1.c0) IS TRUE))<>(((vt1.c0)||(t0.c0))))) ORDER BY t0.c0 COLLATE NOCASE  NULLS FIRST;
SELECT SUM(count) FROM (SELECT ALL ((((((vt1.c0) IS TRUE))<>(((vt1.c0)||(t0.c0))))) IS TRUE)  as count FROM t0 FULL OUTER JOIN vt1 ON CAST(t0.c0 AS INTEGER) COLLATE RTRIM ORDER BY t0.c0 COLLATE NOCASE  NULLS FIRST);
SELECT ALL * FROM t0 WHERE ((((t0.c0)>=(t0.c0)) IN ()));
SELECT SUM(count) FROM (SELECT (((((t0.c0)>=(t0.c0)) IN ())) IS TRUE)  as count FROM t0);
SELECT COUNT(*) FROM t0 WHERE ((((NOT (t0.c0))) ISNULL)) ORDER BY ((((CAST(t0.c0 AS BLOB))OR(((t0.c0)/(t0.c0)))))AND(x''))  NULLS LAST;
SELECT SUM(count) FROM (SELECT ALL (((((NOT (t0.c0))) ISNULL)) IS TRUE)  as count FROM t0 ORDER BY ((((CAST(t0.c0 AS BLOB))OR(((t0.c0)/(t0.c0)))))AND(x''))  NULLS LAST);
SELECT * FROM vt1, t0 WHERE (CHAR(t0.c0) COLLATE NOCASE);
SELECT SUM(count) FROM (SELECT ((CHAR(t0.c0) COLLATE NOCASE) IS TRUE)  as count FROM vt1, t0);
SELECT ALL * FROM vt1 WHERE (((((vt1.c0) NOT NULL))<=(((((vt1.c0)OR(vt1.c0)))OR(vt1.c0))))) ORDER BY ((((vt1.c0)IS(vt1.c0)))IS NOT((- (vt1.c0)))) DESC;
SELECT SUM(count) FROM (SELECT ((((((vt1.c0) NOT NULL))<=(((((vt1.c0)OR(vt1.c0)))OR(vt1.c0))))) IS TRUE)  as count FROM vt1 ORDER BY ((((vt1.c0)IS(vt1.c0)))IS NOT((- (vt1.c0)))) DESC);
SELECT * FROM vt1, t0 WHERE (vt1.c0) ORDER BY ((('926336450'))!=((CAST(vt1.c0 AS INTEGER))))  NULLS LAST;
SELECT SUM(count) FROM (SELECT ((vt1.c0) IS TRUE)  as count FROM vt1, t0 ORDER BY ((('926336450'))!=((CAST(vt1.c0 AS INTEGER))))  NULLS LAST);
SELECT COUNT(*) FROM vt1, t0 WHERE (CASE WHEN CASE WHEN t0.c0 THEN vt1.c0 WHEN t0.c0 THEN t0.c0 WHEN t0.c0 THEN vt1.c0 END THEN ((t0.c0)IS(vt1.c0)) WHEN ((vt1.c0)OR(vt1.c0)) THEN (NOT (t0.c0)) WHEN ((vt1.c0) NOT BETWEEN (vt1.c0) AND (t0.c0)) THEN ((vt1.c0) IS FALSE) ELSE (NOT (t0.c0)) END) ORDER BY (((t0.c0)) BETWEEN ((((vt1.c0)OR(vt1.c0)))) AND ((ABS(t0.c0))));
SELECT SUM(count) FROM (SELECT ((CASE WHEN CASE WHEN t0.c0 THEN vt1.c0 WHEN t0.c0 THEN t0.c0 WHEN t0.c0 THEN vt1.c0 END THEN ((t0.c0)IS(vt1.c0)) WHEN ((vt1.c0)OR(vt1.c0)) THEN (NOT (t0.c0)) WHEN ((vt1.c0) NOT BETWEEN (vt1.c0) AND (t0.c0)) THEN ((vt1.c0) IS FALSE) ELSE (NOT (t0.c0)) END) IS TRUE)  as count FROM vt1, t0 ORDER BY (((t0.c0)) BETWEEN ((((vt1.c0)OR(vt1.c0)))) AND ((ABS(t0.c0)))));
SELECT ALL * FROM t0, vt1 WHERE ((((((((((t0.c0)AND(vt1.c0)))AND(t0.c0)))OR(t0.c0)))OR(vt1.c0)) IN ())) ORDER BY ((t0.c0) BETWEEN (((t0.c0) IS FALSE)) AND (CASE t0.c0  WHEN t0.c0 THEN t0.c0 WHEN vt1.c0 THEN t0.c0 WHEN 0x16e57984 THEN '191851229' ELSE 'wvmA|v?d' END))  NULLS FIRST, ((json(t0.c0)) ISNULL) ASC;
SELECT SUM(count) FROM (SELECT ALL (((((((((((t0.c0)AND(vt1.c0)))AND(t0.c0)))OR(t0.c0)))OR(vt1.c0)) IN ())) IS TRUE)  as count FROM t0, vt1 ORDER BY ((t0.c0) BETWEEN (((t0.c0) IS FALSE)) AND (CASE t0.c0  WHEN t0.c0 THEN t0.c0 WHEN vt1.c0 THEN t0.c0 WHEN 0X16e57984 THEN '191851229' ELSE 'wvmA|v?d' END))  NULLS FIRST, ((json(t0.c0)) ISNULL) ASC);
SELECT * FROM vt1, t0 WHERE (CAST((~ (t0.c0)) AS TEXT)) ORDER BY ((x'') IS TRUE);
SELECT SUM(count) FROM (SELECT ((CAST((~ (t0.c0)) AS TEXT)) IS TRUE)  as count FROM vt1, t0 ORDER BY ((x'') IS TRUE));
SELECT * FROM vt1 WHERE (((CASE vt1.c0  WHEN vt1.c0 THEN vt1.c0 END) ISNULL)) ORDER BY '9E2(fjH6' DESC  NULLS LAST, CASE WHEN ((vt1.c0) NOT BETWEEN (vt1.c0) AND ('V1')) THEN CAST(vt1.c0 AS INTEGER) ELSE (((vt1.c0, vt1.c0, vt1.c0, vt1.c0, vt1.c0)) NOT BETWEEN ((vt1.c0, vt1.c0, vt1.c0, vt1.c0, vt1.c0)) AND ((vt1.c0, vt1.c0, vt1.c0, vt1.c0, vt1.c0))) END;
SELECT SUM(count) FROM (SELECT ALL ((((CASE vt1.c0  WHEN vt1.c0 THEN vt1.c0 END) ISNULL)) IS TRUE)  as count FROM vt1 ORDER BY '9E2(fjH6' DESC  NULLS LAST, CASE WHEN ((vt1.c0) NOT BETWEEN (vt1.c0) AND ('V1')) THEN CAST(vt1.c0 AS INTEGER) ELSE (((vt1.c0, vt1.c0, vt1.c0, vt1.c0, vt1.c0)) NOT BETWEEN ((vt1.c0, vt1.c0, vt1.c0, vt1.c0, vt1.c0)) AND ((vt1.c0, vt1.c0, vt1.c0, vt1.c0, vt1.c0))) END);
SELECT COUNT(*) FROM vt1, t0 WHERE ((((vt1.c0 IN ()))-(0.8629585178089926))) ORDER BY ((((((((((NULL) NOT BETWEEN (vt1.c0) AND (t0.c0)))OR(((t0.c0) ISNULL))))OR(t0.c0)))OR('')))AND((- (t0.c0))));
SELECT SUM(count) FROM (SELECT ALL (((((vt1.c0 IN ()))-(0.8629585178089926))) IS TRUE)  as count FROM vt1, t0 ORDER BY ((((((((((NULL) NOT BETWEEN (vt1.c0) AND (t0.c0)))OR(((t0.c0) ISNULL))))OR(t0.c0)))OR('')))AND((- (t0.c0)))));
SELECT COUNT(*) FROM vt1 NATURAL JOIN t0 WHERE (CASE ((t0.c0)AND(vt1.c0))  WHEN NULL THEN (((0.20339204573803238)) NOT BETWEEN ((0Xffffffff84a01c3c)) AND ((vt1.c0))) END) ORDER BY t0.c0 DESC;
SELECT SUM(count) FROM (SELECT ((CASE ((t0.c0)AND(vt1.c0))  WHEN NULL THEN (((0.20339204573803238)) NOT BETWEEN ((0xffffffff84a01c3c)) AND ((vt1.c0))) END) IS TRUE)  as count FROM vt1 NATURAL JOIN t0 ORDER BY t0.c0 DESC);
SELECT * FROM t0, vt1 WHERE (CAST((((t0.c0, vt1.c0, vt1.c0, t0.c0, t0.c0)) NOT BETWEEN ((vt1.c0, t0.c0, x'', vt1.c0, t0.c0)) AND ((vt1.c0, vt1.c0, vt1.c0, t0.c0, t0.c0))) AS TEXT)) ORDER BY CAST(t0.c0 AS NUMERIC)  NULLS LAST, (((t0.c0)) NOT BETWEEN ((t0.c0)) AND ((t0.c0))) COLLATE RTRIM ASC  NULLS LAST, ((t0.c0) NOTNULL) COLLATE RTRIM DESC;
SELECT SUM(count) FROM (SELECT ((CAST((((t0.c0, vt1.c0, vt1.c0, t0.c0, t0.c0)) NOT BETWEEN ((vt1.c0, t0.c0, x'', vt1.c0, t0.c0)) AND ((vt1.c0, vt1.c0, vt1.c0, t0.c0, t0.c0))) AS TEXT)) IS TRUE)  as count FROM t0, vt1 ORDER BY CAST(t0.c0 AS NUMERIC)  NULLS LAST, (((t0.c0)) NOT BETWEEN ((t0.c0)) AND ((t0.c0))) COLLATE RTRIM ASC  NULLS LAST, ((t0.c0) NOTNULL) COLLATE RTRIM DESC);
SELECT COUNT(*) FROM t0 NATURAL JOIN vt1 WHERE (CAST(((vt1.c0) NOTNULL) AS BLOB));
SELECT SUM(count) FROM (SELECT ALL ((CAST(((vt1.c0) NOTNULL) AS BLOB)) IS TRUE)  as count FROM t0 NATURAL JOIN vt1);
SELECT COUNT(*) FROM vt1 WHERE (((((vt1.c0) NOT BETWEEN (0x3c6407b2) AND (vt1.c0))) NOT BETWEEN (((vt1.c0) BETWEEN (vt1.c0) AND (vt1.c0))) AND (CAST(vt1.c0 AS REAL)))) ORDER BY ((((((((((vt1.c0)OR(vt1.c0)))AND('348275787')))AND(vt1.c0)))AND(vt1.c0)))<(vt1.c0 COLLATE BINARY)) ASC, json_array_length('o', 0.05732484472033261)  NULLS LAST;
SELECT SUM(count) FROM (SELECT ALL ((((((vt1.c0) NOT BETWEEN (0X3c6407b2) AND (vt1.c0))) NOT BETWEEN (((vt1.c0) BETWEEN (vt1.c0) AND (vt1.c0))) AND (CAST(vt1.c0 AS REAL)))) IS TRUE)  as count FROM vt1 ORDER BY ((((((((((vt1.c0)OR(vt1.c0)))AND('348275787')))AND(vt1.c0)))AND(vt1.c0)))<(vt1.c0 COLLATE BINARY)) ASC, json_array_length('o', 0.05732484472033261)  NULLS LAST);
SELECT * FROM t0 WHERE (((t0.c0)<<(CAST(t0.c0 AS NUMERIC))));
SELECT SUM(count) FROM (SELECT ((((t0.c0)<<(CAST(t0.c0 AS NUMERIC)))) IS TRUE)  as count FROM t0);
SELECT ALL * FROM vt1, t0 WHERE ((((~ (t0.c0))) BETWEEN ((('hP') ISNULL)) AND (((t0.c0)==(vt1.c0))))) ORDER BY CAST(((x'')||(vt1.c0)) AS NUMERIC) ASC;
SELECT SUM(count) FROM (SELECT ALL (((((~ (t0.c0))) BETWEEN ((('hP') ISNULL)) AND (((t0.c0)==(vt1.c0))))) IS TRUE)  as count FROM vt1, t0 ORDER BY CAST(((x'')||(vt1.c0)) AS NUMERIC) ASC);
SELECT ALL COUNT(*) FROM vt1 FULL OUTER JOIN t0 ON ((t0.c0)-(0.20339204573803238)) COLLATE BINARY WHERE (CAST(((t0.c0) BETWEEN (t0.c0) AND (vt1.c0)) AS TEXT));
SELECT SUM(count) FROM (SELECT ALL ((CAST(((t0.c0) BETWEEN (t0.c0) AND (vt1.c0)) AS TEXT)) IS TRUE)  as count FROM vt1 FULL OUTER JOIN t0 ON ((t0.c0)-(0.20339204573803238)) COLLATE BINARY);
SELECT ALL * FROM t0 WHERE (0.2775044773394819);
SELECT SUM(count) FROM (SELECT ALL ((0.2775044773394819) IS TRUE)  as count FROM t0);
SELECT ALL * FROM vt1 WHERE (CAST(((vt1.c0) NOT BETWEEN (NULL) AND (vt1.c0)) AS REAL)) ORDER BY CAST(((vt1.c0) ISNULL) AS BLOB) ASC, (((((vt1.c0)) BETWEEN ((vt1.c0)) AND (('9223372036854775807')))) ISNULL) ASC  NULLS FIRST;
SELECT SUM(count) FROM (SELECT ALL ((CAST(((vt1.c0) NOT BETWEEN (NULL) AND (vt1.c0)) AS REAL)) IS TRUE)  as count FROM vt1 ORDER BY CAST(((vt1.c0) ISNULL) AS BLOB) ASC, (((((vt1.c0)) BETWEEN ((vt1.c0)) AND (('9223372036854775807')))) ISNULL) ASC  NULLS FIRST);
SELECT ALL COUNT(*) FROM vt1, t0 WHERE (CAST(((vt1.c0) IS TRUE) AS BLOB)) ORDER BY CAST(t0.c0 AS INTEGER) DESC;
SELECT SUM(count) FROM (SELECT ALL ((CAST(((vt1.c0) IS TRUE) AS BLOB)) IS TRUE)  as count FROM vt1, t0 ORDER BY CAST(t0.c0 AS INTEGER) DESC);
SELECT ALL COUNT(*) FROM t0 WHERE (CAST(((('384137604')) BETWEEN ((t0.c0)) AND ((t0.c0))) AS INTEGER)) ORDER BY (((t0.c0)) NOT BETWEEN ((((t0.c0)+(t0.c0)))) AND (((NOT (t0.c0))))) DESC;
SELECT SUM(count) FROM (SELECT ALL ((CAST(((('384137604')) BETWEEN ((t0.c0)) AND ((t0.c0))) AS INTEGER)) IS TRUE)  as count FROM t0 ORDER BY (((t0.c0)) NOT BETWEEN ((((t0.c0)+(t0.c0)))) AND (((NOT (t0.c0))))) DESC);
SELECT ALL COUNT(*) FROM t0 WHERE (CASE ((t0.c0) IS FALSE)  WHEN '' THEN ((0x68e6e8bd) IS TRUE) WHEN ((t0.c0)||(t0.c0)) THEN ((t0.c0) NOT NULL) WHEN ABS(t0.c0) THEN t0.c0 COLLATE NOCASE END);
SELECT SUM(count) FROM (SELECT ((CASE ((t0.c0) IS FALSE)  WHEN '' THEN ((0X68e6e8bd) IS TRUE) WHEN ((t0.c0)||(t0.c0)) THEN ((t0.c0) NOT NULL) WHEN ABS(t0.c0) THEN t0.c0 COLLATE NOCASE END) IS TRUE)  as count FROM t0);
SELECT COUNT(*) FROM vt1 WHERE ((((vt1.c0))<=((((vt1.c0) BETWEEN (vt1.c0) AND (vt1.c0)))))) ORDER BY ((((vt1.c0)LIKE(vt1.c0)))%(LOWER(DISTINCT vt1.c0))), (+ (((vt1.c0)<(vt1.c0)))) DESC, (- (CAST(vt1.c0 AS TEXT)));
SELECT SUM(count) FROM (SELECT ALL (((((vt1.c0))<=((((vt1.c0) BETWEEN (vt1.c0) AND (vt1.c0)))))) IS TRUE)  as count FROM vt1 ORDER BY ((((vt1.c0)LIKE(vt1.c0)))%(LOWER(DISTINCT vt1.c0))), (+ (((vt1.c0)<(vt1.c0)))) DESC, (- (CAST(vt1.c0 AS TEXT))));
SELECT * FROM vt1 RIGHT OUTER JOIN t0 ON (((t0.c0 IN ()))*(((((vt1.c0)OR(vt1.c0)))AND('1624550772')))) WHERE ((((((vt1.c0)AND(t0.c0)))OR(NULL)) IN ()));
SELECT SUM(count) FROM (SELECT ALL (((((((vt1.c0)AND(t0.c0)))OR(NULL)) IN ())) IS TRUE)  as count FROM vt1 RIGHT OUTER JOIN t0 ON (((t0.c0 IN ()))*(((((vt1.c0)OR(vt1.c0)))AND('1624550772')))));
SELECT COUNT(*) FROM vt1, t0 WHERE ((((t0.c0)) BETWEEN ((((vt1.c0)-(t0.c0)))) AND ((((((vt1.c0)AND(t0.c0)))OR(t0.c0))))));
SELECT SUM(count) FROM (SELECT (((((t0.c0)) BETWEEN ((((vt1.c0)-(t0.c0)))) AND ((((((vt1.c0)AND(t0.c0)))OR(t0.c0)))))) IS TRUE)  as count FROM vt1, t0);
SELECT COUNT(*) FROM vt1, t0 WHERE (LIKELIHOOD(CAST(vt1.c0 AS INTEGER), 0.6972884406940817));
SELECT SUM(count) FROM (SELECT ALL ((LIKELIHOOD(CAST(vt1.c0 AS INTEGER), 0.6972884406940817)) IS TRUE)  as count FROM vt1, t0);
SELECT ALL * FROM vt1 WHERE (CASE WHEN CASE vt1.c0  WHEN vt1.c0 THEN vt1.c0 END THEN (~ ('9yrnh㡪monthsᣰ')) END) ORDER BY ((CAST(NULL AS REAL))<=(((((0.3009456065477194)AND(vt1.c0)))AND(vt1.c0))));
SELECT SUM(count) FROM (SELECT ALL ((CASE WHEN CASE vt1.c0  WHEN vt1.c0 THEN vt1.c0 END THEN (~ ('9yrnh㡪monthsᣰ')) END) IS TRUE)  as count FROM vt1 ORDER BY ((CAST(NULL AS REAL))<=(((((0.3009456065477194)AND(vt1.c0)))AND(vt1.c0)))));
SELECT ALL COUNT(*) FROM t0, vt1 WHERE (TRIM(DISTINCT vt1.c0 COLLATE NOCASE)) ORDER BY vt1.c0  NULLS FIRST;
SELECT SUM(count) FROM (SELECT ((TRIM(DISTINCT vt1.c0 COLLATE NOCASE)) IS TRUE)  as count FROM t0, vt1 ORDER BY vt1.c0  NULLS FIRST);
SELECT COUNT(*) FROM t0 WHERE ((((((t0.c0) NOT BETWEEN (t0.c0) AND (t0.c0))))<(((t0.c0 IN (t0.c0))))));
SELECT SUM(count) FROM (SELECT ALL (((((((t0.c0) NOT BETWEEN (t0.c0) AND (t0.c0))))<(((t0.c0 IN (t0.c0)))))) IS TRUE)  as count FROM t0);
SELECT * FROM vt1 WHERE ((('')==(RTRIM(vt1.c0))));
SELECT SUM(count) FROM (SELECT ALL (((('')==(RTRIM(vt1.c0)))) IS TRUE)  as count FROM vt1);
SELECT * FROM t0, vt1 WHERE (CAST(((vt1.c0) NOT BETWEEN (x'a2ec') AND (t0.c0)) AS REAL)) ORDER BY IFNULL(DISTINCT (vt1.c0 IN ()), '0!8\yVUl'), ((t0.c0)&(vt1.c0)) COLLATE RTRIM DESC  NULLS LAST;
SELECT SUM(count) FROM (SELECT ((CAST(((vt1.c0) NOT BETWEEN (x'a2ec') AND (t0.c0)) AS REAL)) IS TRUE)  as count FROM t0, vt1 ORDER BY IFNULL(DISTINCT (vt1.c0 IN ()), '0!8\yVUl'), ((t0.c0)&(vt1.c0)) COLLATE RTRIM DESC  NULLS LAST);
SELECT ALL * FROM vt1 WHERE (LTRIM(TRIM(vt1.c0, vt1.c0), '974153889'));
SELECT SUM(count) FROM (SELECT ((LTRIM(TRIM(vt1.c0, vt1.c0), '974153889')) IS TRUE)  as count FROM vt1);
SELECT COUNT(*) FROM vt1 FULL OUTER JOIN t0 ON ((NOT (vt1.c0)) IN ()) WHERE (((t0.c0)-(((NULL) NOT BETWEEN (vt1.c0) AND (vt1.c0)))));
SELECT SUM(count) FROM (SELECT ALL ((((t0.c0)-(((NULL) NOT BETWEEN (vt1.c0) AND (vt1.c0))))) IS TRUE)  as count FROM vt1 FULL OUTER JOIN t0 ON ((NOT (vt1.c0)) IN ()));
SELECT COUNT(*) FROM vt1 WHERE ((~ (CASE vt1.c0  WHEN vt1.c0 THEN 0.44698314182931465 WHEN vt1.c0 THEN vt1.c0 WHEN vt1.c0 THEN vt1.c0 ELSE vt1.c0 END)));
SELECT SUM(count) FROM (SELECT (((~ (CASE vt1.c0  WHEN vt1.c0 THEN 0.44698314182931465 WHEN vt1.c0 THEN vt1.c0 WHEN vt1.c0 THEN vt1.c0 ELSE vt1.c0 END))) IS TRUE)  as count FROM vt1);
SELECT * FROM vt1 CROSS JOIN t0 ON (((((t0.c0, t0.c0, vt1.c0)) BETWEEN ((t0.c0, NULL, vt1.c0)) AND ((t0.c0, vt1.c0, t0.c0)))) NOTNULL) WHERE (CASE ((t0.c0)==(vt1.c0))  WHEN ((vt1.c0) NOTNULL) THEN LOWER(vt1.c0) WHEN (NOT (vt1.c0)) THEN ((t0.c0)OR(t0.c0)) WHEN ((t0.c0)>(t0.c0)) THEN (t0.c0 IN (vt1.c0)) ELSE 0.5736463666877339 END) ORDER BY CAST(t0.c0 AS TEXT), SQLITE_COMPILEOPTION_USED(((((t0.c0)OR(vt1.c0)))OR(vt1.c0)))  NULLS FIRST;
SELECT SUM(count) FROM (SELECT ALL ((CASE ((t0.c0)=(vt1.c0))  WHEN ((vt1.c0) NOTNULL) THEN LOWER(vt1.c0) WHEN (NOT (vt1.c0)) THEN ((t0.c0)OR(t0.c0)) WHEN ((t0.c0)>(t0.c0)) THEN (t0.c0 IN (vt1.c0)) ELSE 0.5736463666877339 END) IS TRUE)  as count FROM vt1 CROSS JOIN t0 ON (((((t0.c0, t0.c0, vt1.c0)) BETWEEN ((t0.c0, NULL, vt1.c0)) AND ((t0.c0, vt1.c0, t0.c0)))) NOTNULL) ORDER BY CAST(t0.c0 AS TEXT), SQLITE_COMPILEOPTION_USED(((((t0.c0)OR(vt1.c0)))OR(vt1.c0)))  NULLS FIRST);
SELECT ALL COUNT(*) FROM vt1 WHERE (((((((((NULL)AND(vt1.c0)))AND(vt1.c0)))AND((((vt1.c0))!=((vt1.c0))))))OR(vt1.c0 COLLATE RTRIM)));
SELECT SUM(count) FROM (SELECT ALL ((((((((((NULL)AND(vt1.c0)))AND(vt1.c0)))AND((((vt1.c0))!=((vt1.c0))))))OR(vt1.c0 COLLATE RTRIM))) IS TRUE)  as count FROM vt1);
SELECT * FROM t0 WHERE (t0.c0) ORDER BY ((t0.c0)%(t0.c0)) COLLATE NOCASE DESC  NULLS FIRST;
SELECT SUM(count) FROM (SELECT ((t0.c0) IS TRUE)  as count FROM t0 ORDER BY ((t0.c0)%(t0.c0)) COLLATE NOCASE DESC  NULLS FIRST);
SELECT * FROM vt1, t0 WHERE (t0.c0);
SELECT SUM(count) FROM (SELECT ALL ((t0.c0) IS TRUE)  as count FROM vt1, t0);
SELECT ALL COUNT(*) FROM t0 WHERE (((t0.c0 COLLATE BINARY)=(((t0.c0) ISNULL))));
SELECT SUM(count) FROM (SELECT ((((t0.c0 COLLATE BINARY)==(((t0.c0) ISNULL)))) IS TRUE)  as count FROM t0);
SELECT * FROM vt1, t0 WHERE ((((((NOT (t0.c0)))OR((t0.c0 IN (vt1.c0)))))OR('-9223372036854775808'))) ORDER BY ((vt1.c0)OR(t0.c0)) COLLATE BINARY;
SELECT SUM(count) FROM (SELECT (((((((NOT (t0.c0)))OR((t0.c0 IN (vt1.c0)))))OR('-9223372036854775808'))) IS TRUE)  as count FROM vt1, t0 ORDER BY ((vt1.c0)OR(t0.c0)) COLLATE BINARY);
SELECT ALL * FROM vt1 WHERE (x'') ORDER BY (((((('g{\n')&(vt1.c0)))AND(((vt1.c0)-(vt1.c0)))))AND(vt1.c0)), (NULL IN ())  NULLS FIRST;
SELECT SUM(count) FROM (SELECT ((x'') IS TRUE)  as count FROM vt1 ORDER BY (((((('g{\n')&(vt1.c0)))AND(((vt1.c0)-(vt1.c0)))))AND(vt1.c0)), (NULL IN ())  NULLS FIRST);
SELECT ALL COUNT(*) FROM vt1 WHERE (((((((vt1.c0) BETWEEN (vt1.c0) AND (vt1.c0)))AND(vt1.c0 COLLATE NOCASE)))OR(CAST(vt1.c0 AS TEXT)))) ORDER BY CAST(GLOB(vt1.c0, vt1.c0) AS REAL) DESC, (((vt1.c0 IN ())) IS FALSE)  NULLS FIRST;
SELECT SUM(count) FROM (SELECT ((((((((vt1.c0) BETWEEN (vt1.c0) AND (vt1.c0)))AND(vt1.c0 COLLATE NOCASE)))OR(CAST(vt1.c0 AS TEXT)))) IS TRUE)  as count FROM vt1 ORDER BY CAST(GLOB(vt1.c0, vt1.c0) AS REAL) DESC, (((vt1.c0 IN ())) IS FALSE)  NULLS FIRST);
SELECT ALL COUNT(*) FROM vt1 INNER JOIN t0 ON vt1.c0 WHERE ((~ (t0.c0)) COLLATE RTRIM) ORDER BY (((((t0.c0)) BETWEEN ((t0.c0)) AND ((vt1.c0)))) BETWEEN (NULL) AND (CASE vt1.c0  WHEN vt1.c0 THEN t0.c0 WHEN vt1.c0 THEN vt1.c0 WHEN t0.c0 THEN 0.9933575722342622 ELSE vt1.c0 END)) ASC  NULLS FIRST, ((((vt1.c0)|(t0.c0)))<=(((t0.c0) NOTNULL)));
SELECT SUM(count) FROM (SELECT (((~ (t0.c0)) COLLATE RTRIM) IS TRUE)  as count FROM vt1 INNER JOIN t0 ON vt1.c0 ORDER BY (((((t0.c0)) BETWEEN ((t0.c0)) AND ((vt1.c0)))) BETWEEN (NULL) AND (CASE vt1.c0  WHEN vt1.c0 THEN t0.c0 WHEN vt1.c0 THEN vt1.c0 WHEN t0.c0 THEN 0.9933575722342622 ELSE vt1.c0 END)) ASC  NULLS FIRST, ((((vt1.c0)|(t0.c0)))<=(((t0.c0) NOTNULL))));
SELECT * FROM t0, vt1 WHERE ((((vt1.c0)) NOT BETWEEN ((vt1.c0 COLLATE RTRIM)) AND ((((t0.c0) IS TRUE))))) ORDER BY (NOT (vt1.c0 COLLATE NOCASE));
SELECT SUM(count) FROM (SELECT (((((vt1.c0)) NOT BETWEEN ((vt1.c0 COLLATE RTRIM)) AND ((((t0.c0) IS TRUE))))) IS TRUE)  as count FROM t0, vt1 ORDER BY (NOT (vt1.c0 COLLATE NOCASE)));
SELECT COUNT(*) FROM t0 WHERE (TRIM(t0.c0, NULL) COLLATE BINARY) ORDER BY (- (CAST(t0.c0 AS BLOB)))  NULLS FIRST;
SELECT SUM(count) FROM (SELECT ALL ((TRIM(t0.c0, NULL) COLLATE BINARY) IS TRUE)  as count FROM t0 ORDER BY (- (CAST(t0.c0 AS BLOB)))  NULLS FIRST);
SELECT * FROM vt1, t0 WHERE ((((((((vt1.c0, t0.c0, NULL, vt1.c0, vt1.c0)) NOT BETWEEN ((t0.c0, t0.c0, t0.c0, x'93749423', vt1.c0)) AND ((t0.c0, vt1.c0, vt1.c0, vt1.c0, t0.c0))))OR(-80524055)))OR((- (t0.c0))))) ORDER BY (((CASE NULL  WHEN t0.c0 THEN t0.c0 END, ((vt1.c0) NOT BETWEEN (vt1.c0) AND (vt1.c0)), CAST(vt1.c0 AS REAL)))>((((((vt1.c0)AND(t0.c0)))OR(-9.5334354E7)), (((vt1.c0)) NOT BETWEEN ((vt1.c0)) AND ((vt1.c0))), ((((t0.c0)OR(vt1.c0)))AND(t0.c0))))) DESC, ((((NOT (vt1.c0))))<>((((((vt1.c0)AND(t0.c0)))OR(vt1.c0))))), TYPEOF(t0.c0) DESC;
SELECT SUM(count) FROM (SELECT ALL (((((((((vt1.c0, t0.c0, NULL, vt1.c0, vt1.c0)) NOT BETWEEN ((t0.c0, t0.c0, t0.c0, x'93749423', vt1.c0)) AND ((t0.c0, vt1.c0, vt1.c0, vt1.c0, t0.c0))))OR(-80524055)))OR((- (t0.c0))))) IS TRUE)  as count FROM vt1, t0 ORDER BY (((CASE NULL  WHEN t0.c0 THEN t0.c0 END, ((vt1.c0) NOT BETWEEN (vt1.c0) AND (vt1.c0)), CAST(vt1.c0 AS REAL)))>((((((vt1.c0)AND(t0.c0)))OR(-9.5334354E7)), (((vt1.c0)) NOT BETWEEN ((vt1.c0)) AND ((vt1.c0))), ((((t0.c0)OR(vt1.c0)))AND(t0.c0))))) DESC, ((((NOT (vt1.c0))))!=((((((vt1.c0)AND(t0.c0)))OR(vt1.c0))))), TYPEOF(t0.c0) DESC);
SELECT ALL COUNT(*) FROM t0 NOT INDEXED, vt1 WHERE ((((NOT (t0.c0)))<((((t0.c0)) NOT BETWEEN ((vt1.c0)) AND ((t0.c0))))));
SELECT SUM(count) FROM (SELECT (((((NOT (t0.c0)))<((((t0.c0)) NOT BETWEEN ((vt1.c0)) AND ((t0.c0)))))) IS TRUE)  as count FROM t0, vt1);
SELECT COUNT(*) FROM vt1 WHERE ((((((((((vt1.c0 IN ()))AND(vt1.c0)))OR(CASE WHEN vt1.c0 THEN vt1.c0 ELSE vt1.c0 END)))OR(((((vt1.c0)AND(vt1.c0)))AND(vt1.c0)))))OR((('')&(vt1.c0)))));
SELECT SUM(count) FROM (SELECT (((((((((((vt1.c0 IN ()))AND(vt1.c0)))OR(CASE WHEN vt1.c0 THEN vt1.c0 ELSE vt1.c0 END)))OR(((((vt1.c0)AND(vt1.c0)))AND(vt1.c0)))))OR((('')&(vt1.c0))))) IS TRUE)  as count FROM vt1);
SELECT COUNT(*) FROM vt1, t0 WHERE (CASE WHEN (t0.c0 IN ()) THEN (vt1.c0 IN (vt1.c0)) ELSE (NOT (t0.c0)) END) ORDER BY ((('1e500' IN (vt1.c0, vt1.c0))) IS FALSE)  NULLS FIRST, (- (((vt1.c0) NOT BETWEEN (x'9d74') AND (t0.c0))));
SELECT SUM(count) FROM (SELECT ((CASE WHEN (t0.c0 IN ()) THEN (vt1.c0 IN (vt1.c0)) ELSE (NOT (t0.c0)) END) IS TRUE)  as count FROM vt1, t0 ORDER BY ((('1e500' IN (vt1.c0, vt1.c0))) IS FALSE)  NULLS FIRST, (- (((vt1.c0) NOT BETWEEN (x'9d74') AND (t0.c0)))));
SELECT COUNT(*) FROM vt1, t0 WHERE (CAST(((vt1.c0)==(t0.c0)) AS NUMERIC));
SELECT SUM(count) FROM (SELECT ALL ((CAST(((vt1.c0)=(t0.c0)) AS NUMERIC)) IS TRUE)  as count FROM vt1, t0);
SELECT ALL * FROM vt1, t0 WHERE (((t0.c0)IS(t0.c0)) COLLATE BINARY) ORDER BY (((+ (vt1.c0)))<(((((t0.c0)OR(vt1.c0)))OR(t0.c0)))) DESC, ((((vt1.c0)AND(((t0.c0)IS(vt1.c0)))))AND(NULL COLLATE RTRIM))  NULLS FIRST;
SELECT SUM(count) FROM (SELECT ((((t0.c0)IS(t0.c0)) COLLATE BINARY) IS TRUE)  as count FROM vt1, t0 ORDER BY (((+ (vt1.c0)))<(((((t0.c0)OR(vt1.c0)))OR(t0.c0)))) DESC, ((((vt1.c0)AND(((t0.c0)IS(vt1.c0)))))AND(NULL COLLATE RTRIM))  NULLS FIRST);
SELECT ALL * FROM vt1, t0 WHERE (vt1.c0);
SELECT SUM(count) FROM (SELECT ((vt1.c0) IS TRUE)  as count FROM vt1, t0);
SELECT * FROM t0, vt1 WHERE (((vt1.c0) BETWEEN (t0.c0) AND (vt1.c0)) COLLATE NOCASE) ORDER BY ((vt1.c0 COLLATE NOCASE) NOT BETWEEN ('1388172192') AND (CASE WHEN vt1.c0 THEN vt1.c0 ELSE t0.c0 END))  NULLS LAST, t0.c0  NULLS FIRST;
SELECT SUM(count) FROM (SELECT ALL ((((vt1.c0) BETWEEN (t0.c0) AND (vt1.c0)) COLLATE NOCASE) IS TRUE)  as count FROM t0, vt1 ORDER BY ((vt1.c0 COLLATE NOCASE) NOT BETWEEN ('1388172192') AND (CASE WHEN vt1.c0 THEN vt1.c0 ELSE t0.c0 END))  NULLS LAST, t0.c0  NULLS FIRST);
SELECT COUNT(*) FROM vt1 WHERE (CAST((((vt1.c0))==((vt1.c0))) AS BLOB));
SELECT SUM(count) FROM (SELECT ((CAST((((vt1.c0))==((vt1.c0))) AS BLOB)) IS TRUE)  as count FROM vt1);
SELECT ALL * FROM vt1, t0 WHERE (json_quote((((t0.c0))>=((t0.c0)))));
SELECT SUM(count) FROM (SELECT ALL ((json_quote((((t0.c0))>=((t0.c0))))) IS TRUE)  as count FROM vt1, t0);
SELECT * FROM vt1, t0 WHERE (CAST(((vt1.c0) NOT BETWEEN (vt1.c0) AND (vt1.c0)) AS BLOB)) ORDER BY (NOT ((vt1.c0 IN (t0.c0))))  NULLS FIRST;
SELECT SUM(count) FROM (SELECT ((CAST(((vt1.c0) NOT BETWEEN (vt1.c0) AND (vt1.c0)) AS BLOB)) IS TRUE)  as count FROM vt1, t0 ORDER BY (NOT ((vt1.c0 IN (t0.c0))))  NULLS FIRST);
SELECT * FROM vt1 NOT INDEXED, t0 WHERE (CAST(x'ce8e' AS REAL)) ORDER BY ((((((((((vt1.c0)!=(t0.c0)))OR(((((vt1.c0)OR(vt1.c0)))AND(vt1.c0)))))AND(((vt1.c0) NOT NULL))))AND((vt1.c0 IN ()))))AND((0.029121419987353958 IN ()))) ASC  NULLS FIRST;
SELECT SUM(count) FROM (SELECT ((CAST(x'ce8e' AS REAL)) IS TRUE)  as count FROM vt1, t0 ORDER BY ((((((((((vt1.c0)<>(t0.c0)))OR(((((vt1.c0)OR(vt1.c0)))AND(vt1.c0)))))AND(((vt1.c0) NOT NULL))))AND((vt1.c0 IN ()))))AND((0.029121419987353958 IN ()))) ASC  NULLS FIRST);
SELECT COUNT(*) FROM t0 WHERE (COALESCE(t0.c0 COLLATE RTRIM, ((t0.c0)=(t0.c0)), t0.c0, ((t0.c0) NOT BETWEEN (t0.c0) AND (t0.c0)))) ORDER BY (- (CAST(t0.c0 AS INTEGER))), (((t0.c0)) NOT BETWEEN ((t0.c0)) AND ((t0.c0 COLLATE BINARY))) ASC;
SELECT SUM(count) FROM (SELECT ((COALESCE(t0.c0 COLLATE RTRIM, ((t0.c0)=(t0.c0)), t0.c0, ((t0.c0) NOT BETWEEN (t0.c0) AND (t0.c0)))) IS TRUE)  as count FROM t0 ORDER BY (- (CAST(t0.c0 AS INTEGER))), (((t0.c0)) NOT BETWEEN ((t0.c0)) AND ((t0.c0 COLLATE BINARY))) ASC);
SELECT ALL * FROM vt1, t0 WHERE (CAST(((vt1.c0) NOTNULL) AS REAL)) ORDER BY t0.c0 DESC;
SELECT SUM(count) FROM (SELECT ALL ((CAST(((vt1.c0) NOTNULL) AS REAL)) IS TRUE)  as count FROM vt1, t0 ORDER BY t0.c0 DESC);
SELECT COUNT(*) FROM vt1 WHERE (CASE ((vt1.c0)OR(vt1.c0))  WHEN vt1.c0 COLLATE NOCASE THEN CASE WHEN vt1.c0 THEN vt1.c0 WHEN vt1.c0 THEN vt1.c0 WHEN vt1.c0 THEN vt1.c0 ELSE vt1.c0 END END) ORDER BY (((0.9933575722342622)) NOT BETWEEN (((((vt1.c0, vt1.c0, vt1.c0)) NOT BETWEEN ((vt1.c0, vt1.c0, vt1.c0)) AND ((vt1.c0, vt1.c0, vt1.c0))))) AND ((CAST(vt1.c0 AS NUMERIC))))  NULLS FIRST, ((((((vt1.c0, vt1.c0, vt1.c0))=((vt1.c0, vt1.c0, vt1.c0))), vt1.c0 COLLATE NOCASE, ((vt1.c0) ISNULL)))==((((vt1.c0) BETWEEN (vt1.c0) AND (vt1.c0)), (~ (vt1.c0)), ((vt1.c0)<=(vt1.c0))))) ASC;
SELECT SUM(count) FROM (SELECT ((CASE ((vt1.c0)OR(vt1.c0))  WHEN vt1.c0 COLLATE NOCASE THEN CASE WHEN vt1.c0 THEN vt1.c0 WHEN vt1.c0 THEN vt1.c0 WHEN vt1.c0 THEN vt1.c0 ELSE vt1.c0 END END) IS TRUE)  as count FROM vt1 ORDER BY (((0.9933575722342622)) NOT BETWEEN (((((vt1.c0, vt1.c0, vt1.c0)) NOT BETWEEN ((vt1.c0, vt1.c0, vt1.c0)) AND ((vt1.c0, vt1.c0, vt1.c0))))) AND ((CAST(vt1.c0 AS NUMERIC))))  NULLS FIRST, ((((((vt1.c0, vt1.c0, vt1.c0))=((vt1.c0, vt1.c0, vt1.c0))), vt1.c0 COLLATE NOCASE, ((vt1.c0) ISNULL)))=((((vt1.c0) BETWEEN (vt1.c0) AND (vt1.c0)), (~ (vt1.c0)), ((vt1.c0)<=(vt1.c0))))) ASC);
SELECT ALL COUNT(*) FROM vt1 WHERE (((((vt1.c0)GLOB(vt1.c0))) ISNULL)) ORDER BY (vt1.c0 COLLATE BINARY IN (((((vt1.c0)AND(vt1.c0)))OR(vt1.c0))));
SELECT SUM(count) FROM (SELECT ((((((vt1.c0)GLOB(vt1.c0))) ISNULL)) IS TRUE)  as count FROM vt1 ORDER BY (vt1.c0 COLLATE BINARY IN (((((vt1.c0)AND(vt1.c0)))OR(vt1.c0)))));
SELECT * FROM t0 RIGHT OUTER JOIN vt1 ON (((((vt1.c0))>((t0.c0)))) IS TRUE) WHERE (CAST(((('c	', x'980d', vt1.c0))!=((x'', vt1.c0, t0.c0))) AS REAL));
SELECT SUM(count) FROM (SELECT ((CAST(((('c	', x'980d', vt1.c0))<>((x'', vt1.c0, t0.c0))) AS REAL)) IS TRUE)  as count FROM t0 RIGHT OUTER JOIN vt1 ON (((((vt1.c0))>((t0.c0)))) IS TRUE));
SELECT COUNT(*) FROM t0 WHERE (CAST(NULL AS INTEGER)) ORDER BY TIME(((((t0.c0)AND(t0.c0)))OR(t0.c0)), ((t0.c0)|(t0.c0)), t0.c0 COLLATE BINARY) ASC  NULLS LAST;
SELECT SUM(count) FROM (SELECT ALL ((CAST(NULL AS INTEGER)) IS TRUE)  as count FROM t0 ORDER BY TIME(((((t0.c0)AND(t0.c0)))OR(t0.c0)), ((t0.c0)|(t0.c0)), t0.c0 COLLATE BINARY) ASC  NULLS LAST);
SELECT COUNT(*) FROM t0, vt1 WHERE (((CAST(NULL AS BLOB)) NOT NULL)) ORDER BY vt1.c0 ASC  NULLS FIRST;
SELECT SUM(count) FROM (SELECT ALL ((((CAST(NULL AS BLOB)) NOT NULL)) IS TRUE)  as count FROM t0, vt1 ORDER BY vt1.c0 ASC  NULLS FIRST);
SELECT ALL COUNT(*) FROM t0 FULL OUTER JOIN vt1 ON (~ (((t0.c0)OR(vt1.c0)))) WHERE (json_extract(((vt1.c0) NOT NULL), ((((vt1.c0)AND(t0.c0)))OR(NULL)))) ORDER BY ((CASE t0.c0  WHEN t0.c0 THEN t0.c0 END)>(CASE t0.c0  WHEN x'' THEN vt1.c0 WHEN vt1.c0 THEN t0.c0 WHEN vt1.c0 THEN '' ELSE vt1.c0 END)) DESC;
SELECT SUM(count) FROM (SELECT ((json_extract(((vt1.c0) NOT NULL), ((((vt1.c0)AND(t0.c0)))OR(NULL)))) IS TRUE)  as count FROM t0 FULL OUTER JOIN vt1 ON (~ (((t0.c0)OR(vt1.c0)))) ORDER BY ((CASE t0.c0  WHEN t0.c0 THEN t0.c0 END)>(CASE t0.c0  WHEN x'' THEN vt1.c0 WHEN vt1.c0 THEN t0.c0 WHEN vt1.c0 THEN '' ELSE vt1.c0 END)) DESC);
SELECT ALL * FROM t0 WHERE ((((t0.c0, t0.c0, t0.c0)) NOT BETWEEN (((- (t0.c0)), NULL COLLATE RTRIM, CASE WHEN t0.c0 THEN t0.c0 WHEN t0.c0 THEN t0.c0 WHEN '' THEN t0.c0 WHEN t0.c0 THEN t0.c0 WHEN 0.9980149172648772 THEN t0.c0 END)) AND ((0.6028374554648566, CASE t0.c0  WHEN t0.c0 THEN t0.c0 ELSE x'' END, CAST(t0.c0 AS BLOB))))) ORDER BY CASE WHEN CAST(t0.c0 AS INTEGER) THEN (NOT (t0.c0)) ELSE NULL END DESC  NULLS LAST;
SELECT SUM(count) FROM (SELECT ALL (((((t0.c0, t0.c0, t0.c0)) NOT BETWEEN (((- (t0.c0)), NULL COLLATE RTRIM, CASE WHEN t0.c0 THEN t0.c0 WHEN t0.c0 THEN t0.c0 WHEN '' THEN t0.c0 WHEN t0.c0 THEN t0.c0 WHEN 0.9980149172648772 THEN t0.c0 END)) AND ((0.6028374554648566, CASE t0.c0  WHEN t0.c0 THEN t0.c0 ELSE x'' END, CAST(t0.c0 AS BLOB))))) IS TRUE)  as count FROM t0 ORDER BY CASE WHEN CAST(t0.c0 AS INTEGER) THEN (NOT (t0.c0)) ELSE NULL END DESC  NULLS LAST);
SELECT ALL * FROM t0 FULL OUTER JOIN vt1 ON PRINTF(rtreenode(vt1.c0, vt1.c0)) WHERE ((NOT (CASE vt1.c0  WHEN '0.31344896601164296' THEN vt1.c0 WHEN vt1.c0 THEN '' WHEN vt1.c0 THEN t0.c0 ELSE t0.c0 END))) ORDER BY ((((((vt1.c0)>=(t0.c0)))OR(((vt1.c0) BETWEEN (t0.c0) AND (vt1.c0)))))AND(((vt1.c0) NOT BETWEEN (t0.c0) AND (vt1.c0))));
SELECT SUM(count) FROM (SELECT ALL (((NOT (CASE vt1.c0  WHEN '0.31344896601164296' THEN vt1.c0 WHEN vt1.c0 THEN '' WHEN vt1.c0 THEN t0.c0 ELSE t0.c0 END))) IS TRUE)  as count FROM t0 FULL OUTER JOIN vt1 ON PRINTF(rtreenode(vt1.c0, vt1.c0)) ORDER BY ((((((vt1.c0)>=(t0.c0)))OR(((vt1.c0) BETWEEN (t0.c0) AND (vt1.c0)))))AND(((vt1.c0) NOT BETWEEN (t0.c0) AND (vt1.c0)))));
SELECT COUNT(*) FROM t0, vt1 WHERE (CASE WHEN vt1.c0 THEN t0.c0 END COLLATE NOCASE);
SELECT SUM(count) FROM (SELECT ALL ((CASE WHEN vt1.c0 THEN t0.c0 END COLLATE NOCASE) IS TRUE)  as count FROM t0, vt1);
SELECT ALL * FROM vt1, t0 WHERE (LIKE(((vt1.c0)/(vt1.c0)), 0.32712880082302753)) ORDER BY CASE WHEN (((vt1.c0)) BETWEEN ((t0.c0)) AND ((t0.c0))) THEN CAST(t0.c0 AS REAL) WHEN ((((t0.c0)OR(vt1.c0)))AND(vt1.c0)) THEN CAST(vt1.c0 AS INTEGER) WHEN ((vt1.c0)||(t0.c0)) THEN ((t0.c0) NOT BETWEEN (vt1.c0) AND (vt1.c0)) ELSE CASE t0.c0  WHEN vt1.c0 THEN t0.c0 WHEN NULL THEN vt1.c0 WHEN t0.c0 THEN vt1.c0 ELSE NULL END END  NULLS FIRST;
SELECT SUM(count) FROM (SELECT ((LIKE(((vt1.c0)/(vt1.c0)), 0.32712880082302753)) IS TRUE)  as count FROM vt1, t0 ORDER BY CASE WHEN (((vt1.c0)) BETWEEN ((t0.c0)) AND ((t0.c0))) THEN CAST(t0.c0 AS REAL) WHEN ((((t0.c0)OR(vt1.c0)))AND(vt1.c0)) THEN CAST(vt1.c0 AS INTEGER) WHEN ((vt1.c0)||(t0.c0)) THEN ((t0.c0) NOT BETWEEN (vt1.c0) AND (vt1.c0)) ELSE CASE t0.c0  WHEN vt1.c0 THEN t0.c0 WHEN NULL THEN vt1.c0 WHEN t0.c0 THEN vt1.c0 ELSE NULL END END  NULLS FIRST);
SELECT COUNT(*) FROM t0 WHERE (((((t0.c0) ISNULL))%(CASE WHEN t0.c0 THEN '1788856435' WHEN t0.c0 THEN t0.c0 WHEN t0.c0 THEN t0.c0 ELSE t0.c0 END))) ORDER BY ((((t0.c0)OR(CAST(t0.c0 AS BLOB))))AND(((t0.c0) IS TRUE)))  NULLS FIRST;
SELECT SUM(count) FROM (SELECT ((((((t0.c0) ISNULL))%(CASE WHEN t0.c0 THEN '1788856435' WHEN t0.c0 THEN t0.c0 WHEN t0.c0 THEN t0.c0 ELSE t0.c0 END))) IS TRUE)  as count FROM t0 ORDER BY ((((t0.c0)OR(CAST(t0.c0 AS BLOB))))AND(((t0.c0) IS TRUE)))  NULLS FIRST);
SELECT ALL * FROM t0, vt1 WHERE ((((((t0.c0)<(t0.c0))))==((TRIM(t0.c0)))));
SELECT SUM(count) FROM (SELECT (((((((t0.c0)<(t0.c0))))=((TRIM(t0.c0))))) IS TRUE)  as count FROM t0, vt1);
SELECT ALL * FROM t0 WHERE ('' COLLATE BINARY) ORDER BY (((((t0.c0, t0.c0, t0.c0))>=((t0.c0, t0.c0, t0.c0))))GLOB(UPPER(DISTINCT t0.c0)));
SELECT SUM(count) FROM (SELECT ALL (('' COLLATE BINARY) IS TRUE)  as count FROM t0 ORDER BY (((((t0.c0, t0.c0, t0.c0))>=((t0.c0, t0.c0, t0.c0))))GLOB(UPPER(DISTINCT t0.c0))));
SELECT COUNT(*) FROM vt1 WHERE (((((((((((((vt1.c0)AND(vt1.c0)))OR(vt1.c0)))AND(((vt1.c0) ISNULL))))AND(((vt1.c0)>>(vt1.c0)))))OR(((0.28472139772188243)&(vt1.c0)))))OR((((vt1.c0, '1169184297', vt1.c0)) BETWEEN ((vt1.c0, vt1.c0, vt1.c0)) AND ((vt1.c0, vt1.c0, vt1.c0)))))) ORDER BY ((((vt1.c0)AND(vt1.c0))) ISNULL) ASC;
SELECT SUM(count) FROM (SELECT ((((((((((((((vt1.c0)AND(vt1.c0)))OR(vt1.c0)))AND(((vt1.c0) ISNULL))))AND(((vt1.c0)>>(vt1.c0)))))OR(((0.28472139772188243)&(vt1.c0)))))OR((((vt1.c0, '1169184297', vt1.c0)) BETWEEN ((vt1.c0, vt1.c0, vt1.c0)) AND ((vt1.c0, vt1.c0, vt1.c0)))))) IS TRUE)  as count FROM vt1 ORDER BY ((((vt1.c0)AND(vt1.c0))) ISNULL) ASC);
SELECT ALL * FROM t0 WHERE (((x'')!=(CAST(t0.c0 AS INTEGER)))) ORDER BY (- (x'3f4b')) ASC, CAST(CAST(t0.c0 AS NUMERIC) AS INTEGER)  NULLS FIRST, CAST(((t0.c0) IS FALSE) AS TEXT) DESC;
SELECT SUM(count) FROM (SELECT ALL ((((x'')<>(CAST(t0.c0 AS INTEGER)))) IS TRUE)  as count FROM t0 ORDER BY (- (x'3f4b')) ASC, CAST(CAST(t0.c0 AS NUMERIC) AS INTEGER)  NULLS FIRST, CAST(((t0.c0) IS FALSE) AS TEXT) DESC);
SELECT ALL * FROM vt1 WHERE (((((((((((((((((vt1.c0)AND(vt1.c0 COLLATE RTRIM)))OR((((vt1.c0, vt1.c0, vt1.c0)) NOT BETWEEN ((vt1.c0, vt1.c0, vt1.c0)) AND ((vt1.c0, NULL, vt1.c0))))))AND(((vt1.c0)<(vt1.c0)))))AND(CAST(vt1.c0 AS BLOB))))AND('*-')))AND((((vt1.c0))>=((vt1.c0))))))OR(vt1.c0 COLLATE RTRIM)))AND(((((x'')OR(vt1.c0)))OR(vt1.c0))))) ORDER BY (((((vt1.c0)) NOT BETWEEN ((vt1.c0)) AND ((vt1.c0))))AND(CASE vt1.c0  WHEN vt1.c0 THEN vt1.c0 WHEN 0.5484140274615981 THEN vt1.c0 WHEN vt1.c0 THEN vt1.c0 WHEN vt1.c0 THEN vt1.c0 WHEN x'' THEN vt1.c0 ELSE vt1.c0 END))  NULLS FIRST;
SELECT SUM(count) FROM (SELECT ((((((((((((((((((vt1.c0)AND(vt1.c0 COLLATE RTRIM)))OR((((vt1.c0, vt1.c0, vt1.c0)) NOT BETWEEN ((vt1.c0, vt1.c0, vt1.c0)) AND ((vt1.c0, NULL, vt1.c0))))))AND(((vt1.c0)<(vt1.c0)))))AND(CAST(vt1.c0 AS BLOB))))AND('*-')))AND((((vt1.c0))>=((vt1.c0))))))OR(vt1.c0 COLLATE RTRIM)))AND(((((x'')OR(vt1.c0)))OR(vt1.c0))))) IS TRUE)  as count FROM vt1 ORDER BY (((((vt1.c0)) NOT BETWEEN ((vt1.c0)) AND ((vt1.c0))))AND(CASE vt1.c0  WHEN vt1.c0 THEN vt1.c0 WHEN 0.5484140274615981 THEN vt1.c0 WHEN vt1.c0 THEN vt1.c0 WHEN vt1.c0 THEN vt1.c0 WHEN x'' THEN vt1.c0 ELSE vt1.c0 END))  NULLS FIRST);
SELECT ALL * FROM vt1, t0 WHERE (vt1.c0) ORDER BY ((JULIANDAY('1528828993', t0.c0, t0.c0, t0.c0, vt1.c0, t0.c0, vt1.c0))>(CASE t0.c0  WHEN t0.c0 THEN vt1.c0 WHEN vt1.c0 THEN vt1.c0 WHEN t0.c0 THEN t0.c0 WHEN vt1.c0 THEN t0.c0 WHEN t0.c0 THEN vt1.c0 ELSE vt1.c0 END));
SELECT SUM(count) FROM (SELECT ((vt1.c0) IS TRUE)  as count FROM vt1, t0 ORDER BY ((JULIANDAY('1528828993', t0.c0, t0.c0, t0.c0, vt1.c0, t0.c0, vt1.c0))>(CASE t0.c0  WHEN t0.c0 THEN vt1.c0 WHEN vt1.c0 THEN vt1.c0 WHEN t0.c0 THEN t0.c0 WHEN vt1.c0 THEN t0.c0 WHEN t0.c0 THEN vt1.c0 ELSE vt1.c0 END)));
SELECT ALL COUNT(*) FROM t0 WHERE (((((((t0.c0)OR(t0.c0)))OR(t0.c0)))LIKE((NOT (t0.c0)))));
SELECT SUM(count) FROM (SELECT ALL ((((((((t0.c0)OR(t0.c0)))OR(t0.c0)))LIKE((NOT (t0.c0))))) IS TRUE)  as count FROM t0);
SELECT COUNT(*) FROM vt1, t0 WHERE (NULL) ORDER BY (((CAST(vt1.c0 AS INTEGER)))>=(((NOT (vt1.c0)))));
SELECT SUM(count) FROM (SELECT ((NULL) IS TRUE)  as count FROM vt1, t0 ORDER BY (((CAST(vt1.c0 AS INTEGER)))>=(((NOT (vt1.c0))))));
SELECT * FROM t0 WHERE (((t0.c0) NOT BETWEEN ('%M\M') AND (((t0.c0)%(t0.c0))))) ORDER BY ((((t0.c0)/(t0.c0)))*(((t0.c0)>=('')))) ASC;
SELECT SUM(count) FROM (SELECT ALL ((((t0.c0) NOT BETWEEN ('%M\M') AND (((t0.c0)%(t0.c0))))) IS TRUE)  as count FROM t0 ORDER BY ((((t0.c0)/(t0.c0)))*(((t0.c0)>=('')))) ASC);
SELECT COUNT(*) FROM t0 WHERE (t0.c0) ORDER BY (+ (((t0.c0) ISNULL)))  NULLS FIRST;
SELECT SUM(count) FROM (SELECT ((t0.c0) IS TRUE)  as count FROM t0 ORDER BY (+ (((t0.c0) ISNULL)))  NULLS FIRST);
SELECT ALL COUNT(*) FROM vt1 WHERE (CASE WHEN ((vt1.c0) NOT NULL) THEN (~ (vt1.c0)) END) ORDER BY vt1.c0 ASC, ((((vt1.c0 COLLATE NOCASE)OR(vt1.c0 COLLATE NOCASE)))AND(((vt1.c0)>=(vt1.c0)))) DESC;
SELECT SUM(count) FROM (SELECT ((CASE WHEN ((vt1.c0) NOT NULL) THEN (~ (vt1.c0)) END) IS TRUE)  as count FROM vt1 ORDER BY vt1.c0 ASC, ((((vt1.c0 COLLATE NOCASE)OR(vt1.c0 COLLATE NOCASE)))AND(((vt1.c0)>=(vt1.c0)))) DESC);
SELECT COUNT(*) FROM vt1 WHERE (CASE WHEN CAST(vt1.c0 AS TEXT) THEN LIKELIHOOD(vt1.c0, 0.8522366301791894) ELSE ((vt1.c0)IS(vt1.c0)) END) ORDER BY ((NOT (vt1.c0)) IN (((((vt1.c0)AND(vt1.c0)))AND(vt1.c0)), CASE 0.35282389366223454  WHEN vt1.c0 THEN vt1.c0 ELSE vt1.c0 END)) DESC;
SELECT SUM(count) FROM (SELECT ALL ((CASE WHEN CAST(vt1.c0 AS TEXT) THEN LIKELIHOOD(vt1.c0, 0.8522366301791894) ELSE ((vt1.c0)IS(vt1.c0)) END) IS TRUE)  as count FROM vt1 ORDER BY ((NOT (vt1.c0)) IN (((((vt1.c0)AND(vt1.c0)))AND(vt1.c0)), CASE 0.35282389366223454  WHEN vt1.c0 THEN vt1.c0 ELSE vt1.c0 END)) DESC);
SELECT ALL COUNT(*) FROM t0, vt1 WHERE ((((((vt1.c0, t0.c0, t0.c0))<=((t0.c0, t0.c0, t0.c0))))=((((t0.c0, t0.c0, vt1.c0))==((t0.c0, t0.c0, t0.c0))))));
SELECT SUM(count) FROM (SELECT (((((((vt1.c0, t0.c0, t0.c0))<=((t0.c0, t0.c0, t0.c0))))==((((t0.c0, t0.c0, vt1.c0))=((t0.c0, t0.c0, t0.c0)))))) IS TRUE)  as count FROM t0, vt1);
SELECT * FROM vt1 RIGHT OUTER JOIN t0 ON ((vt1.c0 COLLATE RTRIM) NOT NULL) WHERE (((((vt1.c0)<<(vt1.c0)))>>(CASE t0.c0  WHEN t0.c0 THEN t0.c0 ELSE vt1.c0 END))) ORDER BY ''''  NULLS LAST;
SELECT SUM(count) FROM (SELECT ((((((vt1.c0)<<(vt1.c0)))>>(CASE t0.c0  WHEN t0.c0 THEN t0.c0 ELSE vt1.c0 END))) IS TRUE)  as count FROM vt1 RIGHT OUTER JOIN t0 ON ((vt1.c0 COLLATE RTRIM) NOT NULL) ORDER BY ''''  NULLS LAST);
SELECT COUNT(*) FROM vt1 WHERE (((vt1.c0 COLLATE NOCASE)<=(CASE WHEN 'W''' THEN vt1.c0 END))) ORDER BY ((((((((vt1.c0)OR(vt1.c0)))OR(vt1.c0)))AND(((vt1.c0) NOT BETWEEN (vt1.c0) AND (vt1.c0)))))AND(((0.4173843433629436)||(vt1.c0))));
SELECT SUM(count) FROM (SELECT ((((vt1.c0 COLLATE NOCASE)<=(CASE WHEN 'W''' THEN vt1.c0 END))) IS TRUE)  as count FROM vt1 ORDER BY ((((((((vt1.c0)OR(vt1.c0)))OR(vt1.c0)))AND(((vt1.c0) NOT BETWEEN (vt1.c0) AND (vt1.c0)))))AND(((0.4173843433629436)||(vt1.c0)))));
SELECT ALL COUNT(*) FROM t0, vt1 WHERE (CASE WHEN t0.c0 THEN (((vt1.c0)) BETWEEN ((t0.c0)) AND ((vt1.c0))) END) ORDER BY (vt1.c0 IN (t0.c0)) COLLATE BINARY;
SELECT SUM(count) FROM (SELECT ((CASE WHEN t0.c0 THEN (((vt1.c0)) BETWEEN ((t0.c0)) AND ((vt1.c0))) END) IS TRUE)  as count FROM t0, vt1 ORDER BY (vt1.c0 IN (t0.c0)) COLLATE BINARY);
SELECT COUNT(*) FROM t0 WHERE (((((t0.c0) BETWEEN (t0.c0) AND (t0.c0)))||((('1624550772')-(t0.c0)))));
SELECT SUM(count) FROM (SELECT ALL ((((((t0.c0) BETWEEN (t0.c0) AND (t0.c0)))||((('1624550772')-(t0.c0))))) IS TRUE)  as count FROM t0);
SELECT ALL COUNT(*) FROM vt1 WHERE (TRIM(CAST(vt1.c0 AS REAL)));
SELECT SUM(count) FROM (SELECT ((TRIM(CAST(vt1.c0 AS REAL))) IS TRUE)  as count FROM vt1);
SELECT * FROM vt1, t0 WHERE (t0.c0) ORDER BY (((vt1.c0)) NOT BETWEEN ((t0.c0)) AND ((vt1.c0))) COLLATE NOCASE;
SELECT SUM(count) FROM (SELECT ((t0.c0) IS TRUE)  as count FROM vt1, t0 ORDER BY (((vt1.c0)) NOT BETWEEN ((t0.c0)) AND ((vt1.c0))) COLLATE NOCASE);
SELECT ALL * FROM vt1, t0 WHERE (((((((((CASE vt1.c0  WHEN t0.c0 THEN t0.c0 ELSE vt1.c0 END)AND(CASE t0.c0  WHEN t0.c0 THEN vt1.c0 WHEN vt1.c0 THEN 0.4872830363708853 WHEN t0.c0 THEN t0.c0 END)))OR(((t0.c0)|(vt1.c0)))))AND((t0.c0 IN (vt1.c0, vt1.c0)))))AND(1.147632506E9)));
SELECT SUM(count) FROM (SELECT ((((((((((CASE vt1.c0  WHEN t0.c0 THEN t0.c0 ELSE vt1.c0 END)AND(CASE t0.c0  WHEN t0.c0 THEN vt1.c0 WHEN vt1.c0 THEN 0.4872830363708853 WHEN t0.c0 THEN t0.c0 END)))OR(((t0.c0)|(vt1.c0)))))AND((t0.c0 IN (vt1.c0, vt1.c0)))))AND(1.147632506E9))) IS TRUE)  as count FROM vt1, t0);
SELECT ALL COUNT(*) FROM t0, vt1 WHERE (SQLITE_SOURCE_ID());
SELECT SUM(count) FROM (SELECT ALL ((SQLITE_SOURCE_ID()) IS TRUE)  as count FROM t0, vt1);
SELECT ALL * FROM vt1, t0 WHERE (vt1.c0);
SELECT SUM(count) FROM (SELECT ((vt1.c0) IS TRUE)  as count FROM vt1, t0);
SELECT * FROM vt1 WHERE ((- ((((vt1.c0))<=((vt1.c0)))))) ORDER BY (((vt1.c0)<=(vt1.c0)) IN ());
SELECT SUM(count) FROM (SELECT ALL (((- ((((vt1.c0))<=((vt1.c0)))))) IS TRUE)  as count FROM vt1 ORDER BY (((vt1.c0)<=(vt1.c0)) IN ()));
SELECT * FROM t0 WHERE (x'') ORDER BY CASE ((t0.c0) IS TRUE)  WHEN (+ (t0.c0)) THEN (NOT (t0.c0)) WHEN (((t0.c0, t0.c0, t0.c0)) BETWEEN ((0.7202273093707454, t0.c0, t0.c0)) AND ((t0.c0, t0.c0, t0.c0))) THEN t0.c0 WHEN t0.c0 COLLATE RTRIM THEN '*ꊵ\nL' COLLATE BINARY END ASC  NULLS FIRST;
SELECT SUM(count) FROM (SELECT ((x'') IS TRUE)  as count FROM t0 ORDER BY CASE ((t0.c0) IS TRUE)  WHEN (+ (t0.c0)) THEN (NOT (t0.c0)) WHEN (((t0.c0, t0.c0, t0.c0)) BETWEEN ((0.7202273093707454, t0.c0, t0.c0)) AND ((t0.c0, t0.c0, t0.c0))) THEN t0.c0 WHEN t0.c0 COLLATE RTRIM THEN '*ꊵ\nL' COLLATE BINARY END ASC  NULLS FIRST);
SELECT COUNT(*) FROM t0 WHERE ((((t0.c0, t0.c0, t0.c0)) NOT BETWEEN ((CAST(t0.c0 AS TEXT), ((t0.c0)OR(t0.c0)), CASE t0.c0  WHEN t0.c0 THEN t0.c0 WHEN t0.c0 THEN t0.c0 WHEN t0.c0 THEN t0.c0 ELSE t0.c0 END)) AND ((CAST(t0.c0 AS TEXT), (t0.c0 IN ()), ((t0.c0)+(t0.c0))))));
SELECT SUM(count) FROM (SELECT ALL (((((t0.c0, t0.c0, t0.c0)) NOT BETWEEN ((CAST(t0.c0 AS TEXT), ((t0.c0)OR(t0.c0)), CASE t0.c0  WHEN t0.c0 THEN t0.c0 WHEN t0.c0 THEN t0.c0 WHEN t0.c0 THEN t0.c0 ELSE t0.c0 END)) AND ((CAST(t0.c0 AS TEXT), (t0.c0 IN ()), ((t0.c0)+(t0.c0)))))) IS TRUE)  as count FROM t0);
SELECT ALL * FROM t0 WHERE (((NOT (NULL)) IN ())) ORDER BY ((CAST(t0.c0 AS NUMERIC)) BETWEEN (CASE WHEN t0.c0 THEN t0.c0 END) AND ((t0.c0 IN ()))) DESC;
SELECT SUM(count) FROM (SELECT ((((NOT (NULL)) IN ())) IS TRUE)  as count FROM t0 ORDER BY ((CAST(t0.c0 AS NUMERIC)) BETWEEN (CASE WHEN t0.c0 THEN t0.c0 END) AND ((t0.c0 IN ()))) DESC);
SELECT ALL * FROM t0, vt1 WHERE ((((((vt1.c0)<(t0.c0))))<((((vt1.c0)OR(t0.c0)))))) ORDER BY (vt1.c0 IN ());
SELECT SUM(count) FROM (SELECT ALL (((((((vt1.c0)<(t0.c0))))<((((vt1.c0)OR(t0.c0)))))) IS TRUE)  as count FROM t0, vt1 ORDER BY (vt1.c0 IN ()));
SELECT * FROM vt1, t0 WHERE (((((((((((((CAST(vt1.c0 AS INTEGER))AND(TRIM(t0.c0))))OR(CAST(t0.c0 AS BLOB))))AND(CAST(t0.c0 AS BLOB))))AND(((vt1.c0)LIKE(vt1.c0)))))AND(vt1.c0 COLLATE BINARY)))OR(((vt1.c0)>(t0.c0)))));
SELECT SUM(count) FROM (SELECT ((((((((((((((CAST(vt1.c0 AS INTEGER))AND(TRIM(t0.c0))))OR(CAST(t0.c0 AS BLOB))))AND(CAST(t0.c0 AS BLOB))))AND(((vt1.c0)LIKE(vt1.c0)))))AND(vt1.c0 COLLATE BINARY)))OR(((vt1.c0)>(t0.c0))))) IS TRUE)  as count FROM vt1, t0);
SELECT COUNT(*) FROM t0 WHERE (CASE WHEN ((t0.c0) IS TRUE) THEN (t0.c0 IN (t0.c0)) END);
SELECT SUM(count) FROM (SELECT ALL ((CASE WHEN ((t0.c0) IS TRUE) THEN (t0.c0 IN (t0.c0)) END) IS TRUE)  as count FROM t0);
SELECT COUNT(*) FROM vt1 WHERE ((((NULL)) NOT BETWEEN (((vt1.c0 IN ()))) AND ((((((vt1.c0)AND(vt1.c0)))OR(vt1.c0))))));
SELECT SUM(count) FROM (SELECT (((((NULL)) NOT BETWEEN (((vt1.c0 IN ()))) AND ((((((vt1.c0)AND(vt1.c0)))OR(vt1.c0)))))) IS TRUE)  as count FROM vt1);
SELECT ALL * FROM vt1, t0 WHERE (((t0.c0 IN ()) IN ()));
SELECT SUM(count) FROM (SELECT ((((t0.c0 IN ()) IN ())) IS TRUE)  as count FROM vt1, t0);
SELECT ALL * FROM t0, vt1 WHERE (((((t0.c0)GLOB(vt1.c0)))>=(vt1.c0))) ORDER BY CHAR(CASE WHEN vt1.c0 THEN vt1.c0 ELSE vt1.c0 END, t0.c0 COLLATE BINARY, vt1.c0), (((t0.c0)) NOT BETWEEN (((~ (vt1.c0)))) AND ((CAST(t0.c0 AS TEXT)))) ASC  NULLS LAST;
SELECT SUM(count) FROM (SELECT ALL ((((((t0.c0)GLOB(vt1.c0)))>=(vt1.c0))) IS TRUE)  as count FROM t0, vt1 ORDER BY CHAR(CASE WHEN vt1.c0 THEN vt1.c0 ELSE vt1.c0 END, t0.c0 COLLATE BINARY, vt1.c0), (((t0.c0)) NOT BETWEEN (((~ (vt1.c0)))) AND ((CAST(t0.c0 AS TEXT)))) ASC  NULLS LAST);
SELECT ALL * FROM t0 WHERE (CASE WHEN ((1915369410) NOT NULL) THEN CASE WHEN t0.c0 THEN t0.c0 ELSE NULL END END) ORDER BY NULL  NULLS LAST;
SELECT SUM(count) FROM (SELECT ((CASE WHEN ((1915369410) NOT NULL) THEN CASE WHEN t0.c0 THEN t0.c0 ELSE NULL END END) IS TRUE)  as count FROM t0 ORDER BY NULL  NULLS LAST);
SELECT COUNT(*) FROM vt1, t0 WHERE (((((t0.c0) IS TRUE))<<(IFNULL(t0.c0, vt1.c0))));
SELECT SUM(count) FROM (SELECT ((((((t0.c0) IS TRUE))<<(IFNULL(t0.c0, vt1.c0)))) IS TRUE)  as count FROM vt1, t0);
SELECT COUNT(*) FROM vt1 WHERE ((- (vt1.c0 COLLATE BINARY))) ORDER BY (((((vt1.c0)) BETWEEN ((vt1.c0)) AND ((vt1.c0)))) NOT BETWEEN ((NOT (vt1.c0))) AND (((((x'2414')OR(vt1.c0)))OR(vt1.c0)))) DESC  NULLS LAST, ((((vt1.c0)LIKE(vt1.c0))) BETWEEN ((((vt1.c0, vt1.c0, 0.44698314182931465)) BETWEEN ((vt1.c0, vt1.c0, NULL)) AND ((vt1.c0, vt1.c0, vt1.c0)))) AND (vt1.c0 COLLATE RTRIM)) DESC  NULLS LAST, (((NOT (vt1.c0)))>>(CAST(vt1.c0 AS INTEGER)))  NULLS FIRST;
SELECT SUM(count) FROM (SELECT (((- (vt1.c0 COLLATE BINARY))) IS TRUE)  as count FROM vt1 ORDER BY (((((vt1.c0)) BETWEEN ((vt1.c0)) AND ((vt1.c0)))) NOT BETWEEN ((NOT (vt1.c0))) AND (((((x'2414')OR(vt1.c0)))OR(vt1.c0)))) DESC  NULLS LAST, ((((vt1.c0)LIKE(vt1.c0))) BETWEEN ((((vt1.c0, vt1.c0, 0.44698314182931465)) BETWEEN ((vt1.c0, vt1.c0, NULL)) AND ((vt1.c0, vt1.c0, vt1.c0)))) AND (vt1.c0 COLLATE RTRIM)) DESC  NULLS LAST, (((NOT (vt1.c0)))>>(CAST(vt1.c0 AS INTEGER)))  NULLS FIRST);
SELECT ALL COUNT(*) FROM t0 WHERE (CASE WHEN ((t0.c0) IS FALSE) THEN t0.c0 COLLATE RTRIM WHEN (+ (t0.c0)) THEN ((t0.c0)>(t0.c0)) WHEN ((t0.c0) IS FALSE) THEN CAST(t0.c0 AS INTEGER) ELSE json_extract(t0.c0, '563419439') END);
SELECT SUM(count) FROM (SELECT ALL ((CASE WHEN ((t0.c0) IS FALSE) THEN t0.c0 COLLATE RTRIM WHEN (+ (t0.c0)) THEN ((t0.c0)>(t0.c0)) WHEN ((t0.c0) IS FALSE) THEN CAST(t0.c0 AS INTEGER) ELSE json_extract(t0.c0, '563419439') END) IS TRUE)  as count FROM t0);
SELECT * FROM t0 NATURAL JOIN vt1 WHERE (CHAR(CASE vt1.c0  WHEN vt1.c0 THEN '-2013322811' END, (NOT (t0.c0)), t0.c0 COLLATE BINARY, ((vt1.c0) NOTNULL), ((t0.c0)IS(t0.c0)))) ORDER BY (- (((t0.c0)<=(t0.c0))));
SELECT SUM(count) FROM (SELECT ALL ((CHAR(CASE vt1.c0  WHEN vt1.c0 THEN '-2013322811' END, (NOT (t0.c0)), t0.c0 COLLATE BINARY, ((vt1.c0) NOTNULL), ((t0.c0)IS(t0.c0)))) IS TRUE)  as count FROM t0 NATURAL JOIN vt1 ORDER BY (- (((t0.c0)<=(t0.c0)))));
SELECT COUNT(*) FROM t0 WHERE (CAST(CAST(t0.c0 AS BLOB) AS REAL)) ORDER BY t0.c0 DESC  NULLS FIRST, (~ (((t0.c0)GLOB(t0.c0)))) ASC;
SELECT SUM(count) FROM (SELECT ALL ((CAST(CAST(t0.c0 AS BLOB) AS REAL)) IS TRUE)  as count FROM t0 ORDER BY t0.c0 DESC  NULLS FIRST, (~ (((t0.c0)GLOB(t0.c0)))) ASC);
SELECT * FROM t0, vt1 WHERE ((((((vt1.c0)) NOT BETWEEN ((t0.c0)) AND ((vt1.c0)))) NOT BETWEEN (CASE t0.c0  WHEN vt1.c0 THEN vt1.c0 END) AND (((vt1.c0) NOTNULL))));
SELECT SUM(count) FROM (SELECT ALL (((((((vt1.c0)) NOT BETWEEN ((t0.c0)) AND ((vt1.c0)))) NOT BETWEEN (CASE t0.c0  WHEN vt1.c0 THEN vt1.c0 END) AND (((vt1.c0) NOTNULL)))) IS TRUE)  as count FROM t0, vt1);
SELECT * FROM t0, vt1 WHERE ((((((t0.c0, t0.c0, t0.c0)) BETWEEN ((vt1.c0, vt1.c0, x'')) AND ((vt1.c0, x'', vt1.c0))))>=(CASE WHEN t0.c0 THEN vt1.c0 WHEN t0.c0 THEN vt1.c0 WHEN vt1.c0 THEN t0.c0 ELSE x'' END)));
SELECT SUM(count) FROM (SELECT ALL (((((((t0.c0, t0.c0, t0.c0)) BETWEEN ((vt1.c0, vt1.c0, x'')) AND ((vt1.c0, x'', vt1.c0))))>=(CASE WHEN t0.c0 THEN vt1.c0 WHEN t0.c0 THEN vt1.c0 WHEN vt1.c0 THEN t0.c0 ELSE x'' END))) IS TRUE)  as count FROM t0, vt1);
SELECT COUNT(*) FROM vt1 NATURAL JOIN t0 WHERE (CAST(((t0.c0)*(vt1.c0)) AS NUMERIC));
SELECT SUM(count) FROM (SELECT ((CAST(((t0.c0)*(vt1.c0)) AS NUMERIC)) IS TRUE)  as count FROM vt1 NATURAL JOIN t0);
SELECT ALL COUNT(*) FROM vt1 WHERE (((((NOT (vt1.c0))))<((((vt1.c0)>>(vt1.c0))))));
SELECT SUM(count) FROM (SELECT ((((((NOT (vt1.c0))))<((((vt1.c0)>>(vt1.c0)))))) IS TRUE)  as count FROM vt1);
SELECT COUNT(*) FROM vt1 RIGHT OUTER JOIN t0 ON ((CASE t0.c0  WHEN t0.c0 THEN t0.c0 ELSE t0.c0 END) IS FALSE) WHERE (CAST((vt1.c0 IN (t0.c0, vt1.c0)) AS REAL)) ORDER BY (((((t0.c0)) BETWEEN ((t0.c0)) AND ((0.17461037743171803))))GLOB(((vt1.c0)=(vt1.c0)))) ASC  NULLS LAST, CASE vt1.c0 COLLATE NOCASE  WHEN ((((t0.c0)OR(vt1.c0)))OR(vt1.c0)) THEN NULL ELSE CASE WHEN vt1.c0 THEN t0.c0 ELSE vt1.c0 END END;
SELECT SUM(count) FROM (SELECT ((CAST((vt1.c0 IN (t0.c0, vt1.c0)) AS REAL)) IS TRUE)  as count FROM vt1 RIGHT OUTER JOIN t0 ON ((CASE t0.c0  WHEN t0.c0 THEN t0.c0 ELSE t0.c0 END) IS FALSE) ORDER BY (((((t0.c0)) BETWEEN ((t0.c0)) AND ((0.17461037743171803))))GLOB(((vt1.c0)=(vt1.c0)))) ASC  NULLS LAST, CASE vt1.c0 COLLATE NOCASE  WHEN ((((t0.c0)OR(vt1.c0)))OR(vt1.c0)) THEN NULL ELSE CASE WHEN vt1.c0 THEN t0.c0 ELSE vt1.c0 END END);
SELECT COUNT(*) FROM t0 WHERE (LIKELY((t0.c0 IN (t0.c0, t0.c0))));
SELECT SUM(count) FROM (SELECT ALL ((LIKELY((t0.c0 IN (t0.c0, t0.c0)))) IS TRUE)  as count FROM t0);
SELECT * FROM vt1 CROSS JOIN t0 ON (CASE '4y8R'  WHEN t0.c0 THEN vt1.c0 END IN ()) WHERE (((((((((CAST(vt1.c0 AS REAL))OR(((t0.c0)GLOB(vt1.c0)))))OR(NULL)))AND(0.604435043423419)))OR(vt1.c0)));
SELECT SUM(count) FROM (SELECT ALL ((((((((((CAST(vt1.c0 AS REAL))OR(((t0.c0)GLOB(vt1.c0)))))OR(NULL)))AND(0.604435043423419)))OR(vt1.c0))) IS TRUE)  as count FROM vt1 CROSS JOIN t0 ON (CASE '4y8R'  WHEN t0.c0 THEN vt1.c0 END IN ()));
SELECT COUNT(*) FROM vt1 WHERE ((((-9.61055724E8))<((((vt1.c0) NOT NULL))))) ORDER BY ((NULL)IS NOT(((vt1.c0)/(vt1.c0))))  NULLS LAST;
SELECT SUM(count) FROM (SELECT ALL (((((-9.61055724E8))<((((vt1.c0) NOT NULL))))) IS TRUE)  as count FROM vt1 ORDER BY ((NULL)IS NOT(((vt1.c0)/(vt1.c0))))  NULLS LAST);
SELECT COUNT(*) FROM t0 WHERE ((((((t0.c0 IN ()))OR((t0.c0 IN ()))))AND('')));
SELECT SUM(count) FROM (SELECT (((((((t0.c0 IN ()))OR((t0.c0 IN ()))))AND(''))) IS TRUE)  as count FROM t0);
SELECT ALL * FROM vt1 WHERE (vt1.c0) ORDER BY CAST((((vt1.c0)) NOT BETWEEN ((NULL)) AND ((0xffffffffa9ca3c09))) AS TEXT) ASC  NULLS LAST, LOWER(DISTINCT (((vt1.c0, vt1.c0, vt1.c0, vt1.c0, vt1.c0)) NOT BETWEEN ((vt1.c0, vt1.c0, vt1.c0, vt1.c0, vt1.c0)) AND ((vt1.c0, vt1.c0, 0.1773074517728932, vt1.c0, '1900532234')))) DESC  NULLS LAST, (- (((vt1.c0) BETWEEN (vt1.c0) AND (vt1.c0)))) ASC  NULLS FIRST;
SELECT SUM(count) FROM (SELECT ALL ((vt1.c0) IS TRUE)  as count FROM vt1 ORDER BY CAST((((vt1.c0)) NOT BETWEEN ((NULL)) AND ((0Xffffffffa9ca3c09))) AS TEXT) ASC  NULLS LAST, LOWER(DISTINCT (((vt1.c0, vt1.c0, vt1.c0, vt1.c0, vt1.c0)) NOT BETWEEN ((vt1.c0, vt1.c0, vt1.c0, vt1.c0, vt1.c0)) AND ((vt1.c0, vt1.c0, 0.1773074517728932, vt1.c0, '1900532234')))) DESC  NULLS LAST, (- (((vt1.c0) BETWEEN (vt1.c0) AND (vt1.c0)))) ASC  NULLS FIRST);
SELECT * FROM t0 WHERE ((((((t0.c0)) BETWEEN ((t0.c0)) AND ((t0.c0))))%('0.18467606720708651')));
SELECT SUM(count) FROM (SELECT (((((((t0.c0)) BETWEEN ((t0.c0)) AND ((t0.c0))))%('0.18467606720708651'))) IS TRUE)  as count FROM t0);
SELECT ALL * FROM vt1 WHERE (((((vt1.c0)/(vt1.c0)))GLOB(((((vt1.c0)AND(vt1.c0)))AND(vt1.c0))))) ORDER BY ((((vt1.c0)>(vt1.c0))) IS FALSE), (~ (x''));
SELECT SUM(count) FROM (SELECT ((((((vt1.c0)/(vt1.c0)))GLOB(((((vt1.c0)AND(vt1.c0)))AND(vt1.c0))))) IS TRUE)  as count FROM vt1 ORDER BY ((((vt1.c0)>(vt1.c0))) IS FALSE), (~ (x'')));
SELECT COUNT(*) FROM t0 WHERE (CASE WHEN t0.c0 COLLATE BINARY THEN (t0.c0 IN ()) ELSE (NOT (t0.c0)) END) ORDER BY CAST(((t0.c0) NOT NULL) AS TEXT)  NULLS FIRST;
SELECT SUM(count) FROM (SELECT ((CASE WHEN t0.c0 COLLATE BINARY THEN (t0.c0 IN ()) ELSE (NOT (t0.c0)) END) IS TRUE)  as count FROM t0 ORDER BY CAST(((t0.c0) NOT NULL) AS TEXT)  NULLS FIRST);
SELECT * FROM vt1, t0 WHERE (((((((vt1.c0) ISNULL))OR((((vt1.c0, vt1.c0, t0.c0)) NOT BETWEEN ((t0.c0, t0.c0, NULL)) AND ((vt1.c0, vt1.c0, vt1.c0))))))AND(INSTR(x'', t0.c0)))) ORDER BY ((CASE vt1.c0  WHEN t0.c0 THEN vt1.c0 ELSE vt1.c0 END) ISNULL)  NULLS LAST;
SELECT SUM(count) FROM (SELECT ((((((((vt1.c0) ISNULL))OR((((vt1.c0, vt1.c0, t0.c0)) NOT BETWEEN ((t0.c0, t0.c0, NULL)) AND ((vt1.c0, vt1.c0, vt1.c0))))))AND(INSTR(x'', t0.c0)))) IS TRUE)  as count FROM vt1, t0 ORDER BY ((CASE vt1.c0  WHEN t0.c0 THEN vt1.c0 ELSE vt1.c0 END) ISNULL)  NULLS LAST);
SELECT ALL COUNT(*) FROM vt1 CROSS JOIN t0 ON (((vt1.c0 COLLATE NOCASE, vt1.c0, ((((vt1.c0)AND(vt1.c0)))AND(vt1.c0))))<=((t0.c0, CAST(vt1.c0 AS REAL), (NOT (t0.c0))))) WHERE ((((((vt1.c0)) BETWEEN ((t0.c0)) AND ((vt1.c0))))IS NOT(((t0.c0)==(vt1.c0))))) ORDER BY IFNULL((NOT (t0.c0)), vt1.c0), ((vt1.c0 COLLATE NOCASE)<(CASE WHEN t0.c0 THEN t0.c0 ELSE t0.c0 END)) ASC;
SELECT SUM(count) FROM (SELECT ALL (((((((vt1.c0)) BETWEEN ((t0.c0)) AND ((vt1.c0))))IS NOT(((t0.c0)==(vt1.c0))))) IS TRUE)  as count FROM vt1 CROSS JOIN t0 ON (((vt1.c0 COLLATE NOCASE, vt1.c0, ((((vt1.c0)AND(vt1.c0)))AND(vt1.c0))))<=((t0.c0, CAST(vt1.c0 AS REAL), (NOT (t0.c0))))) ORDER BY IFNULL((NOT (t0.c0)), vt1.c0), ((vt1.c0 COLLATE NOCASE)<(CASE WHEN t0.c0 THEN t0.c0 ELSE t0.c0 END)) ASC);
SELECT * FROM vt1, t0 WHERE (((NOT (vt1.c0)) IN ())) ORDER BY ((ABS(DISTINCT vt1.c0))+(UNICODE(vt1.c0))), (((vt1.c0 IN ()))=(CAST(vt1.c0 AS BLOB)));
SELECT SUM(count) FROM (SELECT ((((NOT (vt1.c0)) IN ())) IS TRUE)  as count FROM vt1, t0 ORDER BY ((ABS(DISTINCT vt1.c0))+(UNICODE(vt1.c0))), (((vt1.c0 IN ()))=(CAST(vt1.c0 AS BLOB))));
SELECT COUNT(*) FROM t0, vt1 WHERE (((((vt1.c0)-(t0.c0))) NOT NULL)) ORDER BY ((((vt1.c0)/(t0.c0)))IS NOT(((vt1.c0)IS NOT('')))) ASC;
SELECT SUM(count) FROM (SELECT ALL ((((((vt1.c0)-(t0.c0))) NOT NULL)) IS TRUE)  as count FROM t0, vt1 ORDER BY ((((vt1.c0)/(t0.c0)))IS NOT(((vt1.c0)IS NOT('')))) ASC);
SELECT COUNT(*) FROM vt1 WHERE (LAST_INSERT_ROWID());
SELECT SUM(count) FROM (SELECT ALL ((LAST_INSERT_ROWID()) IS TRUE)  as count FROM vt1);
SELECT ALL COUNT(*) FROM t0 INNER JOIN vt1 ON NULL WHERE (((((x'd6f4')AND((vt1.c0 IN ()))))AND(CASE t0.c0  WHEN t0.c0 THEN '-583119837' END)));
SELECT SUM(count) FROM (SELECT ALL ((((((x'd6f4')AND((vt1.c0 IN ()))))AND(CASE t0.c0  WHEN t0.c0 THEN '-583119837' END))) IS TRUE)  as count FROM t0 INNER JOIN vt1 ON NULL);
SELECT COUNT(*) FROM t0 WHERE (CAST((- (t0.c0)) AS TEXT)) ORDER BY '5788449' ASC;
SELECT SUM(count) FROM (SELECT ((CAST((- (t0.c0)) AS TEXT)) IS TRUE)  as count FROM t0 ORDER BY '5788449' ASC);
SELECT ALL * FROM vt1, t0 WHERE (HEX(DISTINCT vt1.c0)) ORDER BY '[]'  NULLS LAST, CASE WHEN CAST(t0.c0 AS TEXT) THEN vt1.c0 WHEN CAST(vt1.c0 AS INTEGER) THEN CASE WHEN vt1.c0 THEN vt1.c0 ELSE t0.c0 END WHEN t0.c0 THEN (+ (vt1.c0)) ELSE CAST(t0.c0 AS INTEGER) END ASC, t0.c0  NULLS FIRST, -1327382042  NULLS LAST;
SELECT SUM(count) FROM (SELECT ALL ((HEX(DISTINCT vt1.c0)) IS TRUE)  as count FROM vt1, t0 ORDER BY '[]'  NULLS LAST, CASE WHEN CAST(t0.c0 AS TEXT) THEN vt1.c0 WHEN CAST(vt1.c0 AS INTEGER) THEN CASE WHEN vt1.c0 THEN vt1.c0 ELSE t0.c0 END WHEN t0.c0 THEN (+ (vt1.c0)) ELSE CAST(t0.c0 AS INTEGER) END ASC, t0.c0  NULLS FIRST, -1327382042  NULLS LAST);
SELECT * FROM vt1 WHERE (CASE WHEN ((vt1.c0) IS TRUE) THEN (NOT (vt1.c0)) WHEN vt1.c0 COLLATE BINARY THEN ((vt1.c0) BETWEEN (vt1.c0) AND (vt1.c0)) WHEN ((vt1.c0) ISNULL) THEN vt1.c0 WHEN (- (vt1.c0)) THEN ((vt1.c0) BETWEEN (vt1.c0) AND (vt1.c0)) WHEN ((vt1.c0)AND(vt1.c0)) THEN LTRIM(vt1.c0) ELSE vt1.c0 END);
SELECT SUM(count) FROM (SELECT ((CASE WHEN ((vt1.c0) IS TRUE) THEN (NOT (vt1.c0)) WHEN vt1.c0 COLLATE BINARY THEN ((vt1.c0) BETWEEN (vt1.c0) AND (vt1.c0)) WHEN ((vt1.c0) ISNULL) THEN vt1.c0 WHEN (- (vt1.c0)) THEN ((vt1.c0) BETWEEN (vt1.c0) AND (vt1.c0)) WHEN ((vt1.c0)AND(vt1.c0)) THEN LTRIM(vt1.c0) ELSE vt1.c0 END) IS TRUE)  as count FROM vt1);
SELECT ALL COUNT(*) FROM vt1 WHERE (((x'') NOT BETWEEN (CAST(vt1.c0 AS BLOB)) AND (CASE vt1.c0  WHEN x'' THEN vt1.c0 ELSE vt1.c0 END)));
SELECT SUM(count) FROM (SELECT ((((x'') NOT BETWEEN (CAST(vt1.c0 AS BLOB)) AND (CASE vt1.c0  WHEN x'' THEN vt1.c0 ELSE vt1.c0 END))) IS TRUE)  as count FROM vt1);
SELECT ALL COUNT(*) FROM t0, vt1 WHERE ((((vt1.c0, t0.c0, t0.c0, t0.c0, t0.c0)) BETWEEN ((((t0.c0) ISNULL), CAST(vt1.c0 AS NUMERIC), ((((vt1.c0)AND(vt1.c0)))OR(t0.c0)), (NOT (t0.c0)), (NOT (vt1.c0)))) AND ((((t0.c0) ISNULL), vt1.c0 COLLATE RTRIM, t0.c0, (((vt1.c0))==((vt1.c0))), CAST(t0.c0 AS INTEGER)))));
SELECT SUM(count) FROM (SELECT (((((vt1.c0, t0.c0, t0.c0, t0.c0, t0.c0)) BETWEEN ((((t0.c0) ISNULL), CAST(vt1.c0 AS NUMERIC), ((((vt1.c0)AND(vt1.c0)))OR(t0.c0)), (NOT (t0.c0)), (NOT (vt1.c0)))) AND ((((t0.c0) ISNULL), vt1.c0 COLLATE RTRIM, t0.c0, (((vt1.c0))==((vt1.c0))), CAST(t0.c0 AS INTEGER))))) IS TRUE)  as count FROM t0, vt1);
SELECT COUNT(*) FROM vt1, t0 WHERE ((NOT (0.4702665937941316 COLLATE BINARY))) ORDER BY ((vt1.c0 IN ()) IN ()) DESC  NULLS FIRST;
SELECT SUM(count) FROM (SELECT (((NOT (0.4702665937941316 COLLATE BINARY))) IS TRUE)  as count FROM vt1, t0 ORDER BY ((vt1.c0 IN ()) IN ()) DESC  NULLS FIRST);
SELECT ALL COUNT(*) FROM vt1 WHERE (((((((((((vt1.c0)OR(vt1.c0)))AND(vt1.c0)))AND(0.768017355748515)))OR(vt1.c0)))%(CAST(vt1.c0 AS NUMERIC)))) ORDER BY (((vt1.c0)) BETWEEN ((x'' COLLATE BINARY)) AND ((TOTAL_CHANGES())));
SELECT SUM(count) FROM (SELECT ALL ((((((((((((vt1.c0)OR(vt1.c0)))AND(vt1.c0)))AND(0.768017355748515)))OR(vt1.c0)))%(CAST(vt1.c0 AS NUMERIC)))) IS TRUE)  as count FROM vt1 ORDER BY (((vt1.c0)) BETWEEN ((x'' COLLATE BINARY)) AND ((TOTAL_CHANGES()))));
SELECT * FROM t0, vt1 WHERE (((((((((((t0.c0)OR(vt1.c0)))AND(t0.c0)))AND(t0.c0)))OR(vt1.c0))) NOT BETWEEN (SQLITE_VERSION()) AND (CASE WHEN vt1.c0 THEN t0.c0 END)));
SELECT SUM(count) FROM (SELECT ALL ((((((((((((t0.c0)OR(vt1.c0)))AND(t0.c0)))AND(t0.c0)))OR(vt1.c0))) NOT BETWEEN (SQLITE_VERSION()) AND (CASE WHEN vt1.c0 THEN t0.c0 END))) IS TRUE)  as count FROM t0, vt1);
SELECT * FROM t0, vt1 WHERE (((((((t0.c0)<=(t0.c0)))OR((((vt1.c0)) NOT BETWEEN ((t0.c0)) AND ((0.3009456065477194))))))AND((vt1.c0 IN ())))) ORDER BY ((t0.c0 IN ()) IN ());
SELECT SUM(count) FROM (SELECT ((((((((t0.c0)<=(t0.c0)))OR((((vt1.c0)) NOT BETWEEN ((t0.c0)) AND ((0.3009456065477194))))))AND((vt1.c0 IN ())))) IS TRUE)  as count FROM t0, vt1 ORDER BY ((t0.c0 IN ()) IN ()));
SELECT * FROM t0 WHERE ((((t0.c0 IN ()))!=(CASE t0.c0  WHEN t0.c0 THEN t0.c0 END)));
SELECT SUM(count) FROM (SELECT (((((t0.c0 IN ()))<>(CASE t0.c0  WHEN t0.c0 THEN t0.c0 END))) IS TRUE)  as count FROM t0);
SELECT ALL COUNT(*) FROM t0 WHERE ('573350581');
SELECT SUM(count) FROM (SELECT ALL (('573350581') IS TRUE)  as count FROM t0);
SELECT COUNT(*) FROM vt1 WHERE ((NULL IN (vt1.c0)));
SELECT SUM(count) FROM (SELECT (((NULL IN (vt1.c0))) IS TRUE)  as count FROM vt1);
SELECT COUNT(*) FROM vt1, t0 WHERE (COALESCE('', (t0.c0 IN ())));
SELECT SUM(count) FROM (SELECT ALL ((COALESCE('', (t0.c0 IN ()))) IS TRUE)  as count FROM vt1, t0);
SELECT ALL * FROM t0 WHERE (t0.c0) ORDER BY (json_quote(t0.c0) IN (((t0.c0)-(t0.c0)), ((t0.c0) NOT BETWEEN (t0.c0) AND (t0.c0)))) ASC  NULLS LAST;
SELECT SUM(count) FROM (SELECT ALL ((t0.c0) IS TRUE)  as count FROM t0 ORDER BY (json_quote(t0.c0) IN (((t0.c0)-(t0.c0)), ((t0.c0) NOT BETWEEN (t0.c0) AND (t0.c0)))) ASC  NULLS LAST);
SELECT ALL COUNT(*) FROM t0, vt1 WHERE (((json_extract(vt1.c0, vt1.c0, t0.c0, vt1.c0))-(TRIM(vt1.c0, vt1.c0)))) ORDER BY (((((vt1.c0) NOT BETWEEN (NULL) AND (t0.c0)), ((t0.c0) NOT BETWEEN (t0.c0) AND (vt1.c0)), t0.c0 COLLATE RTRIM))==(('3', (t0.c0 IN (vt1.c0)), ((t0.c0) BETWEEN (t0.c0) AND (vt1.c0))))), ((((vt1.c0) BETWEEN (t0.c0) AND (t0.c0))) NOTNULL)  NULLS LAST;
SELECT SUM(count) FROM (SELECT ALL ((((json_extract(vt1.c0, vt1.c0, t0.c0, vt1.c0))-(TRIM(vt1.c0, vt1.c0)))) IS TRUE)  as count FROM t0, vt1 ORDER BY (((((vt1.c0) NOT BETWEEN (NULL) AND (t0.c0)), ((t0.c0) NOT BETWEEN (t0.c0) AND (vt1.c0)), t0.c0 COLLATE RTRIM))==(('3', (t0.c0 IN (vt1.c0)), ((t0.c0) BETWEEN (t0.c0) AND (vt1.c0))))), ((((vt1.c0) BETWEEN (t0.c0) AND (t0.c0))) NOTNULL)  NULLS LAST);
SELECT ALL * FROM t0, vt1 WHERE ((((CAST('391479529' AS REAL)))<((CASE WHEN t0.c0 THEN vt1.c0 WHEN t0.c0 THEN vt1.c0 WHEN NULL THEN vt1.c0 ELSE vt1.c0 END)))) ORDER BY t0.c0  NULLS LAST, (((vt1.c0, vt1.c0, vt1.c0)) NOT BETWEEN ((IFNULL(vt1.c0, t0.c0), HEX(t0.c0), vt1.c0 COLLATE BINARY)) AND (((((vt1.c0))!=((t0.c0))), vt1.c0 COLLATE NOCASE, CASE vt1.c0  WHEN t0.c0 THEN vt1.c0 WHEN vt1.c0 THEN t0.c0 WHEN t0.c0 THEN t0.c0 WHEN t0.c0 THEN t0.c0 WHEN t0.c0 THEN t0.c0 ELSE t0.c0 END)))  NULLS FIRST;
SELECT SUM(count) FROM (SELECT (((((CAST('391479529' AS REAL)))<((CASE WHEN t0.c0 THEN vt1.c0 WHEN t0.c0 THEN vt1.c0 WHEN NULL THEN vt1.c0 ELSE vt1.c0 END)))) IS TRUE)  as count FROM t0, vt1 ORDER BY t0.c0  NULLS LAST, (((vt1.c0, vt1.c0, vt1.c0)) NOT BETWEEN ((IFNULL(vt1.c0, t0.c0), HEX(t0.c0), vt1.c0 COLLATE BINARY)) AND (((((vt1.c0))<>((t0.c0))), vt1.c0 COLLATE NOCASE, CASE vt1.c0  WHEN t0.c0 THEN vt1.c0 WHEN vt1.c0 THEN t0.c0 WHEN t0.c0 THEN t0.c0 WHEN t0.c0 THEN t0.c0 WHEN t0.c0 THEN t0.c0 ELSE t0.c0 END)))  NULLS FIRST);
SELECT ALL * FROM vt1 WHERE ((CAST(vt1.c0 AS NUMERIC) IN (vt1.c0))) ORDER BY ((vt1.c0 COLLATE RTRIM) IS FALSE), CAST((vt1.c0 IN (vt1.c0)) AS REAL)  NULLS LAST, (((vt1.c0, '1546992167', vt1.c0)) NOT BETWEEN ((((vt1.c0) NOT NULL), ((vt1.c0)>>(vt1.c0)), CAST('' AS NUMERIC))) AND ((vt1.c0, (('')<=(vt1.c0)), ('zO[*8D' IN ()))));
SELECT SUM(count) FROM (SELECT ALL (((CAST(vt1.c0 AS NUMERIC) IN (vt1.c0))) IS TRUE)  as count FROM vt1 ORDER BY ((vt1.c0 COLLATE RTRIM) IS FALSE), CAST((vt1.c0 IN (vt1.c0)) AS REAL)  NULLS LAST, (((vt1.c0, '1546992167', vt1.c0)) NOT BETWEEN ((((vt1.c0) NOT NULL), ((vt1.c0)>>(vt1.c0)), CAST('' AS NUMERIC))) AND ((vt1.c0, (('')<=(vt1.c0)), ('zO[*8D' IN ())))));
SELECT ALL * FROM t0, vt1 WHERE (((((((((CAST(vt1.c0 AS TEXT))OR(CAST(t0.c0 AS NUMERIC))))AND(((NULL) NOTNULL))))AND(((((vt1.c0)OR(vt1.c0)))AND(t0.c0)))))OR(vt1.c0 COLLATE BINARY))) ORDER BY ((((vt1.c0)>(vt1.c0))) NOT BETWEEN (vt1.c0) AND (vt1.c0 COLLATE NOCASE)) ASC  NULLS LAST;
SELECT SUM(count) FROM (SELECT ((((((((((CAST(vt1.c0 AS TEXT))OR(CAST(t0.c0 AS NUMERIC))))AND(((NULL) NOTNULL))))AND(((((vt1.c0)OR(vt1.c0)))AND(t0.c0)))))OR(vt1.c0 COLLATE BINARY))) IS TRUE)  as count FROM t0, vt1 ORDER BY ((((vt1.c0)>(vt1.c0))) NOT BETWEEN (vt1.c0) AND (vt1.c0 COLLATE NOCASE)) ASC  NULLS LAST);
SELECT ALL * FROM vt1, t0 WHERE (((((CASE vt1.c0  WHEN t0.c0 THEN 1169184297 WHEN vt1.c0 THEN x'ef973e6c' WHEN vt1.c0 THEN t0.c0 END)AND(CAST(NULL AS TEXT))))OR(CASE vt1.c0  WHEN vt1.c0 THEN vt1.c0 END)));
SELECT SUM(count) FROM (SELECT ALL ((((((CASE vt1.c0  WHEN t0.c0 THEN 1169184297 WHEN vt1.c0 THEN x'ef973e6c' WHEN vt1.c0 THEN t0.c0 END)AND(CAST(NULL AS TEXT))))OR(CASE vt1.c0  WHEN vt1.c0 THEN vt1.c0 END))) IS TRUE)  as count FROM vt1, t0);
SELECT ALL * FROM vt1, t0 WHERE ((NOT (x'' COLLATE RTRIM)));
SELECT SUM(count) FROM (SELECT (((NOT (x'' COLLATE RTRIM))) IS TRUE)  as count FROM vt1, t0);
SELECT * FROM t0 WHERE (((t0.c0) IS TRUE) COLLATE NOCASE);
SELECT SUM(count) FROM (SELECT ((((t0.c0) IS TRUE) COLLATE NOCASE) IS TRUE)  as count FROM t0);
SELECT COUNT(*) FROM t0 WHERE (0.963356109974751);
SELECT SUM(count) FROM (SELECT ((0.963356109974751) IS TRUE)  as count FROM t0);
SELECT COUNT(*) FROM vt1 WHERE (((+ (vt1.c0)) IN ()));
SELECT SUM(count) FROM (SELECT ((((+ (vt1.c0)) IN ())) IS TRUE)  as count FROM vt1);
SELECT * FROM t0 WHERE ('-1922671011') ORDER BY ((((((((t0.c0)AND(t0.c0)))AND((t0.c0 IN ()))))AND(((((1261197717)OR(t0.c0)))OR(t0.c0)))))AND(t0.c0));
SELECT SUM(count) FROM (SELECT (('-1922671011') IS TRUE)  as count FROM t0 ORDER BY ((((((((t0.c0)AND(t0.c0)))AND((t0.c0 IN ()))))AND(((((1261197717)OR(t0.c0)))OR(t0.c0)))))AND(t0.c0)));
SELECT ALL COUNT(*) FROM vt1, t0 WHERE ((((t0.c0 IN (vt1.c0, t0.c0)))%((t0.c0 IN ()))));
SELECT SUM(count) FROM (SELECT (((((t0.c0 IN (vt1.c0, t0.c0)))%((t0.c0 IN ())))) IS TRUE)  as count FROM vt1, t0);
SELECT COUNT(*) FROM vt1 CROSS JOIN t0 ON vt1.c0 WHERE ((vt1.c0 IN ()));
SELECT SUM(count) FROM (SELECT ALL (((vt1.c0 IN ())) IS TRUE)  as count FROM vt1 CROSS JOIN t0 ON vt1.c0);
SELECT ALL * FROM t0 NATURAL JOIN vt1 WHERE (((vt1.c0)*(((t0.c0)<>(t0.c0))))) ORDER BY CAST(vt1.c0 AS BLOB) ASC  NULLS LAST;
SELECT SUM(count) FROM (SELECT ALL ((((vt1.c0)*(((t0.c0)!=(t0.c0))))) IS TRUE)  as count FROM t0 NATURAL JOIN vt1 ORDER BY CAST(vt1.c0 AS BLOB) ASC  NULLS LAST);
SELECT * FROM t0, vt1 WHERE ((((((vt1.c0))>=((t0.c0))))<(x'1c34')));
SELECT SUM(count) FROM (SELECT ALL (((((((vt1.c0))>=((t0.c0))))<(x'1c34'))) IS TRUE)  as count FROM t0, vt1);
SELECT ALL * FROM vt1, t0 WHERE (((CAST(t0.c0 AS NUMERIC))>=((vt1.c0 IN ())))) ORDER BY CASE ((0.6913270334300028)||(vt1.c0))  WHEN ((vt1.c0)<=(t0.c0)) THEN LTRIM(vt1.c0, x'a89925ea') END DESC  NULLS LAST;
SELECT SUM(count) FROM (SELECT ALL ((((CAST(t0.c0 AS NUMERIC))>=((vt1.c0 IN ())))) IS TRUE)  as count FROM vt1, t0 ORDER BY CASE ((0.6913270334300028)||(vt1.c0))  WHEN ((vt1.c0)<=(t0.c0)) THEN LTRIM(vt1.c0, x'a89925ea') END DESC  NULLS LAST);
SELECT COUNT(*) FROM vt1, t0 WHERE (((((((t0.c0)OR(t0.c0)))OR(t0.c0)))IS NOT((+ (x'e18f'))))) ORDER BY (- (CAST('' AS TEXT))), ((((('-1094530169')) NOT BETWEEN ((t0.c0)) AND ((t0.c0))))AND(((t0.c0)<(t0.c0))))  NULLS LAST, (((((vt1.c0)>>(0.15660315913879141))))!=((((t0.c0) BETWEEN (t0.c0) AND (vt1.c0)))))  NULLS LAST;
SELECT SUM(count) FROM (SELECT ALL ((((((((t0.c0)OR(t0.c0)))OR(t0.c0)))IS NOT((+ (x'e18f'))))) IS TRUE)  as count FROM vt1, t0 ORDER BY (- (CAST('' AS TEXT))), ((((('-1094530169')) NOT BETWEEN ((t0.c0)) AND ((t0.c0))))AND(((t0.c0)<(t0.c0))))  NULLS LAST, (((((vt1.c0)>>(0.15660315913879141))))!=((((t0.c0) BETWEEN (t0.c0) AND (vt1.c0)))))  NULLS LAST);
SELECT ALL COUNT(*) FROM vt1 WHERE (((((CAST(vt1.c0 AS INTEGER))AND((+ (0Xffffffffcda18105)))))AND(((vt1.c0)LIKE(0.12865906159411533))))) ORDER BY vt1.c0  NULLS LAST;
SELECT SUM(count) FROM (SELECT ALL ((((((CAST(vt1.c0 AS INTEGER))AND((+ (0Xffffffffcda18105)))))AND(((vt1.c0)LIKE(0.12865906159411533))))) IS TRUE)  as count FROM vt1 ORDER BY vt1.c0  NULLS LAST);
SELECT * FROM vt1 WHERE (CASE ((NULL) NOT BETWEEN (vt1.c0) AND (vt1.c0))  WHEN ((vt1.c0)LIKE(vt1.c0)) THEN ((vt1.c0)>(vt1.c0)) ELSE ((vt1.c0) BETWEEN (vt1.c0) AND (vt1.c0)) END);
SELECT SUM(count) FROM (SELECT ALL ((CASE ((NULL) NOT BETWEEN (vt1.c0) AND (vt1.c0))  WHEN ((vt1.c0)LIKE(vt1.c0)) THEN ((vt1.c0)>(vt1.c0)) ELSE ((vt1.c0) BETWEEN (vt1.c0) AND (vt1.c0)) END) IS TRUE)  as count FROM vt1);
SELECT COUNT(*) FROM vt1 WHERE (UNLIKELY(DISTINCT HEX(DISTINCT vt1.c0))) ORDER BY '' DESC;
SELECT SUM(count) FROM (SELECT ALL ((UNLIKELY(DISTINCT HEX(DISTINCT vt1.c0))) IS TRUE)  as count FROM vt1 ORDER BY '' DESC);
SELECT COUNT(*) FROM t0 WHERE ((((('')AND(((t0.c0) IS FALSE))))OR((((t0.c0)) BETWEEN ((t0.c0)) AND ((t0.c0)))))) ORDER BY ((x'ca2e') IS TRUE) DESC  NULLS FIRST, (((CASE t0.c0  WHEN t0.c0 THEN t0.c0 WHEN t0.c0 THEN t0.c0 WHEN '43RG5풉YY	' THEN t0.c0 WHEN t0.c0 THEN t0.c0 WHEN t0.c0 THEN t0.c0 END))<((((t0.c0)==(t0.c0))))) DESC;
SELECT SUM(count) FROM (SELECT (((((('')AND(((t0.c0) IS FALSE))))OR((((t0.c0)) BETWEEN ((t0.c0)) AND ((t0.c0)))))) IS TRUE)  as count FROM t0 ORDER BY ((x'ca2e') IS TRUE) DESC  NULLS FIRST, (((CASE t0.c0  WHEN t0.c0 THEN t0.c0 WHEN t0.c0 THEN t0.c0 WHEN '43RG5풉YY	' THEN t0.c0 WHEN t0.c0 THEN t0.c0 WHEN t0.c0 THEN t0.c0 END))<((((t0.c0)==(t0.c0))))) DESC);
SELECT * FROM vt1 WHERE ((((vt1.c0) IS TRUE) IN ())) ORDER BY 0.20560584540440296, (((vt1.c0, vt1.c0, vt1.c0)) NOT BETWEEN ((vt1.c0, (((vt1.c0))!=((vt1.c0))), ((((vt1.c0)OR(vt1.c0)))AND(vt1.c0)))) AND ((((vt1.c0) ISNULL), COALESCE(vt1.c0, vt1.c0, vt1.c0, vt1.c0), ABS(vt1.c0))))  NULLS LAST;
SELECT SUM(count) FROM (SELECT ALL (((((vt1.c0) IS TRUE) IN ())) IS TRUE)  as count FROM vt1 ORDER BY 0.20560584540440296, (((vt1.c0, vt1.c0, vt1.c0)) NOT BETWEEN ((vt1.c0, (((vt1.c0))<>((vt1.c0))), ((((vt1.c0)OR(vt1.c0)))AND(vt1.c0)))) AND ((((vt1.c0) ISNULL), COALESCE(vt1.c0, vt1.c0, vt1.c0, vt1.c0), ABS(vt1.c0))))  NULLS LAST);
SELECT ALL * FROM t0, vt1 WHERE (0.5217547511761987) ORDER BY CAST(vt1.c0 AS TEXT) ASC, ((vt1.c0) IS TRUE) ASC;
SELECT SUM(count) FROM (SELECT ALL ((0.5217547511761987) IS TRUE)  as count FROM t0, vt1 ORDER BY CAST(vt1.c0 AS TEXT) ASC, ((vt1.c0) IS TRUE) ASC);
SELECT ALL COUNT(*) FROM vt1 WHERE ((- (((vt1.c0)>=(vt1.c0)))));
SELECT SUM(count) FROM (SELECT ALL (((- (((vt1.c0)>=(vt1.c0))))) IS TRUE)  as count FROM vt1);
SELECT ALL COUNT(*) FROM vt1 WHERE (vt1.c0);
SELECT SUM(count) FROM (SELECT ALL ((vt1.c0) IS TRUE)  as count FROM vt1);
SELECT COUNT(*) FROM vt1, t0 WHERE ('-1478941741') ORDER BY 9.2633645E8  NULLS FIRST;
SELECT SUM(count) FROM (SELECT ALL (('-1478941741') IS TRUE)  as count FROM vt1, t0 ORDER BY 9.2633645E8  NULLS FIRST);
SELECT ALL COUNT(*) FROM vt1 FULL OUTER JOIN t0 ON ((((CAST(vt1.c0 AS INTEGER))OR(1e500)))AND((+ (t0.c0)))) WHERE (((((((((((vt1.c0)AND(t0.c0)))OR(t0.c0)))AND(t0.c0)))AND(vt1.c0)))=(t0.c0))) ORDER BY DATETIME(vt1.c0, (vt1.c0 IN ()), ((((vt1.c0)OR(t0.c0)))AND(t0.c0))), ((((((t0.c0)>=(vt1.c0)))OR(((t0.c0) ISNULL))))AND(t0.c0))  NULLS LAST;
SELECT SUM(count) FROM (SELECT ALL ((((((((((((vt1.c0)AND(t0.c0)))OR(t0.c0)))AND(t0.c0)))AND(vt1.c0)))==(t0.c0))) IS TRUE)  as count FROM vt1 FULL OUTER JOIN t0 ON ((((CAST(vt1.c0 AS INTEGER))OR(1e500)))AND((+ (t0.c0)))) ORDER BY DATETIME(vt1.c0, (vt1.c0 IN ()), ((((vt1.c0)OR(t0.c0)))AND(t0.c0))), ((((((t0.c0)>=(vt1.c0)))OR(((t0.c0) ISNULL))))AND(t0.c0))  NULLS LAST);
SELECT COUNT(*) FROM vt1, t0 WHERE (((((vt1.c0) NOTNULL)) NOT BETWEEN (HEX(DISTINCT t0.c0)) AND (CAST(vt1.c0 AS BLOB))));
SELECT SUM(count) FROM (SELECT ((((((vt1.c0) NOTNULL)) NOT BETWEEN (HEX(DISTINCT t0.c0)) AND (CAST(vt1.c0 AS BLOB)))) IS TRUE)  as count FROM vt1, t0);
SELECT COUNT(*) FROM vt1, t0 WHERE ('488184777');
SELECT SUM(count) FROM (SELECT ALL (('488184777') IS TRUE)  as count FROM vt1, t0);
SELECT COUNT(*) FROM t0 INNER JOIN vt1 ON (((t0.c0, vt1.c0, ''))>=((t0.c0, t0.c0, t0.c0))) COLLATE RTRIM WHERE (rtreenode(t0.c0, t0.c0) COLLATE BINARY);
SELECT SUM(count) FROM (SELECT ((rtreenode(t0.c0, t0.c0) COLLATE BINARY) IS TRUE)  as count FROM t0 INNER JOIN vt1 ON (((t0.c0, vt1.c0, ''))>=((t0.c0, t0.c0, t0.c0))) COLLATE RTRIM);
SELECT ALL * FROM t0 WHERE ((((t0.c0, t0.c0, t0.c0)) NOT BETWEEN ((((t0.c0)%(t0.c0)), (~ (t0.c0)), ((((((((((((t0.c0)AND(t0.c0)))AND(t0.c0)))OR(t0.c0)))AND(t0.c0)))OR(t0.c0)))OR(t0.c0)))) AND ((NULL, ((t0.c0)LIKE(t0.c0)), NULL))));
SELECT SUM(count) FROM (SELECT ALL (((((t0.c0, t0.c0, t0.c0)) NOT BETWEEN ((((t0.c0)%(t0.c0)), (~ (t0.c0)), ((((((((((((t0.c0)AND(t0.c0)))AND(t0.c0)))OR(t0.c0)))AND(t0.c0)))OR(t0.c0)))OR(t0.c0)))) AND ((NULL, ((t0.c0)LIKE(t0.c0)), NULL)))) IS TRUE)  as count FROM t0);
SELECT COUNT(*) FROM t0 WHERE ((+ (((t0.c0) NOT BETWEEN (t0.c0) AND (t0.c0)))));
SELECT SUM(count) FROM (SELECT (((+ (((t0.c0) NOT BETWEEN (t0.c0) AND (t0.c0))))) IS TRUE)  as count FROM t0);
SELECT ALL * FROM t0 INDEXED BY i93, vt1 WHERE (((vt1.c0) IS FALSE) COLLATE BINARY) ORDER BY vt1.c0;
SELECT SUM(count) FROM (SELECT ALL ((((vt1.c0) IS FALSE) COLLATE BINARY) IS TRUE)  as count FROM t0 INDEXED BY i93, vt1 ORDER BY vt1.c0);
SELECT COUNT(*) FROM t0, vt1 WHERE ((((+ (t0.c0)))&(((vt1.c0)/(vt1.c0)))));
SELECT SUM(count) FROM (SELECT (((((+ (t0.c0)))&(((vt1.c0)/(vt1.c0))))) IS TRUE)  as count FROM t0, vt1);
SELECT * FROM vt1 FULL OUTER JOIN t0 ON ((((vt1.c0)!=(vt1.c0))) IS TRUE) WHERE (((((x''))!=((0.35642288398056265))) IN ()));
SELECT SUM(count) FROM (SELECT ALL ((((((x''))!=((0.35642288398056265))) IN ())) IS TRUE)  as count FROM vt1 FULL OUTER JOIN t0 ON ((((vt1.c0)!=(vt1.c0))) IS TRUE));
SELECT ALL * FROM t0, vt1 WHERE ((((((vt1.c0 IN ()))OR(x'')))AND(CASE t0.c0  WHEN vt1.c0 THEN vt1.c0 WHEN vt1.c0 THEN t0.c0 WHEN 0.44698314182931465 THEN vt1.c0 ELSE vt1.c0 END))) ORDER BY t0.c0;
SELECT SUM(count) FROM (SELECT ALL (((((((vt1.c0 IN ()))OR(x'')))AND(CASE t0.c0  WHEN vt1.c0 THEN vt1.c0 WHEN vt1.c0 THEN t0.c0 WHEN 0.44698314182931465 THEN vt1.c0 ELSE vt1.c0 END))) IS TRUE)  as count FROM t0, vt1 ORDER BY t0.c0);
SELECT ALL * FROM vt1 WHERE (HEX(((((((((vt1.c0)AND(vt1.c0)))AND(vt1.c0)))AND(vt1.c0)))OR(vt1.c0)))) ORDER BY (UPPER(vt1.c0) IN ()) DESC  NULLS FIRST;
SELECT SUM(count) FROM (SELECT ((HEX(((((((((vt1.c0)AND(vt1.c0)))AND(vt1.c0)))AND(vt1.c0)))OR(vt1.c0)))) IS TRUE)  as count FROM vt1 ORDER BY (UPPER(vt1.c0) IN ()) DESC  NULLS FIRST);
SELECT * FROM t0, vt1 WHERE (CASE WHEN vt1.c0 COLLATE RTRIM THEN ((t0.c0) NOTNULL) WHEN vt1.c0 THEN t0.c0 WHEN t0.c0 COLLATE BINARY THEN IFNULL(DISTINCT vt1.c0, vt1.c0) ELSE (+ (vt1.c0)) END) ORDER BY LOWER((((t0.c0)) BETWEEN ((t0.c0)) AND ((vt1.c0))))  NULLS FIRST;
SELECT SUM(count) FROM (SELECT ((CASE WHEN vt1.c0 COLLATE RTRIM THEN ((t0.c0) NOTNULL) WHEN vt1.c0 THEN t0.c0 WHEN t0.c0 COLLATE BINARY THEN IFNULL(DISTINCT vt1.c0, vt1.c0) ELSE (+ (vt1.c0)) END) IS TRUE)  as count FROM t0, vt1 ORDER BY LOWER((((t0.c0)) BETWEEN ((t0.c0)) AND ((vt1.c0))))  NULLS FIRST);
SELECT ALL * FROM vt1, t0 WHERE (CAST(vt1.c0 AS BLOB));
SELECT SUM(count) FROM (SELECT ALL ((CAST(vt1.c0 AS BLOB)) IS TRUE)  as count FROM vt1, t0);
SELECT COUNT(*) FROM t0 WHERE (((t0.c0)<<((t0.c0 IN ())))) ORDER BY ((((t0.c0) ISNULL))&((- (t0.c0)))) ASC  NULLS FIRST;
SELECT SUM(count) FROM (SELECT ((((t0.c0)<<((t0.c0 IN ())))) IS TRUE)  as count FROM t0 ORDER BY ((((t0.c0) ISNULL))&((- (t0.c0)))) ASC  NULLS FIRST);
SELECT COUNT(*) FROM vt1, t0 WHERE (((vt1.c0 COLLATE NOCASE)=((t0.c0 IN (vt1.c0))))) ORDER BY (((((t0.c0, t0.c0, vt1.c0)) BETWEEN ((t0.c0, vt1.c0, t0.c0)) AND ((x'20f2', t0.c0, t0.c0))))IS NOT(t0.c0 COLLATE NOCASE)) DESC  NULLS FIRST;
SELECT SUM(count) FROM (SELECT ALL ((((vt1.c0 COLLATE NOCASE)==((t0.c0 IN (vt1.c0))))) IS TRUE)  as count FROM vt1, t0 ORDER BY (((((t0.c0, t0.c0, vt1.c0)) BETWEEN ((t0.c0, vt1.c0, t0.c0)) AND ((x'20f2', t0.c0, t0.c0))))IS NOT(t0.c0 COLLATE NOCASE)) DESC  NULLS FIRST);
SELECT COUNT(*) FROM t0, vt1 WHERE (((CAST(t0.c0 AS BLOB))<(((t0.c0)IS(vt1.c0))))) ORDER BY ((NULL) IS TRUE) DESC;
SELECT SUM(count) FROM (SELECT ((((CAST(t0.c0 AS BLOB))<(((t0.c0)IS(vt1.c0))))) IS TRUE)  as count FROM t0, vt1 ORDER BY ((NULL) IS TRUE) DESC);
SELECT * FROM t0, vt1 WHERE (((((((vt1.c0)OR(t0.c0)))OR(t0.c0))) BETWEEN (CASE WHEN vt1.c0 THEN vt1.c0 ELSE t0.c0 END) AND (((vt1.c0) NOT BETWEEN (t0.c0) AND (vt1.c0)))));
SELECT SUM(count) FROM (SELECT ALL ((((((((vt1.c0)OR(t0.c0)))OR(t0.c0))) BETWEEN (CASE WHEN vt1.c0 THEN vt1.c0 ELSE t0.c0 END) AND (((vt1.c0) NOT BETWEEN (t0.c0) AND (vt1.c0))))) IS TRUE)  as count FROM t0, vt1);
SELECT COUNT(*) FROM vt1 WHERE ((((vt1.c0)>=(vt1.c0)) IN ()));
SELECT SUM(count) FROM (SELECT ALL (((((vt1.c0)>=(vt1.c0)) IN ())) IS TRUE)  as count FROM vt1);
SELECT COUNT(*) FROM vt1 WHERE ((NOT (vt1.c0)));
SELECT SUM(count) FROM (SELECT (((NOT (vt1.c0))) IS TRUE)  as count FROM vt1);
SELECT COUNT(*) FROM vt1 WHERE ('0.7202273093707454');
SELECT SUM(count) FROM (SELECT (('0.7202273093707454') IS TRUE)  as count FROM vt1);
SELECT * FROM t0 INNER JOIN vt1 ON (NOT (CAST(t0.c0 AS REAL))) WHERE ((((vt1.c0) IS TRUE) IN ('0.44698314182931465'))) ORDER BY ((vt1.c0 COLLATE BINARY)%(((((vt1.c0)OR(vt1.c0)))AND(t0.c0)))) ASC  NULLS LAST;
SELECT SUM(count) FROM (SELECT ALL (((((vt1.c0) IS TRUE) IN ('0.44698314182931465'))) IS TRUE)  as count FROM t0 INNER JOIN vt1 ON (NOT (CAST(t0.c0 AS REAL))) ORDER BY ((vt1.c0 COLLATE BINARY)%(((((vt1.c0)OR(vt1.c0)))AND(t0.c0)))) ASC  NULLS LAST);
SELECT * FROM vt1, t0 WHERE (TRIM(DISTINCT ((vt1.c0) BETWEEN (vt1.c0) AND (NULL)), '乒J9')) ORDER BY (((((vt1.c0)<('+^'))))<((((t0.c0) BETWEEN (t0.c0) AND (0.9355992668850904))))) DESC, (~ ((- (t0.c0)))) DESC;
SELECT SUM(count) FROM (SELECT ALL ((TRIM(DISTINCT ((vt1.c0) BETWEEN (vt1.c0) AND (NULL)), '乒J9')) IS TRUE)  as count FROM vt1 NOT INDEXED, t0 ORDER BY (((((vt1.c0)<('+^'))))<((((t0.c0) BETWEEN (t0.c0) AND (0.9355992668850904))))) DESC, (~ ((- (t0.c0)))) DESC);
SELECT COUNT(*) FROM vt1 WHERE ((((vt1.c0)) BETWEEN ((((vt1.c0)!=('0.4702665937941316')))) AND ((((vt1.c0) NOT BETWEEN (vt1.c0) AND (vt1.c0))))));
SELECT SUM(count) FROM (SELECT (((((vt1.c0)) BETWEEN ((((vt1.c0)!=('0.4702665937941316')))) AND ((((vt1.c0) NOT BETWEEN (vt1.c0) AND (vt1.c0)))))) IS TRUE)  as count FROM vt1);
SELECT COUNT(*) FROM vt1 WHERE (CAST((vt1.c0 IN ()) AS NUMERIC)) ORDER BY ((NULL) NOTNULL) COLLATE BINARY COLLATE NOCASE ASC  NULLS LAST;
SELECT SUM(count) FROM (SELECT ALL ((CAST((vt1.c0 IN ()) AS NUMERIC)) IS TRUE)  as count FROM vt1 ORDER BY ((NULL) NOTNULL) COLLATE BINARY COLLATE NOCASE ASC  NULLS LAST);
SELECT COUNT(*) FROM vt1, t0 WHERE (CASE ((vt1.c0)/(vt1.c0))  WHEN ((vt1.c0) NOTNULL) THEN vt1.c0 COLLATE RTRIM END);
SELECT SUM(count) FROM (SELECT ALL ((CASE ((vt1.c0)/(vt1.c0))  WHEN ((vt1.c0) NOTNULL) THEN vt1.c0 COLLATE RTRIM END) IS TRUE)  as count FROM vt1, t0);
SELECT COUNT(*) FROM vt1 NATURAL JOIN t0 WHERE ((((t0.c0 IN (t0.c0, t0.c0)))IS(((t0.c0)&(vt1.c0)))));
SELECT SUM(count) FROM (SELECT (((((t0.c0 IN (t0.c0, t0.c0)))IS(((t0.c0)&(vt1.c0))))) IS TRUE)  as count FROM vt1 NATURAL JOIN t0);
SELECT ALL * FROM vt1 WHERE (NULL) ORDER BY ((0.1900227045867794) BETWEEN ((vt1.c0 IN (vt1.c0))) AND ((((vt1.c0, vt1.c0, vt1.c0, vt1.c0, vt1.c0)) NOT BETWEEN ((vt1.c0, vt1.c0, vt1.c0, vt1.c0, vt1.c0)) AND ((']흫', vt1.c0, vt1.c0, vt1.c0, vt1.c0))))), ((((((vt1.c0)AND(vt1.c0)))AND(vt1.c0))) NOT NULL) ASC  NULLS FIRST;
SELECT SUM(count) FROM (SELECT ((NULL) IS TRUE)  as count FROM vt1 ORDER BY ((0.1900227045867794) BETWEEN ((vt1.c0 IN (vt1.c0))) AND ((((vt1.c0, vt1.c0, vt1.c0, vt1.c0, vt1.c0)) NOT BETWEEN ((vt1.c0, vt1.c0, vt1.c0, vt1.c0, vt1.c0)) AND ((']흫', vt1.c0, vt1.c0, vt1.c0, vt1.c0))))), ((((((vt1.c0)AND(vt1.c0)))AND(vt1.c0))) NOT NULL) ASC  NULLS FIRST);
SELECT * FROM t0 WHERE (CAST((t0.c0 IN ()) AS INTEGER));
SELECT SUM(count) FROM (SELECT ((CAST((t0.c0 IN ()) AS INTEGER)) IS TRUE)  as count FROM t0);
SELECT ALL * FROM t0 WHERE (((t0.c0) NOT BETWEEN (t0.c0) AND (t0.c0)) COLLATE NOCASE) ORDER BY (((NULL)) BETWEEN ((((t0.c0) NOT BETWEEN (t0.c0) AND (t0.c0)))) AND ((t0.c0 COLLATE NOCASE))) DESC  NULLS FIRST;
SELECT SUM(count) FROM (SELECT ((((t0.c0) NOT BETWEEN (t0.c0) AND (t0.c0)) COLLATE NOCASE) IS TRUE)  as count FROM t0 ORDER BY (((NULL)) BETWEEN ((((t0.c0) NOT BETWEEN (t0.c0) AND (t0.c0)))) AND ((t0.c0 COLLATE NOCASE))) DESC  NULLS FIRST);
SELECT ALL * FROM vt1, t0 WHERE (((TRIM(DISTINCT t0.c0)) IS TRUE)) ORDER BY ((((LIKELIHOOD(DISTINCT vt1.c0, 0.8616947291715977))OR(((vt1.c0)IS(t0.c0)))))AND((vt1.c0 IN (t0.c0, t0.c0)))) DESC  NULLS LAST, (((((((((NULL IN ()))OR(((t0.c0) NOT BETWEEN (x'') AND (vt1.c0)))))OR(((t0.c0)IS NOT(vt1.c0)))))OR((NOT (vt1.c0)))))OR('812434289')), (+ (((t0.c0)<<('1'))))  NULLS FIRST;
SELECT SUM(count) FROM (SELECT ALL ((((TRIM(DISTINCT t0.c0)) IS TRUE)) IS TRUE)  as count FROM vt1, t0 ORDER BY ((((LIKELIHOOD(DISTINCT vt1.c0, 0.8616947291715977))OR(((vt1.c0)IS(t0.c0)))))AND((vt1.c0 IN (t0.c0, t0.c0)))) DESC  NULLS LAST, (((((((((NULL IN ()))OR(((t0.c0) NOT BETWEEN (x'') AND (vt1.c0)))))OR(((t0.c0)IS NOT(vt1.c0)))))OR((NOT (vt1.c0)))))OR('812434289')), (+ (((t0.c0)<<('1'))))  NULLS FIRST);
SELECT ALL COUNT(*) FROM t0 WHERE (((CASE WHEN t0.c0 THEN t0.c0 ELSE t0.c0 END) NOTNULL)) ORDER BY t0.c0;
SELECT SUM(count) FROM (SELECT ALL ((((CASE WHEN t0.c0 THEN t0.c0 ELSE t0.c0 END) NOTNULL)) IS TRUE)  as count FROM t0 ORDER BY t0.c0);
SELECT * FROM t0 WHERE ((((CAST(t0.c0 AS REAL), ((t0.c0)&(t0.c0)), ((t0.c0) NOT BETWEEN (t0.c0) AND (t0.c0))))>=((((t0.c0) NOT BETWEEN ('-944191040') AND (t0.c0)), (('926336450')IS(t0.c0)), ((t0.c0) ISNULL))))) ORDER BY (('s')LIKE(UNLIKELY(t0.c0))) DESC;
SELECT SUM(count) FROM (SELECT ALL (((((CAST(t0.c0 AS REAL), ((t0.c0)&(t0.c0)), ((t0.c0) NOT BETWEEN (t0.c0) AND (t0.c0))))>=((((t0.c0) NOT BETWEEN ('-944191040') AND (t0.c0)), (('926336450')IS(t0.c0)), ((t0.c0) ISNULL))))) IS TRUE)  as count FROM t0 ORDER BY (('s')LIKE(UNLIKELY(t0.c0))) DESC);
SELECT * FROM t0 WHERE (((((t0.c0) NOTNULL))+(((t0.c0)||(t0.c0))))) ORDER BY (((t0.c0 IN ()))IS NOT(((t0.c0)*(t0.c0)))) ASC, t0.c0 DESC, 0.9077349627517598;
SELECT SUM(count) FROM (SELECT ((((((t0.c0) NOTNULL))+(((t0.c0)||(t0.c0))))) IS TRUE)  as count FROM t0 ORDER BY (((t0.c0 IN ()))IS NOT(((t0.c0)*(t0.c0)))) ASC, t0.c0 DESC, 0.9077349627517598);
SELECT COUNT(*) FROM vt1, t0 WHERE ((((vt1.c0 IN ())) ISNULL)) ORDER BY ((((((vt1.c0)<(t0.c0)))AND(((-943964843)*(vt1.c0)))))OR((t0.c0 IN ())));
SELECT SUM(count) FROM (SELECT (((((vt1.c0 IN ())) ISNULL)) IS TRUE)  as count FROM vt1, t0 ORDER BY ((((((vt1.c0)<(t0.c0)))AND(((-943964843)*(vt1.c0)))))OR((t0.c0 IN ()))));
SELECT COUNT(*) FROM vt1 WHERE ((((+ (vt1.c0))) NOTNULL)) ORDER BY CASE WHEN ((vt1.c0)-(vt1.c0)) THEN ((vt1.c0) NOTNULL) ELSE vt1.c0 COLLATE BINARY END  NULLS LAST;
SELECT SUM(count) FROM (SELECT ALL (((((+ (vt1.c0))) NOTNULL)) IS TRUE)  as count FROM vt1 ORDER BY CASE WHEN ((vt1.c0)-(vt1.c0)) THEN ((vt1.c0) NOTNULL) ELSE vt1.c0 COLLATE BINARY END  NULLS LAST);
SELECT * FROM t0, vt1 WHERE (CASE ((vt1.c0) NOT BETWEEN (vt1.c0) AND (t0.c0))  WHEN t0.c0 COLLATE NOCASE THEN ((((((((vt1.c0)AND(t0.c0)))OR(t0.c0)))AND(vt1.c0)))AND(t0.c0)) WHEN x'' COLLATE RTRIM THEN CAST(t0.c0 AS NUMERIC) WHEN ((vt1.c0)&(vt1.c0)) THEN (('-1901817911') BETWEEN (vt1.c0) AND (vt1.c0)) ELSE CASE vt1.c0  WHEN vt1.c0 THEN vt1.c0 ELSE '' END END);
SELECT SUM(count) FROM (SELECT ALL ((CASE ((vt1.c0) NOT BETWEEN (vt1.c0) AND (t0.c0))  WHEN t0.c0 COLLATE NOCASE THEN ((((((((vt1.c0)AND(t0.c0)))OR(t0.c0)))AND(vt1.c0)))AND(t0.c0)) WHEN x'' COLLATE RTRIM THEN CAST(t0.c0 AS NUMERIC) WHEN ((vt1.c0)&(vt1.c0)) THEN (('-1901817911') BETWEEN (vt1.c0) AND (vt1.c0)) ELSE CASE vt1.c0  WHEN vt1.c0 THEN vt1.c0 ELSE '' END END) IS TRUE)  as count FROM t0, vt1);
SELECT COUNT(*) FROM t0, vt1 WHERE ((((t0.c0)) BETWEEN (('')) AND (((((t0.c0)) NOT BETWEEN ((t0.c0)) AND ((vt1.c0)))))));
SELECT SUM(count) FROM (SELECT ALL (((((t0.c0)) BETWEEN (('')) AND (((((t0.c0)) NOT BETWEEN ((t0.c0)) AND ((vt1.c0))))))) IS TRUE)  as count FROM t0, vt1);
SELECT ALL * FROM t0, vt1 WHERE (((((vt1.c0) NOTNULL))||(((vt1.c0)%(t0.c0))))) ORDER BY (- (((vt1.c0) ISNULL))) DESC  NULLS FIRST;
SELECT SUM(count) FROM (SELECT ALL ((((((vt1.c0) NOTNULL))||(((vt1.c0)%(t0.c0))))) IS TRUE)  as count FROM t0, vt1 ORDER BY (- (((vt1.c0) ISNULL))) DESC  NULLS FIRST);
SELECT ALL COUNT(*) FROM t0, vt1 WHERE (((((((t0.c0) BETWEEN (t0.c0) AND (vt1.c0)))AND(CAST(-7.22914074E8 AS INTEGER))))OR((- (vt1.c0))))) ORDER BY ((((t0.c0)LIKE(vt1.c0)))<((('K7')>>(t0.c0)))) DESC;
SELECT SUM(count) FROM (SELECT ((((((((t0.c0) BETWEEN (t0.c0) AND (vt1.c0)))AND(CAST(-7.22914074E8 AS INTEGER))))OR((- (vt1.c0))))) IS TRUE)  as count FROM t0, vt1 ORDER BY ((((t0.c0)LIKE(vt1.c0)))<((('K7')>>(t0.c0)))) DESC);
SELECT * FROM t0, vt1 WHERE (((((IFNULL(DISTINCT t0.c0, t0.c0))AND(((((x'bcbf')OR(0x569aeb5)))AND(t0.c0)))))OR(((t0.c0)>=(t0.c0))))) ORDER BY TYPEOF(0.49868275279127416)  NULLS LAST, ((vt1.c0)+(vt1.c0)) COLLATE RTRIM;
SELECT SUM(count) FROM (SELECT ALL ((((((IFNULL(DISTINCT t0.c0, t0.c0))AND(((((x'bcbf')OR(0x569aeb5)))AND(t0.c0)))))OR(((t0.c0)>=(t0.c0))))) IS TRUE)  as count FROM t0, vt1 ORDER BY TYPEOF(0.49868275279127416)  NULLS LAST, ((vt1.c0)+(vt1.c0)) COLLATE RTRIM);
SELECT ALL COUNT(*) FROM t0 WHERE ((((t0.c0)) BETWEEN ((CASE WHEN 0.35282389366223454 THEN t0.c0 END)) AND ((CASE t0.c0  WHEN t0.c0 THEN t0.c0 WHEN t0.c0 THEN t0.c0 WHEN t0.c0 THEN t0.c0 ELSE t0.c0 END)))) ORDER BY (((((((t0.c0)AND(t0.c0)))AND(t0.c0))))>=((((0Xffffffffaace4ea8)>=(t0.c0)))))  NULLS LAST, (((~ (t0.c0))) NOT NULL);
SELECT SUM(count) FROM (SELECT (((((t0.c0)) BETWEEN ((CASE WHEN 0.35282389366223454 THEN t0.c0 END)) AND ((CASE t0.c0  WHEN t0.c0 THEN t0.c0 WHEN t0.c0 THEN t0.c0 WHEN t0.c0 THEN t0.c0 ELSE t0.c0 END)))) IS TRUE)  as count FROM t0 ORDER BY (((((((t0.c0)AND(t0.c0)))AND(t0.c0))))>=((((0xffffffffaace4ea8)>=(t0.c0)))))  NULLS LAST, (((~ (t0.c0))) NOT NULL));
SELECT ALL * FROM t0, vt1 WHERE (((((CAST(vt1.c0 AS INTEGER))OR(TRIM(t0.c0, t0.c0))))AND((((t0.c0))>=((t0.c0)))))) ORDER BY ((vt1.c0 COLLATE NOCASE)/((('')IS NOT(vt1.c0)))) ASC  NULLS FIRST;
SELECT SUM(count) FROM (SELECT ((((((CAST(vt1.c0 AS INTEGER))OR(TRIM(t0.c0, t0.c0))))AND((((t0.c0))>=((t0.c0)))))) IS TRUE)  as count FROM t0, vt1 ORDER BY ((vt1.c0 COLLATE NOCASE)/((('')IS NOT(vt1.c0)))) ASC  NULLS FIRST);
SELECT * FROM vt1 WHERE (0.604435043423419) ORDER BY vt1.c0  NULLS FIRST;
SELECT SUM(count) FROM (SELECT ((0.604435043423419) IS TRUE)  as count FROM vt1 ORDER BY vt1.c0  NULLS FIRST);
SELECT * FROM t0 WHERE (NULLIF(t0.c0, ((t0.c0)LIKE(t0.c0)))) ORDER BY ((((t0.c0)AND(t0.c0))) NOT NULL), NULL;
SELECT SUM(count) FROM (SELECT ALL ((NULLIF(t0.c0, ((t0.c0)LIKE(t0.c0)))) IS TRUE)  as count FROM t0 ORDER BY ((((t0.c0)AND(t0.c0))) NOT NULL), NULL);
SELECT ALL * FROM t0 WHERE (((((((t0.c0)OR(t0.c0)))AND(t0.c0)))<=(((t0.c0)<(t0.c0)))));
SELECT SUM(count) FROM (SELECT ALL ((((((((t0.c0)OR(t0.c0)))AND(t0.c0)))<=(((t0.c0)<(t0.c0))))) IS TRUE)  as count FROM t0);
SELECT * FROM t0, vt1 WHERE ((((vt1.c0 IN ())) NOT BETWEEN ((t0.c0 IN (t0.c0, t0.c0))) AND ((+ (-1.981480556E9)))));
SELECT SUM(count) FROM (SELECT ALL (((((vt1.c0 IN ())) NOT BETWEEN ((t0.c0 IN (t0.c0, t0.c0))) AND ((+ (-1.981480556E9))))) IS TRUE)  as count FROM t0, vt1);
SELECT ALL * FROM vt1 WHERE (CAST((((vt1.c0))>((vt1.c0))) AS TEXT)) ORDER BY ((((0Xffffffffb1ffbc92)OR(CAST(vt1.c0 AS TEXT))))AND(COALESCE(DISTINCT vt1.c0, vt1.c0))) ASC;
SELECT SUM(count) FROM (SELECT ALL ((CAST((((vt1.c0))>((vt1.c0))) AS TEXT)) IS TRUE)  as count FROM vt1 ORDER BY ((((0Xffffffffb1ffbc92)OR(CAST(vt1.c0 AS TEXT))))AND(COALESCE(DISTINCT vt1.c0, vt1.c0))) ASC);
SELECT ALL * FROM t0, vt1 WHERE (((vt1.c0) IS TRUE));
SELECT SUM(count) FROM (SELECT ((((vt1.c0) IS TRUE)) IS TRUE)  as count FROM t0, vt1);
SELECT ALL * FROM vt1 NOT INDEXED WHERE (((((vt1.c0) NOT BETWEEN (vt1.c0) AND (vt1.c0)))||(((((vt1.c0)AND(vt1.c0)))OR(vt1.c0)))));
SELECT SUM(count) FROM (SELECT ((((((vt1.c0) NOT BETWEEN (vt1.c0) AND (vt1.c0)))||(((((vt1.c0)AND(vt1.c0)))OR(vt1.c0))))) IS TRUE)  as count FROM vt1);
SELECT * FROM t0, vt1 WHERE ('-849657427') ORDER BY ((COALESCE(t0.c0, 0.24962865885544683))GLOB(x'')) ASC  NULLS LAST;
SELECT SUM(count) FROM (SELECT (('-849657427') IS TRUE)  as count FROM t0, vt1 ORDER BY ((COALESCE(t0.c0, 0.24962865885544683))GLOB(x'')) ASC  NULLS LAST);
SELECT ALL * FROM t0, vt1 WHERE (json_remove((((vt1.c0)) NOT BETWEEN ((t0.c0)) AND ((t0.c0))), (NOT (vt1.c0)))) ORDER BY ROUND(((((vt1.c0)OR(vt1.c0)))OR(t0.c0)), ((vt1.c0)>>(vt1.c0)));
SELECT SUM(count) FROM (SELECT ((json_remove((((vt1.c0)) NOT BETWEEN ((t0.c0)) AND ((t0.c0))), (NOT (vt1.c0)))) IS TRUE)  as count FROM t0, vt1 ORDER BY ROUND(((((vt1.c0)OR(vt1.c0)))OR(t0.c0)), ((vt1.c0)>>(vt1.c0))));
SELECT ALL * FROM vt1 WHERE (UNLIKELY(DISTINCT vt1.c0 COLLATE NOCASE));
SELECT SUM(count) FROM (SELECT ((UNLIKELY(DISTINCT vt1.c0 COLLATE NOCASE)) IS TRUE)  as count FROM vt1);
SELECT ALL * FROM t0 WHERE ((((t0.c0)) NOT BETWEEN ((t0.c0)) AND ((t0.c0 COLLATE NOCASE)))) ORDER BY NULL ASC;
SELECT SUM(count) FROM (SELECT (((((t0.c0)) NOT BETWEEN ((t0.c0)) AND ((t0.c0 COLLATE NOCASE)))) IS TRUE)  as count FROM t0 ORDER BY NULL ASC);
SELECT * FROM vt1, t0 WHERE (((CAST(t0.c0 AS REAL))/(CAST(vt1.c0 AS TEXT))));
SELECT SUM(count) FROM (SELECT ((((CAST(t0.c0 AS REAL))/(CAST(vt1.c0 AS TEXT)))) IS TRUE)  as count FROM vt1, t0);
SELECT * FROM vt1, t0 WHERE (t0.c0) ORDER BY 'pa'  NULLS LAST;
SELECT SUM(count) FROM (SELECT ALL ((t0.c0) IS TRUE)  as count FROM vt1, t0 ORDER BY 'pa'  NULLS LAST);
SELECT COUNT(*) FROM vt1 WHERE (((0.033623416328567246 IN (vt1.c0)) IN ())) ORDER BY (~ (CAST(vt1.c0 AS NUMERIC))) DESC;
SELECT SUM(count) FROM (SELECT ((((0.033623416328567246 IN (vt1.c0)) IN ())) IS TRUE)  as count FROM vt1 ORDER BY (~ (CAST(vt1.c0 AS NUMERIC))) DESC);
SELECT ALL * FROM vt1, t0 WHERE (NULLIF(DISTINCT (((t0.c0)) NOT BETWEEN ((t0.c0)) AND ((t0.c0))), (vt1.c0 IN ()))) ORDER BY CAST(load_extension(vt1.c0, vt1.c0) AS REAL);
SELECT SUM(count) FROM (SELECT ALL ((NULLIF(DISTINCT (((t0.c0)) NOT BETWEEN ((t0.c0)) AND ((t0.c0))), (vt1.c0 IN ()))) IS TRUE)  as count FROM vt1, t0 ORDER BY CAST(load_extension(vt1.c0, vt1.c0) AS REAL));
SELECT ALL COUNT(*) FROM t0, vt1 WHERE (CASE WHEN ((t0.c0) ISNULL) THEN ((((vt1.c0)AND(vt1.c0)))OR(t0.c0)) ELSE ((((-1.702552021E9)AND(vt1.c0)))AND(t0.c0)) END) ORDER BY CAST(SQLITE_VERSION() AS BLOB) DESC;
SELECT SUM(count) FROM (SELECT ((CASE WHEN ((t0.c0) ISNULL) THEN ((((vt1.c0)AND(vt1.c0)))OR(t0.c0)) ELSE ((((-1.702552021E9)AND(vt1.c0)))AND(t0.c0)) END) IS TRUE)  as count FROM t0, vt1 ORDER BY CAST(SQLITE_VERSION() AS BLOB) DESC);
SELECT ALL COUNT(*) FROM vt1 WHERE ((- (((((-677639152)OR(vt1.c0)))OR('-1363464015')))));
SELECT SUM(count) FROM (SELECT (((- (((((-677639152)OR(vt1.c0)))OR('-1363464015'))))) IS TRUE)  as count FROM vt1);
SELECT ALL * FROM t0, vt1 WHERE ((((((t0.c0 IN ()))OR(((vt1.c0) BETWEEN (t0.c0) AND (vt1.c0)))))OR(((vt1.c0)<=(vt1.c0))))) ORDER BY '1528828993'  NULLS LAST;
SELECT SUM(count) FROM (SELECT ALL (((((((t0.c0 IN ()))OR(((vt1.c0) BETWEEN (t0.c0) AND (vt1.c0)))))OR(((vt1.c0)<=(vt1.c0))))) IS TRUE)  as count FROM t0, vt1 ORDER BY '1528828993'  NULLS LAST);
SELECT ALL * FROM vt1 WHERE (vt1.c0) ORDER BY ((((vt1.c0 COLLATE NOCASE)AND((+ (vt1.c0)))))AND(json_extract(vt1.c0, vt1.c0))) ASC;
SELECT SUM(count) FROM (SELECT ((vt1.c0) IS TRUE)  as count FROM vt1 ORDER BY ((((vt1.c0 COLLATE NOCASE)AND((+ (vt1.c0)))))AND(json_extract(vt1.c0, vt1.c0))) ASC);
SELECT COUNT(*) FROM t0, vt1 WHERE (((NULL)+((- (vt1.c0)))));
SELECT SUM(count) FROM (SELECT ((((NULL)+((- (vt1.c0))))) IS TRUE)  as count FROM t0, vt1);
SELECT ALL COUNT(*) FROM vt1 WHERE ((- (LTRIM(vt1.c0))));
SELECT SUM(count) FROM (SELECT (((- (LTRIM(vt1.c0)))) IS TRUE)  as count FROM vt1);
SELECT * FROM vt1 WHERE (((vt1.c0) NOT BETWEEN (x'4295') AND (vt1.c0)) COLLATE BINARY);
SELECT SUM(count) FROM (SELECT ((((vt1.c0) NOT BETWEEN (x'4295') AND (vt1.c0)) COLLATE BINARY) IS TRUE)  as count FROM vt1);
SELECT * FROM t0 WHERE (CAST(((((((((t0.c0)AND(t0.c0)))AND(t0.c0)))AND(t0.c0)))OR('43RG5풉YY	')) AS TEXT)) ORDER BY LOWER(CASE t0.c0  WHEN t0.c0 THEN t0.c0 WHEN t0.c0 THEN t0.c0 WHEN t0.c0 THEN NULL END);
SELECT SUM(count) FROM (SELECT ((CAST(((((((((t0.c0)AND(t0.c0)))AND(t0.c0)))AND(t0.c0)))OR('43RG5풉YY	')) AS TEXT)) IS TRUE)  as count FROM t0 ORDER BY LOWER(CASE t0.c0  WHEN t0.c0 THEN t0.c0 WHEN t0.c0 THEN t0.c0 WHEN t0.c0 THEN NULL END));
SELECT ALL * FROM t0, vt1 INDEXED BY i54 WHERE (((((((((((vt1.c0) IS TRUE))OR(((NULL) ISNULL))))AND(t0.c0 COLLATE NOCASE)))OR((((vt1.c0)) BETWEEN ((vt1.c0)) AND ((vt1.c0))))))OR(((vt1.c0) BETWEEN (t0.c0) AND (1480605456)))));
SELECT SUM(count) FROM (SELECT ALL ((((((((((((vt1.c0) IS TRUE))OR(((NULL) ISNULL))))AND(t0.c0 COLLATE NOCASE)))OR((((vt1.c0)) BETWEEN ((vt1.c0)) AND ((vt1.c0))))))OR(((vt1.c0) BETWEEN (t0.c0) AND (1480605456))))) IS TRUE)  as count FROM t0, vt1 INDEXED BY i54);
SELECT ALL COUNT(*) FROM t0 WHERE (((((((((CASE t0.c0  WHEN t0.c0 THEN t0.c0 END)OR((~ (t0.c0)))))OR(0.7420114077899943)))OR(((t0.c0) BETWEEN (t0.c0) AND (t0.c0)))))AND(CAST(t0.c0 AS NUMERIC))));
SELECT SUM(count) FROM (SELECT ALL ((((((((((CASE t0.c0  WHEN t0.c0 THEN t0.c0 END)OR((~ (t0.c0)))))OR(0.7420114077899943)))OR(((t0.c0) BETWEEN (t0.c0) AND (t0.c0)))))AND(CAST(t0.c0 AS NUMERIC)))) IS TRUE)  as count FROM t0);
SELECT * FROM t0 WHERE ((((t0.c0)) BETWEEN (('1747316827')) AND (((- (t0.c0))))));
SELECT SUM(count) FROM (SELECT (((((t0.c0)) BETWEEN (('1747316827')) AND (((- (t0.c0)))))) IS TRUE)  as count FROM t0);
SELECT * FROM vt1, t0 WHERE (((vt1.c0 IN (t0.c0, t0.c0)) IN ()));
SELECT SUM(count) FROM (SELECT ((((vt1.c0 IN (t0.c0, t0.c0)) IN ())) IS TRUE)  as count FROM vt1, t0);
SELECT ALL COUNT(*) FROM t0 WHERE (((((t0.c0)AND(t0.c0)))AND(0X1270d2fc)) COLLATE NOCASE);
SELECT SUM(count) FROM (SELECT ((((((t0.c0)AND(t0.c0)))AND(0x1270d2fc)) COLLATE NOCASE) IS TRUE)  as count FROM t0);
SELECT * FROM vt1, t0 WHERE ((((CAST(vt1.c0 AS INTEGER)))>((vt1.c0 COLLATE NOCASE))));
SELECT SUM(count) FROM (SELECT (((((CAST(vt1.c0 AS INTEGER)))>((vt1.c0 COLLATE NOCASE)))) IS TRUE)  as count FROM vt1, t0);
SELECT COUNT(*) FROM vt1, t0 WHERE ((((t0.c0 IN ()))IS NOT((+ (t0.c0))))) ORDER BY ((CHAR(t0.c0, t0.c0, vt1.c0))-((- (vt1.c0))))  NULLS LAST;
SELECT SUM(count) FROM (SELECT (((((t0.c0 IN ()))IS NOT((+ (t0.c0))))) IS TRUE)  as count FROM vt1, t0 ORDER BY ((CHAR(t0.c0, t0.c0, vt1.c0))-((- (vt1.c0))))  NULLS LAST);
SELECT ALL COUNT(*) FROM vt1 INNER JOIN t0 ON ((json_insert(vt1.c0, -477555652, t0.c0))IS NOT((NOT (t0.c0)))) WHERE (((t0.c0) NOT BETWEEN ((((vt1.c0))>=((vt1.c0)))) AND (((t0.c0) IS TRUE))));
SELECT SUM(count) FROM (SELECT ALL ((((t0.c0) NOT BETWEEN ((((vt1.c0))>=((vt1.c0)))) AND (((t0.c0) IS TRUE)))) IS TRUE)  as count FROM vt1 INNER JOIN t0 ON ((json_insert(vt1.c0, -477555652, t0.c0))IS NOT((NOT (t0.c0)))));
SELECT * FROM t0 WHERE (CAST(((t0.c0) ISNULL) AS INTEGER));
SELECT SUM(count) FROM (SELECT ((CAST(((t0.c0) ISNULL) AS INTEGER)) IS TRUE)  as count FROM t0);
SELECT * FROM t0 FULL OUTER JOIN vt1 ON ((((NULLIF(0.5820696319781263, x'8776'))OR(((vt1.c0) ISNULL))))OR(((vt1.c0) BETWEEN (vt1.c0) AND (vt1.c0)))) WHERE ((((t0.c0)) NOT BETWEEN (('12821152')) AND ((((t0.c0)<=(t0.c0)))))) ORDER BY CASE WHEN (t0.c0 IN (0.35282389366223454)) THEN (t0.c0 IN (t0.c0, vt1.c0)) ELSE ((vt1.c0)>=(vt1.c0)) END;
SELECT SUM(count) FROM (SELECT ALL (((((t0.c0)) NOT BETWEEN (('12821152')) AND ((((t0.c0)<=(t0.c0)))))) IS TRUE)  as count FROM t0 FULL OUTER JOIN vt1 ON ((((NULLIF(0.5820696319781263, x'8776'))OR(((vt1.c0) ISNULL))))OR(((vt1.c0) BETWEEN (vt1.c0) AND (vt1.c0)))) ORDER BY CASE WHEN (t0.c0 IN (0.35282389366223454)) THEN (t0.c0 IN (t0.c0, vt1.c0)) ELSE ((vt1.c0)>=(vt1.c0)) END);
SELECT COUNT(*) FROM t0, vt1 WHERE ((((t0.c0 IN ()))OR(((t0.c0) BETWEEN (vt1.c0) AND (t0.c0)))));
SELECT SUM(count) FROM (SELECT (((((t0.c0 IN ()))OR(((t0.c0) BETWEEN (vt1.c0) AND (t0.c0))))) IS TRUE)  as count FROM t0, vt1);
SELECT ALL COUNT(*) FROM vt1, t0 WHERE ((((((t0.c0)) BETWEEN ((x'e485')) AND ((vt1.c0))))<>(CAST(t0.c0 AS REAL))));
SELECT SUM(count) FROM (SELECT (((((((t0.c0)) BETWEEN ((x'e485')) AND ((vt1.c0))))!=(CAST(t0.c0 AS REAL)))) IS TRUE)  as count FROM vt1, t0);
SELECT ALL COUNT(*) FROM t0, vt1 WHERE ((((t0.c0) BETWEEN (vt1.c0) AND (0Xd61c4b6)) IN ())) ORDER BY vt1.c0 ASC  NULLS FIRST;
SELECT SUM(count) FROM (SELECT ALL (((((t0.c0) BETWEEN (vt1.c0) AND (0xd61c4b6)) IN ())) IS TRUE)  as count FROM t0, vt1 ORDER BY vt1.c0 ASC  NULLS FIRST);
SELECT COUNT(*) FROM t0, vt1 WHERE (((((t0.c0) BETWEEN (t0.c0) AND (t0.c0)))*(json_remove(t0.c0, t0.c0))));
SELECT SUM(count) FROM (SELECT ALL ((((((t0.c0) BETWEEN (t0.c0) AND (t0.c0)))*(json_remove(t0.c0, t0.c0)))) IS TRUE)  as count FROM t0, vt1);
SELECT ALL COUNT(*) FROM vt1 WHERE ((((((vt1.c0, vt1.c0, vt1.c0)) BETWEEN ((vt1.c0, vt1.c0, vt1.c0)) AND ((vt1.c0, vt1.c0, vt1.c0)))) NOT BETWEEN (vt1.c0) AND (UNLIKELY(DISTINCT vt1.c0)))) ORDER BY ((vt1.c0) ISNULL) ASC;
SELECT SUM(count) FROM (SELECT ALL (((((((vt1.c0, vt1.c0, vt1.c0)) BETWEEN ((vt1.c0, vt1.c0, vt1.c0)) AND ((vt1.c0, vt1.c0, vt1.c0)))) NOT BETWEEN (vt1.c0) AND (UNLIKELY(DISTINCT vt1.c0)))) IS TRUE)  as count FROM vt1 ORDER BY ((vt1.c0) ISNULL) ASC);
SELECT COUNT(*) FROM t0, vt1 WHERE (((((vt1.c0) NOTNULL))<<((- (vt1.c0)))));
SELECT SUM(count) FROM (SELECT ALL ((((((vt1.c0) NOTNULL))<<((- (vt1.c0))))) IS TRUE)  as count FROM t0, vt1);
SELECT ALL * FROM vt1, t0 WHERE ((- (0Xffffffffc9f152a5))) ORDER BY (((t0.c0 IN (NULL))) NOTNULL) ASC  NULLS LAST;
SELECT SUM(count) FROM (SELECT ALL (((- (0xffffffffc9f152a5))) IS TRUE)  as count FROM vt1, t0 ORDER BY (((t0.c0 IN (NULL))) NOTNULL) ASC  NULLS LAST);
SELECT * FROM vt1, t0 WHERE ((((((t0.c0 IN (t0.c0)))AND(vt1.c0 COLLATE RTRIM)))OR(UNLIKELY(DISTINCT t0.c0)))) ORDER BY ((((((t0.c0))<=((t0.c0)))))!=((((t0.c0)<=(t0.c0))))) ASC  NULLS FIRST;
SELECT SUM(count) FROM (SELECT ALL (((((((t0.c0 IN (t0.c0)))AND(vt1.c0 COLLATE RTRIM)))OR(UNLIKELY(DISTINCT t0.c0)))) IS TRUE)  as count FROM vt1, t0 ORDER BY ((((((t0.c0))<=((t0.c0)))))!=((((t0.c0)<=(t0.c0))))) ASC  NULLS FIRST);
SELECT * FROM t0 WHERE (t0.c0);
SELECT SUM(count) FROM (SELECT ((t0.c0) IS TRUE)  as count FROM t0);
SELECT ALL COUNT(*) FROM t0 WHERE ((NULL IN ()));
SELECT SUM(count) FROM (SELECT ALL (((NULL IN ())) IS TRUE)  as count FROM t0);
SELECT COUNT(*) FROM vt1 WHERE ((((((vt1.c0))<((vt1.c0)))) IS FALSE)) ORDER BY vt1.c0 DESC;
SELECT SUM(count) FROM (SELECT ALL (((((((vt1.c0))<((vt1.c0)))) IS FALSE)) IS TRUE)  as count FROM vt1 ORDER BY vt1.c0 DESC);
SELECT * FROM t0, vt1 WHERE ((((t0.c0)) BETWEEN ((((t0.c0) NOT BETWEEN (vt1.c0) AND (vt1.c0)))) AND ((CAST(t0.c0 AS BLOB))))) ORDER BY (((((((((vt1.c0 IN ()))AND(((vt1.c0)GLOB(t0.c0)))))OR(((((((((vt1.c0)AND('')))AND(1.546992167E9)))AND(vt1.c0)))AND(t0.c0)))))OR(vt1.c0 COLLATE BINARY)))AND(((vt1.c0) NOT NULL)))  NULLS FIRST, ((((((t0.c0)>=(t0.c0)))AND(((vt1.c0) IS TRUE))))OR(vt1.c0)) ASC;
SELECT SUM(count) FROM (SELECT (((((t0.c0)) BETWEEN ((((t0.c0) NOT BETWEEN (vt1.c0) AND (vt1.c0)))) AND ((CAST(t0.c0 AS BLOB))))) IS TRUE)  as count FROM t0, vt1 ORDER BY (((((((((vt1.c0 IN ()))AND(((vt1.c0)GLOB(t0.c0)))))OR(((((((((vt1.c0)AND('')))AND(1.546992167E9)))AND(vt1.c0)))AND(t0.c0)))))OR(vt1.c0 COLLATE BINARY)))AND(((vt1.c0) NOT NULL)))  NULLS FIRST, ((((((t0.c0)>=(t0.c0)))AND(((vt1.c0) IS TRUE))))OR(vt1.c0)) ASC);
SELECT * FROM vt1 WHERE ((((((vt1.c0, vt1.c0, vt1.c0)) NOT BETWEEN ((vt1.c0, vt1.c0, vt1.c0)) AND ((vt1.c0, vt1.c0, vt1.c0))))|(1.91851229E8)));
SELECT SUM(count) FROM (SELECT (((((((vt1.c0, vt1.c0, vt1.c0)) NOT BETWEEN ((vt1.c0, vt1.c0, vt1.c0)) AND ((vt1.c0, vt1.c0, vt1.c0))))|(1.91851229E8))) IS TRUE)  as count FROM vt1);
SELECT COUNT(*) FROM vt1, t0 WHERE (((((((((((vt1.c0)<=(vt1.c0)))AND(t0.c0 COLLATE NOCASE)))OR((NOT (vt1.c0)))))AND((t0.c0 IN ()))))AND((+ (vt1.c0))))) ORDER BY (((t0.c0 IN ())) NOT BETWEEN (CASE WHEN t0.c0 THEN t0.c0 END) AND (((vt1.c0)AND(vt1.c0)))) DESC;
SELECT SUM(count) FROM (SELECT ((((((((((((vt1.c0)<=(vt1.c0)))AND(t0.c0 COLLATE NOCASE)))OR((NOT (vt1.c0)))))AND((t0.c0 IN ()))))AND((+ (vt1.c0))))) IS TRUE)  as count FROM vt1, t0 ORDER BY (((t0.c0 IN ())) NOT BETWEEN (CASE WHEN t0.c0 THEN t0.c0 END) AND (((vt1.c0)AND(vt1.c0)))) DESC);
SELECT * FROM vt1, t0 WHERE (((NULLIF(t0.c0, t0.c0)) BETWEEN (vt1.c0) AND (LIKELY(vt1.c0))));
SELECT SUM(count) FROM (SELECT ALL ((((NULLIF(t0.c0, t0.c0)) BETWEEN (vt1.c0) AND (LIKELY(vt1.c0)))) IS TRUE)  as count FROM vt1, t0);
SELECT ALL COUNT(*) FROM t0 WHERE ((CASE t0.c0  WHEN t0.c0 THEN t0.c0 ELSE t0.c0 END IN (0.9755697024990738)));
SELECT SUM(count) FROM (SELECT ALL (((CASE t0.c0  WHEN t0.c0 THEN t0.c0 ELSE t0.c0 END IN (0.9755697024990738))) IS TRUE)  as count FROM t0);
SELECT ALL COUNT(*) FROM vt1 WHERE (CAST(CASE WHEN vt1.c0 THEN vt1.c0 WHEN '-537881907' THEN vt1.c0 WHEN vt1.c0 THEN vt1.c0 ELSE vt1.c0 END AS REAL)) ORDER BY ((((((vt1.c0)OR(NULL)))AND(vt1.c0))) BETWEEN (NULL COLLATE BINARY) AND (((((((((((((vt1.c0)OR(vt1.c0)))AND(vt1.c0)))AND(vt1.c0)))OR(vt1.c0)))AND(-3569430.0)))AND(x'0264'))))  NULLS FIRST, CASE WHEN vt1.c0 COLLATE RTRIM THEN ((vt1.c0)<=(vt1.c0)) ELSE ((vt1.c0)>=(-1.222614385E9)) END ASC, 3.91479529E8 DESC  NULLS FIRST;
SELECT SUM(count) FROM (SELECT ALL ((CAST(CASE WHEN vt1.c0 THEN vt1.c0 WHEN '-537881907' THEN vt1.c0 WHEN vt1.c0 THEN vt1.c0 ELSE vt1.c0 END AS REAL)) IS TRUE)  as count FROM vt1 ORDER BY ((((((vt1.c0)OR(NULL)))AND(vt1.c0))) BETWEEN (NULL COLLATE BINARY) AND (((((((((((((vt1.c0)OR(vt1.c0)))AND(vt1.c0)))AND(vt1.c0)))OR(vt1.c0)))AND(-3569430.0)))AND(x'0264'))))  NULLS FIRST, CASE WHEN vt1.c0 COLLATE RTRIM THEN ((vt1.c0)<=(vt1.c0)) ELSE ((vt1.c0)>=(-1.222614385E9)) END ASC, 3.91479529E8 DESC  NULLS FIRST);
SELECT * FROM t0 CROSS JOIN vt1 ON (((('1170171648')OR(vt1.c0)))AND(vt1.c0)) COLLATE NOCASE WHERE ((CAST(t0.c0 AS BLOB) IN ())) ORDER BY (CAST(vt1.c0 AS NUMERIC) IN (((t0.c0) NOT BETWEEN (vt1.c0) AND (t0.c0)))) DESC;
SELECT SUM(count) FROM (SELECT ALL (((CAST(t0.c0 AS BLOB) IN ())) IS TRUE)  as count FROM t0 CROSS JOIN vt1 ON (((('1170171648')OR(vt1.c0)))AND(vt1.c0)) COLLATE NOCASE ORDER BY (CAST(vt1.c0 AS NUMERIC) IN (((t0.c0) NOT BETWEEN (vt1.c0) AND (t0.c0)))) DESC);
SELECT ALL COUNT(*) FROM vt1 NATURAL JOIN t0 WHERE (CASE WHEN CASE vt1.c0  WHEN vt1.c0 THEN t0.c0 WHEN t0.c0 THEN t0.c0 WHEN vt1.c0 THEN t0.c0 END THEN (vt1.c0 IN ()) ELSE (+ (t0.c0)) END) ORDER BY UPPER(DISTINCT SQLITE_VERSION()) DESC  NULLS FIRST;
SELECT SUM(count) FROM (SELECT ((CASE WHEN CASE vt1.c0  WHEN vt1.c0 THEN t0.c0 WHEN t0.c0 THEN t0.c0 WHEN vt1.c0 THEN t0.c0 END THEN (vt1.c0 IN ()) ELSE (+ (t0.c0)) END) IS TRUE)  as count FROM vt1 NATURAL JOIN t0 ORDER BY UPPER(DISTINCT SQLITE_VERSION()) DESC  NULLS FIRST);
SELECT ALL COUNT(*) FROM vt1, t0 WHERE (((vt1.c0 COLLATE NOCASE)+((((((((('7<\>lK7')AND(t0.c0)))OR(vt1.c0)))AND(vt1.c0)))OR(vt1.c0))))) ORDER BY x'' DESC  NULLS FIRST;
SELECT SUM(count) FROM (SELECT ALL ((((vt1.c0 COLLATE NOCASE)+((((((((('7<\>lK7')AND(t0.c0)))OR(vt1.c0)))AND(vt1.c0)))OR(vt1.c0))))) IS TRUE)  as count FROM vt1, t0 ORDER BY x'' DESC  NULLS FIRST);
SELECT ALL COUNT(*) FROM vt1 INNER JOIN t0 ON 0.9265557995473138 WHERE (x'');
SELECT SUM(count) FROM (SELECT ((x'') IS TRUE)  as count FROM vt1 INNER JOIN t0 ON 0.9265557995473138);
SELECT * FROM t0, vt1 WHERE (STRFTIME((~ (t0.c0)), x'40c5', (t0.c0 IN ())));
SELECT SUM(count) FROM (SELECT ((STRFTIME((~ (t0.c0)), x'40c5', (t0.c0 IN ()))) IS TRUE)  as count FROM t0, vt1);
SELECT COUNT(*) FROM t0, vt1 WHERE ((((t0.c0 IN ())) ISNULL));
SELECT SUM(count) FROM (SELECT ALL (((((t0.c0 IN ())) ISNULL)) IS TRUE)  as count FROM t0, vt1);
SELECT ALL COUNT(*) FROM vt1 WHERE (CAST((vt1.c0 IN ()) AS NUMERIC));
SELECT SUM(count) FROM (SELECT ((CAST((vt1.c0 IN ()) AS NUMERIC)) IS TRUE)  as count FROM vt1);
SELECT ALL * FROM t0 WHERE ((t0.c0 IN ()) COLLATE BINARY) ORDER BY 0.4173843433629436  NULLS FIRST, (~ (((t0.c0) BETWEEN (t0.c0) AND (t0.c0))));
SELECT SUM(count) FROM (SELECT (((t0.c0 IN ()) COLLATE BINARY) IS TRUE)  as count FROM t0 ORDER BY 0.4173843433629436  NULLS FIRST, (~ (((t0.c0) BETWEEN (t0.c0) AND (t0.c0)))));
SELECT ALL COUNT(*) FROM vt1 WHERE ('-2194822');
SELECT SUM(count) FROM (SELECT (('-2194822') IS TRUE)  as count FROM vt1);
SELECT ALL * FROM t0 WHERE ('1552250441') ORDER BY (((~ (t0.c0)))IS NOT((t0.c0 IN (t0.c0)))), CASE WHEN ((((t0.c0)OR(t0.c0)))OR(NULL)) THEN highlight(t0.c0, t0.c0, t0.c0, 594753551) ELSE CAST(t0.c0 AS TEXT) END;
SELECT SUM(count) FROM (SELECT (('1552250441') IS TRUE)  as count FROM t0 ORDER BY (((~ (t0.c0)))IS NOT((t0.c0 IN (t0.c0)))), CASE WHEN ((((t0.c0)OR(t0.c0)))OR(NULL)) THEN highlight(t0.c0, t0.c0, t0.c0, 594753551) ELSE CAST(t0.c0 AS TEXT) END);
SELECT ALL COUNT(*) FROM t0, vt1 WHERE (x'') ORDER BY (((((((((t0.c0)AND(vt1.c0)))OR(vt1.c0)))AND(t0.c0)))AND(vt1.c0)) IN (vt1.c0 COLLATE BINARY)) DESC  NULLS FIRST;
SELECT SUM(count) FROM (SELECT ((x'') IS TRUE)  as count FROM t0 NOT INDEXED, vt1 ORDER BY (((((((((t0.c0)AND(vt1.c0)))OR(vt1.c0)))AND(t0.c0)))AND(vt1.c0)) IN (vt1.c0 COLLATE BINARY)) DESC  NULLS FIRST);
SELECT ALL * FROM vt1 WHERE (IFNULL(NULL, vt1.c0 COLLATE NOCASE)) ORDER BY (((vt1.c0 IN ()))>=(((vt1.c0)<=(vt1.c0))));
SELECT SUM(count) FROM (SELECT ALL ((IFNULL(NULL, vt1.c0 COLLATE NOCASE)) IS TRUE)  as count FROM vt1 ORDER BY (((vt1.c0 IN ()))>=(((vt1.c0)<=(vt1.c0)))));
SELECT COUNT(*) FROM t0, vt1 WHERE ((- (NULL)) COLLATE NOCASE);
SELECT SUM(count) FROM (SELECT ALL (((- (NULL)) COLLATE NOCASE) IS TRUE)  as count FROM t0, vt1);
SELECT COUNT(*) FROM t0 INNER JOIN vt1 ON ((((t0.c0)!=(vt1.c0))) IS TRUE) WHERE (CAST((t0.c0 IN ()) AS REAL));
SELECT SUM(count) FROM (SELECT ALL ((CAST((t0.c0 IN ()) AS REAL)) IS TRUE)  as count FROM t0 INNER JOIN vt1 ON ((((t0.c0)!=(vt1.c0))) IS TRUE));
SELECT COUNT(*) FROM t0 WHERE (((json_valid(t0.c0)) IS TRUE)) ORDER BY (CAST(t0.c0 AS REAL) IN (t0.c0 COLLATE NOCASE)) DESC;
SELECT SUM(count) FROM (SELECT ((((json_valid(t0.c0)) IS TRUE)) IS TRUE)  as count FROM t0 ORDER BY (CAST(t0.c0 AS REAL) IN (t0.c0 COLLATE NOCASE)) DESC);
SELECT COUNT(*) FROM vt1 WHERE ((NOT (((vt1.c0)LIKE(vt1.c0))))) ORDER BY vt1.c0;
SELECT SUM(count) FROM (SELECT (((NOT (((vt1.c0)LIKE(vt1.c0))))) IS TRUE)  as count FROM vt1 ORDER BY vt1.c0);
SELECT ALL COUNT(*) FROM vt1, t0 WHERE (json_insert(((t0.c0)<<(t0.c0)), ((t0.c0) NOT NULL), ((vt1.c0) NOT BETWEEN (vt1.c0) AND (vt1.c0))));
SELECT SUM(count) FROM (SELECT ALL ((json_insert(((t0.c0)<<(t0.c0)), ((t0.c0) NOT NULL), ((vt1.c0) NOT BETWEEN (vt1.c0) AND (vt1.c0)))) IS TRUE)  as count FROM vt1, t0);
SELECT ALL COUNT(*) FROM vt1 WHERE ((+ (json_extract(vt1.c0, vt1.c0)))) ORDER BY CASE ((vt1.c0) BETWEEN (vt1.c0) AND (vt1.c0))  WHEN CAST(vt1.c0 AS REAL) THEN ((vt1.c0)&(853695877)) WHEN ((x'') NOT BETWEEN (vt1.c0) AND (vt1.c0)) THEN CASE WHEN vt1.c0 THEN vt1.c0 ELSE vt1.c0 END WHEN x'' THEN ((vt1.c0)|(vt1.c0)) ELSE ((vt1.c0) NOT BETWEEN (vt1.c0) AND (vt1.c0)) END, (((vt1.c0))<=((vt1.c0))) COLLATE RTRIM  NULLS LAST, ((vt1.c0 COLLATE RTRIM) BETWEEN ('') AND ((vt1.c0 IN ())))  NULLS LAST;
SELECT SUM(count) FROM (SELECT (((+ (json_extract(vt1.c0, vt1.c0)))) IS TRUE)  as count FROM vt1 ORDER BY CASE ((vt1.c0) BETWEEN (vt1.c0) AND (vt1.c0))  WHEN CAST(vt1.c0 AS REAL) THEN ((vt1.c0)&(853695877)) WHEN ((x'') NOT BETWEEN (vt1.c0) AND (vt1.c0)) THEN CASE WHEN vt1.c0 THEN vt1.c0 ELSE vt1.c0 END WHEN x'' THEN ((vt1.c0)|(vt1.c0)) ELSE ((vt1.c0) NOT BETWEEN (vt1.c0) AND (vt1.c0)) END, (((vt1.c0))<=((vt1.c0))) COLLATE RTRIM  NULLS LAST, ((vt1.c0 COLLATE RTRIM) BETWEEN ('') AND ((vt1.c0 IN ())))  NULLS LAST);
SELECT ALL * FROM t0, vt1 WHERE (-654376132) ORDER BY TRIM(((vt1.c0) ISNULL))  NULLS FIRST;
SELECT SUM(count) FROM (SELECT ((-654376132) IS TRUE)  as count FROM t0, vt1 ORDER BY TRIM(((vt1.c0) ISNULL))  NULLS FIRST);
SELECT COUNT(*) FROM vt1, t0 WHERE (((t0.c0)>(1.788856435E9)) COLLATE BINARY) ORDER BY (((((t0.c0)) BETWEEN ((t0.c0)) AND ((vt1.c0))))>(CAST(t0.c0 AS TEXT)))  NULLS FIRST;
SELECT SUM(count) FROM (SELECT ((((t0.c0)>(1.788856435E9)) COLLATE BINARY) IS TRUE)  as count FROM vt1 NOT INDEXED, t0 ORDER BY (((((t0.c0)) BETWEEN ((t0.c0)) AND ((vt1.c0))))>(CAST(t0.c0 AS TEXT)))  NULLS FIRST);
SELECT ALL * FROM vt1 WHERE ((((vt1.c0))==((vt1.c0))) COLLATE BINARY);
SELECT SUM(count) FROM (SELECT (((((vt1.c0))==((vt1.c0))) COLLATE BINARY) IS TRUE)  as count FROM vt1);
SELECT ALL COUNT(*) FROM t0 WHERE ((t0.c0 IN ())) ORDER BY (NOT (((1170171648) BETWEEN (NULL) AND (t0.c0))));
SELECT SUM(count) FROM (SELECT (((t0.c0 IN ())) IS TRUE)  as count FROM t0 ORDER BY (NOT (((1170171648) BETWEEN (NULL) AND (t0.c0)))));
SELECT * FROM t0 WHERE ((~ (((t0.c0) BETWEEN (NULL) AND (t0.c0)))));
SELECT SUM(count) FROM (SELECT (((~ (((t0.c0) BETWEEN (NULL) AND (t0.c0))))) IS TRUE)  as count FROM t0);
SELECT COUNT(*) FROM t0 INNER JOIN vt1 ON ((((vt1.c0)AND(vt1.c0)))OR(t0.c0)) COLLATE BINARY WHERE (((((vt1.c0)||(vt1.c0))) ISNULL));
SELECT SUM(count) FROM (SELECT ALL ((((((vt1.c0)||(vt1.c0))) ISNULL)) IS TRUE)  as count FROM t0 INNER JOIN vt1 ON ((((vt1.c0)AND(vt1.c0)))OR(t0.c0)) COLLATE BINARY);
SELECT ALL * FROM t0, vt1 WHERE ((((((((vt1.c0))=((vt1.c0))))OR((((x'')) NOT BETWEEN ((NULL)) AND ((t0.c0))))))OR(((vt1.c0)<=(vt1.c0))))) ORDER BY ((CAST(x'' AS INTEGER))%(0.7571391294840027)) DESC;
SELECT SUM(count) FROM (SELECT (((((((((vt1.c0))==((vt1.c0))))OR((((x'')) NOT BETWEEN ((NULL)) AND ((t0.c0))))))OR(((vt1.c0)<=(vt1.c0))))) IS TRUE)  as count FROM t0, vt1 ORDER BY ((CAST(x'' AS INTEGER))%(0.7571391294840027)) DESC);
SELECT ALL COUNT(*) FROM t0 WHERE ((((t0.c0 IN ()))<(((((((((t0.c0)OR(t0.c0)))OR(t0.c0)))AND(t0.c0)))OR(t0.c0))))) ORDER BY (((((t0.c0) NOT NULL)))<>((CAST('-0.0' AS INTEGER))))  NULLS FIRST;
SELECT SUM(count) FROM (SELECT (((((t0.c0 IN ()))<(((((((((t0.c0)OR(t0.c0)))OR(t0.c0)))AND(t0.c0)))OR(t0.c0))))) IS TRUE)  as count FROM t0 ORDER BY (((((t0.c0) NOT NULL)))!=((CAST('-0.0' AS INTEGER))))  NULLS FIRST);
SELECT ALL COUNT(*) FROM t0, vt1 WHERE ((((vt1.c0 IN ())) NOT BETWEEN (LOWER(DISTINCT vt1.c0)) AND (x'' COLLATE BINARY)));
SELECT SUM(count) FROM (SELECT ALL (((((vt1.c0 IN ())) NOT BETWEEN (LOWER(DISTINCT vt1.c0)) AND (x'' COLLATE BINARY))) IS TRUE)  as count FROM t0, vt1);
SELECT ALL COUNT(*) FROM vt1 RIGHT OUTER JOIN t0 ON ((CAST(vt1.c0 AS INTEGER))-((((x''))!=(('1480605456'))))) WHERE ((+ ((((vt1.c0))<>((t0.c0))))));
SELECT SUM(count) FROM (SELECT (((+ ((((vt1.c0))!=((t0.c0)))))) IS TRUE)  as count FROM vt1 RIGHT OUTER JOIN t0 ON ((CAST(vt1.c0 AS INTEGER))-((((x''))<>(('1480605456'))))));
SELECT * FROM t0, vt1 WHERE ((((vt1.c0)<<(vt1.c0)) IN (PRINTF(t0.c0, vt1.c0, t0.c0))));
SELECT SUM(count) FROM (SELECT ALL (((((vt1.c0)<<(vt1.c0)) IN (PRINTF(t0.c0, vt1.c0, t0.c0)))) IS TRUE)  as count FROM t0, vt1);
SELECT * FROM t0, vt1 WHERE (NULL);
SELECT SUM(count) FROM (SELECT ((NULL) IS TRUE)  as count FROM t0, vt1);
SELECT * FROM t0 WHERE ('7)');
SELECT SUM(count) FROM (SELECT (('7)') IS TRUE)  as count FROM t0);
SELECT COUNT(*) FROM vt1 CROSS JOIN t0 ON ((((vt1.c0) ISNULL))IS NOT(((t0.c0) BETWEEN (vt1.c0) AND (0.6773482842666353)))) WHERE (-9.87840497E8);
SELECT SUM(count) FROM (SELECT ((-9.87840497E8) IS TRUE)  as count FROM vt1 CROSS JOIN t0 ON ((((vt1.c0) ISNULL))IS NOT(((t0.c0) BETWEEN (vt1.c0) AND (0.6773482842666353)))));
SELECT ALL COUNT(*) FROM vt1 WHERE (CAST(vt1.c0 AS INTEGER) COLLATE NOCASE) ORDER BY ((+ (vt1.c0)) IN (((((vt1.c0)OR(vt1.c0)))OR(vt1.c0)), (~ (vt1.c0))))  NULLS LAST;
SELECT SUM(count) FROM (SELECT ALL ((CAST(vt1.c0 AS INTEGER) COLLATE NOCASE) IS TRUE)  as count FROM vt1 ORDER BY ((+ (vt1.c0)) IN (((((vt1.c0)OR(vt1.c0)))OR(vt1.c0)), (~ (vt1.c0))))  NULLS LAST);
SELECT ALL COUNT(*) FROM vt1 INDEXED BY i93, t0 WHERE (((((vt1.c0)) BETWEEN ((vt1.c0)) AND ((vt1.c0))) IN ((NOT (t0.c0))))) ORDER BY ((((vt1.c0) ISNULL)) NOT BETWEEN ((NOT (t0.c0))) AND (((x'') IS FALSE))), (((((t0.c0))==((t0.c0)))) ISNULL), ((NULL) NOT NULL);
SELECT SUM(count) FROM (SELECT ((((((vt1.c0)) BETWEEN ((vt1.c0)) AND ((vt1.c0))) IN ((NOT (t0.c0))))) IS TRUE)  as count FROM vt1 INDEXED BY i93, t0 ORDER BY ((((vt1.c0) ISNULL)) NOT BETWEEN ((NOT (t0.c0))) AND (((x'') IS FALSE))), (((((t0.c0))=((t0.c0)))) ISNULL), ((NULL) NOT NULL));
SELECT COUNT(*) FROM vt1 LEFT OUTER JOIN t0 ON (+ (vt1.c0 COLLATE RTRIM)) WHERE (((- (t0.c0)) IN (COALESCE(DISTINCT vt1.c0, vt1.c0, vt1.c0, vt1.c0)))) ORDER BY CAST(((vt1.c0) BETWEEN (t0.c0) AND (vt1.c0)) AS TEXT) DESC;
SELECT SUM(count) FROM (SELECT ((((- (t0.c0)) IN (COALESCE(DISTINCT vt1.c0, vt1.c0, vt1.c0, vt1.c0)))) IS TRUE)  as count FROM vt1 LEFT OUTER JOIN t0 ON (+ (vt1.c0 COLLATE RTRIM)) ORDER BY CAST(((vt1.c0) BETWEEN (t0.c0) AND (vt1.c0)) AS TEXT) DESC);
SELECT ALL * FROM t0 WHERE ((t0.c0 IN ()) COLLATE BINARY);
SELECT SUM(count) FROM (SELECT ALL (((t0.c0 IN ()) COLLATE BINARY) IS TRUE)  as count FROM t0);
SELECT * FROM t0, vt1 WHERE ((((((vt1.c0))>(('-1500847444'))))>>(((t0.c0) IS TRUE)))) ORDER BY (((((vt1.c0)) NOT BETWEEN ((t0.c0)) AND ((t0.c0))))|(CAST(vt1.c0 AS INTEGER)))  NULLS FIRST, t0.c0 ASC;
SELECT SUM(count) FROM (SELECT (((((((vt1.c0))>(('-1500847444'))))>>(((t0.c0) IS TRUE)))) IS TRUE)  as count FROM t0, vt1 ORDER BY (((((vt1.c0)) NOT BETWEEN ((t0.c0)) AND ((t0.c0))))|(CAST(vt1.c0 AS INTEGER)))  NULLS FIRST, t0.c0 ASC);
SELECT * FROM t0 WHERE ((+ (((t0.c0) NOT BETWEEN (t0.c0) AND (t0.c0)))));
SELECT SUM(count) FROM (SELECT (((+ (((t0.c0) NOT BETWEEN (t0.c0) AND (t0.c0))))) IS TRUE)  as count FROM t0);
SELECT COUNT(*) FROM t0 WHERE ((((-4.28519827E8))>((CASE t0.c0  WHEN t0.c0 THEN t0.c0 WHEN t0.c0 THEN t0.c0 WHEN t0.c0 THEN t0.c0 ELSE t0.c0 END))));
SELECT SUM(count) FROM (SELECT ALL (((((-4.28519827E8))>((CASE t0.c0  WHEN t0.c0 THEN t0.c0 WHEN t0.c0 THEN t0.c0 WHEN t0.c0 THEN t0.c0 ELSE t0.c0 END)))) IS TRUE)  as count FROM t0);
SELECT * FROM t0 WHERE (((t0.c0 COLLATE NOCASE) NOT NULL));
SELECT SUM(count) FROM (SELECT ALL ((((t0.c0 COLLATE NOCASE) NOT NULL)) IS TRUE)  as count FROM t0);
SELECT COUNT(*) FROM t0 WHERE ((((t0.c0) IS TRUE) IN ()));
SELECT SUM(count) FROM (SELECT (((((t0.c0) IS TRUE) IN ())) IS TRUE)  as count FROM t0);
SELECT COUNT(*) FROM vt1, t0 WHERE ((((((((vt1.c0)OR(t0.c0)))AND(vt1.c0))))<=((((((((((t0.c0)AND(t0.c0)))OR(vt1.c0)))AND(vt1.c0)))OR(vt1.c0))))));
SELECT SUM(count) FROM (SELECT (((((((((vt1.c0)OR(t0.c0)))AND(vt1.c0))))<=((((((((((t0.c0)AND(t0.c0)))OR(vt1.c0)))AND(vt1.c0)))OR(vt1.c0)))))) IS TRUE)  as count FROM vt1, t0);
SELECT ALL * FROM t0, vt1 WHERE ((((-1.659020852E9, (vt1.c0 IN ('-1222614385', 0.2268834324336566)), (((vt1.c0)) BETWEEN ((NULL)) AND ((vt1.c0)))))>(('RW', (((t0.c0))<((t0.c0))), (t0.c0 IN (-2.6239469E7)))))) ORDER BY ((((t0.c0)AND(((vt1.c0) IS TRUE))))OR(t0.c0)) ASC  NULLS FIRST;
SELECT SUM(count) FROM (SELECT ALL (((((-1.659020852E9, (vt1.c0 IN ('-1222614385', 0.2268834324336566)), (((vt1.c0)) BETWEEN ((NULL)) AND ((vt1.c0)))))>(('RW', (((t0.c0))<((t0.c0))), (t0.c0 IN (-2.6239469E7)))))) IS TRUE)  as count FROM t0, vt1 ORDER BY ((((t0.c0)AND(((vt1.c0) IS TRUE))))OR(t0.c0)) ASC  NULLS FIRST);
SELECT ALL COUNT(*) FROM vt1, t0 WHERE (((((vt1.c0) NOT BETWEEN (t0.c0) AND (t0.c0)))%((t0.c0 IN ()))));
SELECT SUM(count) FROM (SELECT ((((((vt1.c0) NOT BETWEEN (t0.c0) AND (t0.c0)))%((t0.c0 IN ())))) IS TRUE)  as count FROM vt1, t0);
SELECT ALL COUNT(*) FROM t0 FULL OUTER JOIN vt1 ON ((((((((((((vt1.c0)AND(t0.c0)))AND(vt1.c0)))OR(t0.c0)))AND(t0.c0)))OR(vt1.c0)))OR(((t0.c0) IS FALSE))) WHERE (LOWER((((t0.c0))!=((t0.c0)))));
SELECT SUM(count) FROM (SELECT ((LOWER((((t0.c0))!=((t0.c0))))) IS TRUE)  as count FROM t0 FULL OUTER JOIN vt1 ON ((((((((((((vt1.c0)AND(t0.c0)))AND(vt1.c0)))OR(t0.c0)))AND(t0.c0)))OR(vt1.c0)))OR(((t0.c0) IS FALSE))));
SELECT * FROM t0 WHERE ((NOT (t0.c0 COLLATE BINARY)));
SELECT SUM(count) FROM (SELECT ALL (((NOT (t0.c0 COLLATE BINARY))) IS TRUE)  as count FROM t0);
SELECT ALL * FROM vt1, t0 WHERE (((((((vt1.c0) NOT BETWEEN (t0.c0) AND (t0.c0)))AND(vt1.c0)))AND(t0.c0 COLLATE RTRIM)));
SELECT SUM(count) FROM (SELECT ((((((((vt1.c0) NOT BETWEEN (t0.c0) AND (t0.c0)))AND(vt1.c0)))AND(t0.c0 COLLATE RTRIM))) IS TRUE)  as count FROM vt1, t0);
SELECT * FROM vt1 WHERE (CASE WHEN ((vt1.c0)GLOB(vt1.c0)) THEN vt1.c0 END);
SELECT SUM(count) FROM (SELECT ((CASE WHEN ((vt1.c0)GLOB(vt1.c0)) THEN vt1.c0 END) IS TRUE)  as count FROM vt1);
SELECT COUNT(*) FROM t0 WHERE ((((t0.c0 IN (t0.c0)))%(((t0.c0) ISNULL))));
SELECT SUM(count) FROM (SELECT (((((t0.c0 IN (t0.c0)))%(((t0.c0) ISNULL)))) IS TRUE)  as count FROM t0);
SELECT * FROM t0, vt1 WHERE (((NULL)>(vt1.c0)));
SELECT SUM(count) FROM (SELECT ((((NULL)>(vt1.c0))) IS TRUE)  as count FROM t0, vt1);
SELECT ALL COUNT(*) FROM t0 CROSS JOIN vt1 ON CAST(HEX(vt1.c0) AS BLOB) WHERE (((((vt1.c0) NOT BETWEEN (t0.c0) AND (vt1.c0))) BETWEEN (((vt1.c0)<=(vt1.c0))) AND (((t0.c0) BETWEEN (t0.c0) AND (t0.c0)))));
SELECT SUM(count) FROM (SELECT ((((((vt1.c0) NOT BETWEEN (t0.c0) AND (vt1.c0))) BETWEEN (((vt1.c0)<=(vt1.c0))) AND (((t0.c0) BETWEEN (t0.c0) AND (t0.c0))))) IS TRUE)  as count FROM t0 CROSS JOIN vt1 ON CAST(HEX(vt1.c0) AS BLOB));
SELECT ALL * FROM vt1 WHERE (0.12098355394102844 COLLATE BINARY) ORDER BY NULL DESC;
SELECT SUM(count) FROM (SELECT ((0.12098355394102844 COLLATE BINARY) IS TRUE)  as count FROM vt1 ORDER BY NULL DESC);
SELECT ALL * FROM t0, vt1 WHERE (((((vt1.c0)<<(vt1.c0)))>(((t0.c0)=(t0.c0)))));
SELECT SUM(count) FROM (SELECT ALL ((((((vt1.c0)<<(vt1.c0)))>(((t0.c0)=(t0.c0))))) IS TRUE)  as count FROM t0, vt1);
SELECT ALL * FROM vt1 WHERE (((((vt1.c0) BETWEEN (vt1.c0) AND ('M')))>(((vt1.c0) BETWEEN (vt1.c0) AND (vt1.c0)))));
SELECT SUM(count) FROM (SELECT ((((((vt1.c0) BETWEEN (vt1.c0) AND ('M')))>(((vt1.c0) BETWEEN (vt1.c0) AND (vt1.c0))))) IS TRUE)  as count FROM vt1);
SELECT * FROM vt1 RIGHT OUTER JOIN t0 ON CASE (((t0.c0)) NOT BETWEEN ((x'')) AND ((t0.c0)))  WHEN (- (t0.c0)) THEN CAST(vt1.c0 AS REAL) END WHERE ((('*xT{') NOT BETWEEN (ABS(t0.c0)) AND (((((NULL)AND(t0.c0)))AND(t0.c0))))) ORDER BY ((vt1.c0) IS FALSE) COLLATE BINARY ASC;
SELECT SUM(count) FROM (SELECT ALL (((('*xT{') NOT BETWEEN (ABS(t0.c0)) AND (((((NULL)AND(t0.c0)))AND(t0.c0))))) IS TRUE)  as count FROM vt1 RIGHT OUTER JOIN t0 ON CASE (((t0.c0)) NOT BETWEEN ((x'')) AND ((t0.c0)))  WHEN (- (t0.c0)) THEN CAST(vt1.c0 AS REAL) END ORDER BY ((vt1.c0) IS FALSE) COLLATE BINARY ASC);
SELECT ALL COUNT(*) FROM vt1 WHERE (((NULL) NOTNULL));
SELECT SUM(count) FROM (SELECT ALL ((((NULL) NOTNULL)) IS TRUE)  as count FROM vt1);
SELECT COUNT(*) FROM vt1 WHERE ((CAST(vt1.c0 AS TEXT) IN (((((vt1.c0)OR(vt1.c0)))OR(vt1.c0)), NULL)));
SELECT SUM(count) FROM (SELECT ALL (((CAST(vt1.c0 AS TEXT) IN (((((vt1.c0)OR(vt1.c0)))OR(vt1.c0)), NULL))) IS TRUE)  as count FROM vt1);
SELECT COUNT(*) FROM t0 WHERE (((((t0.c0)OR(((((((((t0.c0)OR(t0.c0)))AND(t0.c0)))OR(0.17438740100910521)))AND(t0.c0)))))AND(((t0.c0) NOTNULL))));
SELECT SUM(count) FROM (SELECT ((((((t0.c0)OR(((((((((t0.c0)OR(t0.c0)))AND(t0.c0)))OR(0.17438740100910521)))AND(t0.c0)))))AND(((t0.c0) NOTNULL)))) IS TRUE)  as count FROM t0);
SELECT * FROM vt1 CROSS JOIN t0 ON CAST(UPPER(vt1.c0) AS TEXT) WHERE ((~ (CASE WHEN t0.c0 THEN t0.c0 ELSE vt1.c0 END)));
SELECT SUM(count) FROM (SELECT ALL (((~ (CASE WHEN t0.c0 THEN t0.c0 ELSE vt1.c0 END))) IS TRUE)  as count FROM vt1 CROSS JOIN t0 ON CAST(UPPER(vt1.c0) AS TEXT));
SELECT ALL * FROM vt1, t0 WHERE (((2.093876103E9)<(t0.c0))) ORDER BY ((((t0.c0)<=(vt1.c0))) NOT NULL)  NULLS LAST;
SELECT SUM(count) FROM (SELECT ALL ((((2.093876103E9)<(t0.c0))) IS TRUE)  as count FROM vt1, t0 ORDER BY ((((t0.c0)<=(vt1.c0))) NOT NULL)  NULLS LAST);
SELECT * FROM t0 WHERE (((((((t0.c0)>(NULL)))OR(CASE t0.c0  WHEN t0.c0 THEN t0.c0 ELSE t0.c0 END)))OR(((t0.c0) NOT NULL))));
SELECT SUM(count) FROM (SELECT ALL ((((((((t0.c0)>(NULL)))OR(CASE t0.c0  WHEN t0.c0 THEN t0.c0 ELSE t0.c0 END)))OR(((t0.c0) NOT NULL)))) IS TRUE)  as count FROM t0);
SELECT ALL * FROM vt1 FULL OUTER JOIN t0 ON (CAST(vt1.c0 AS REAL) IN (((vt1.c0) IS TRUE), ((vt1.c0) NOTNULL))) WHERE (vt1.c0);
SELECT SUM(count) FROM (SELECT ((vt1.c0) IS TRUE)  as count FROM vt1 FULL OUTER JOIN t0 ON (CAST(vt1.c0 AS REAL) IN (((vt1.c0) IS TRUE), ((vt1.c0) NOTNULL))));
SELECT ALL * FROM t0, vt1 WHERE (((((((vt1.c0)AND(vt1.c0)))AND(vt1.c0)))GLOB(CASE vt1.c0  WHEN vt1.c0 THEN '' END)));
SELECT SUM(count) FROM (SELECT ALL ((((((((vt1.c0)AND(vt1.c0)))AND(vt1.c0)))GLOB(CASE vt1.c0  WHEN vt1.c0 THEN '' END))) IS TRUE)  as count FROM t0, vt1);
SELECT ALL COUNT(*) FROM t0 WHERE (CAST(((t0.c0) NOT BETWEEN (t0.c0) AND (0xffffffffec0b3eb6)) AS NUMERIC)) ORDER BY ((NULL)=(CASE WHEN t0.c0 THEN t0.c0 WHEN t0.c0 THEN t0.c0 WHEN t0.c0 THEN t0.c0 WHEN t0.c0 THEN t0.c0 WHEN t0.c0 THEN '' END)), TYPEOF(DISTINCT (((t0.c0))>=((t0.c0)))) ASC  NULLS LAST;
SELECT SUM(count) FROM (SELECT ((CAST(((t0.c0) NOT BETWEEN (t0.c0) AND (0xffffffffec0b3eb6)) AS NUMERIC)) IS TRUE)  as count FROM t0 ORDER BY ((NULL)=(CASE WHEN t0.c0 THEN t0.c0 WHEN t0.c0 THEN t0.c0 WHEN t0.c0 THEN t0.c0 WHEN t0.c0 THEN t0.c0 WHEN t0.c0 THEN '' END)), TYPEOF(DISTINCT (((t0.c0))>=((t0.c0)))) ASC  NULLS LAST);
SELECT ALL * FROM vt1 WHERE (((CAST(x'' AS REAL)) NOTNULL));
SELECT SUM(count) FROM (SELECT ALL ((((CAST(x'' AS REAL)) NOTNULL)) IS TRUE)  as count FROM vt1);
SELECT ALL * FROM t0 WHERE ((((t0.c0) NOT NULL) IN (t0.c0)));
SELECT SUM(count) FROM (SELECT (((((t0.c0) NOT NULL) IN (t0.c0))) IS TRUE)  as count FROM t0);
SELECT ALL COUNT(*) FROM t0 WHERE ((NOT (t0.c0 COLLATE NOCASE)));
SELECT SUM(count) FROM (SELECT ALL (((NOT (t0.c0 COLLATE NOCASE))) IS TRUE)  as count FROM t0);
SELECT * FROM t0 WHERE (CASE ((t0.c0) NOT BETWEEN (t0.c0) AND (t0.c0))  WHEN '' THEN ((t0.c0)LIKE(t0.c0)) ELSE ((t0.c0) NOTNULL) END) ORDER BY (NOT (t0.c0)) COLLATE NOCASE DESC;
SELECT SUM(count) FROM (SELECT ALL ((CASE ((t0.c0) NOT BETWEEN (t0.c0) AND (t0.c0))  WHEN '' THEN ((t0.c0)LIKE(t0.c0)) ELSE ((t0.c0) NOTNULL) END) IS TRUE)  as count FROM t0 ORDER BY (NOT (t0.c0)) COLLATE NOCASE DESC);
SELECT ALL * FROM vt1, t0 WHERE (((((((vt1.c0)OR(1013188530)))AND(vt1.c0)))==((x'34a9' IN ())))) ORDER BY ((((vt1.c0)<>(t0.c0)))<=(((t0.c0) BETWEEN (vt1.c0) AND (t0.c0))));
SELECT SUM(count) FROM (SELECT ALL ((((((((vt1.c0)OR(1013188530)))AND(vt1.c0)))==((x'34a9' IN ())))) IS TRUE)  as count FROM vt1, t0 ORDER BY ((((vt1.c0)<>(t0.c0)))<=(((t0.c0) BETWEEN (vt1.c0) AND (t0.c0)))));
SELECT COUNT(*) FROM t0 WHERE (((1.035456869E9) NOTNULL) COLLATE RTRIM) ORDER BY ((((((t0.c0) IS TRUE))AND(x'8555')))OR(((t0.c0) IS TRUE)));
SELECT SUM(count) FROM (SELECT ((((1.035456869E9) NOTNULL) COLLATE RTRIM) IS TRUE)  as count FROM t0 ORDER BY ((((((t0.c0) IS TRUE))AND(x'8555')))OR(((t0.c0) IS TRUE))));
SELECT COUNT(*) FROM vt1, t0 WHERE (t0.c0) ORDER BY '^QQI)1';
SELECT SUM(count) FROM (SELECT ALL ((t0.c0) IS TRUE)  as count FROM vt1, t0 ORDER BY '^QQI)1');
SELECT COUNT(*) FROM t0 WHERE ((NOT (LIKELIHOOD(t0.c0, 0.6497679329268155)))) ORDER BY (((((t0.c0 IN (t0.c0)))OR(CASE WHEN t0.c0 THEN t0.c0 END)))OR(CASE t0.c0  WHEN t0.c0 THEN t0.c0 WHEN t0.c0 THEN t0.c0 WHEN x'' THEN NULL ELSE t0.c0 END))  NULLS FIRST, ((t0.c0)<=(((t0.c0)IS(t0.c0))))  NULLS LAST;
SELECT SUM(count) FROM (SELECT (((NOT (LIKELIHOOD(t0.c0, 0.6497679329268155)))) IS TRUE)  as count FROM t0 ORDER BY (((((t0.c0 IN (t0.c0)))OR(CASE WHEN t0.c0 THEN t0.c0 END)))OR(CASE t0.c0  WHEN t0.c0 THEN t0.c0 WHEN t0.c0 THEN t0.c0 WHEN x'' THEN NULL ELSE t0.c0 END))  NULLS FIRST, ((t0.c0)<=(((t0.c0)IS(t0.c0))))  NULLS LAST);
SELECT * FROM vt1 WHERE (CASE WHEN (+ (vt1.c0)) THEN ((vt1.c0)>(1.951075553E9)) END) ORDER BY ((0.69030523051609)AND((+ (vt1.c0))));
SELECT SUM(count) FROM (SELECT ALL ((CASE WHEN (+ (vt1.c0)) THEN ((vt1.c0)>(1.951075553E9)) END) IS TRUE)  as count FROM vt1 ORDER BY ((0.69030523051609)AND((+ (vt1.c0)))));
SELECT ALL * FROM t0 RIGHT OUTER JOIN vt1 ON ((vt1.c0)AND(CASE t0.c0  WHEN vt1.c0 THEN t0.c0 WHEN t0.c0 THEN vt1.c0 WHEN t0.c0 THEN t0.c0 END)) WHERE ((+ (((vt1.c0)|(vt1.c0))))) ORDER BY CAST((((t0.c0)) BETWEEN ((vt1.c0)) AND ((0Xfffffffff587a5f9))) AS TEXT)  NULLS FIRST;
SELECT SUM(count) FROM (SELECT ALL (((+ (((vt1.c0)|(vt1.c0))))) IS TRUE)  as count FROM t0 RIGHT OUTER JOIN vt1 ON ((vt1.c0)AND(CASE t0.c0  WHEN vt1.c0 THEN t0.c0 WHEN t0.c0 THEN vt1.c0 WHEN t0.c0 THEN t0.c0 END)) ORDER BY CAST((((t0.c0)) BETWEEN ((vt1.c0)) AND ((0xfffffffff587a5f9))) AS TEXT)  NULLS FIRST);
SELECT COUNT(*) FROM t0 WHERE (LOWER(CASE t0.c0  WHEN t0.c0 THEN t0.c0 ELSE t0.c0 END));
SELECT SUM(count) FROM (SELECT ((LOWER(CASE t0.c0  WHEN t0.c0 THEN t0.c0 ELSE t0.c0 END)) IS TRUE)  as count FROM t0);
SELECT ALL * FROM t0 WHERE ((((~ (NULL))) IS FALSE));
SELECT SUM(count) FROM (SELECT (((((~ (NULL))) IS FALSE)) IS TRUE)  as count FROM t0);
SELECT ALL COUNT(*) FROM t0 WHERE (((((t0.c0)AND(t0.c0)))AND(t0.c0)) COLLATE RTRIM) ORDER BY (CAST(t0.c0 AS BLOB) IN ());
SELECT SUM(count) FROM (SELECT ((((((t0.c0)AND(t0.c0)))AND(t0.c0)) COLLATE RTRIM) IS TRUE)  as count FROM t0 ORDER BY (CAST(t0.c0 AS BLOB) IN ()));
SELECT ALL COUNT(*) FROM t0, vt1 WHERE (TYPEOF(((vt1.c0)AND(vt1.c0))));
SELECT SUM(count) FROM (SELECT ALL ((TYPEOF(((vt1.c0)AND(vt1.c0)))) IS TRUE)  as count FROM t0, vt1);
SELECT * FROM vt1 WHERE (vt1.c0 COLLATE NOCASE);
SELECT SUM(count) FROM (SELECT ALL ((vt1.c0 COLLATE NOCASE) IS TRUE)  as count FROM vt1);
SELECT * FROM t0, vt1 WHERE (x'');
SELECT SUM(count) FROM (SELECT ALL ((x'') IS TRUE)  as count FROM t0, vt1);
SELECT * FROM vt1 WHERE (CAST(616202455 AS BLOB)) ORDER BY NULL ASC  NULLS FIRST, NULL COLLATE BINARY;
SELECT SUM(count) FROM (SELECT ((CAST(616202455 AS BLOB)) IS TRUE)  as count FROM vt1 ORDER BY NULL ASC  NULLS FIRST, NULL COLLATE BINARY);
SELECT COUNT(*) FROM vt1 WHERE (LIKELY(DISTINCT ((vt1.c0)>>(vt1.c0))));
SELECT SUM(count) FROM (SELECT ALL ((LIKELY(DISTINCT ((vt1.c0)>>(vt1.c0)))) IS TRUE)  as count FROM vt1);
SELECT * FROM t0 WHERE (CAST(((t0.c0) IS FALSE) AS REAL));
SELECT SUM(count) FROM (SELECT ALL ((CAST(((t0.c0) IS FALSE) AS REAL)) IS TRUE)  as count FROM t0);
SELECT * FROM vt1 WHERE (('-1901817911' IN ())) ORDER BY CASE WHEN (vt1.c0 IN ()) THEN ((((vt1.c0)OR(vt1.c0)))AND(vt1.c0)) ELSE ((vt1.c0) NOT BETWEEN (vt1.c0) AND (vt1.c0)) END ASC, (NOT (((((0.18524068790774784)AND(vt1.c0)))AND(vt1.c0))))  NULLS LAST, (NOT (((vt1.c0) BETWEEN (vt1.c0) AND (vt1.c0)))) ASC  NULLS LAST;
SELECT SUM(count) FROM (SELECT ALL ((('-1901817911' IN ())) IS TRUE)  as count FROM vt1 ORDER BY CASE WHEN (vt1.c0 IN ()) THEN ((((vt1.c0)OR(vt1.c0)))AND(vt1.c0)) ELSE ((vt1.c0) NOT BETWEEN (vt1.c0) AND (vt1.c0)) END ASC, (NOT (((((0.18524068790774784)AND(vt1.c0)))AND(vt1.c0))))  NULLS LAST, (NOT (((vt1.c0) BETWEEN (vt1.c0) AND (vt1.c0)))) ASC  NULLS LAST);
SELECT * FROM t0 LEFT OUTER JOIN vt1 ON load_extension(((((t0.c0)OR(t0.c0)))AND(t0.c0)), vt1.c0) WHERE (((CASE t0.c0  WHEN vt1.c0 THEN vt1.c0 WHEN vt1.c0 THEN vt1.c0 WHEN vt1.c0 THEN t0.c0 END)AND(((t0.c0) NOT NULL)))) ORDER BY ((0.4702665937941316) IS TRUE)  NULLS LAST, ((vt1.c0) NOT BETWEEN ((- (t0.c0))) AND (0.45005838216119776));
SELECT SUM(count) FROM (SELECT ALL ((((CASE t0.c0  WHEN vt1.c0 THEN vt1.c0 WHEN vt1.c0 THEN vt1.c0 WHEN vt1.c0 THEN t0.c0 END)AND(((t0.c0) NOT NULL)))) IS TRUE)  as count FROM t0 LEFT OUTER JOIN vt1 ON load_extension(((((t0.c0)OR(t0.c0)))AND(t0.c0)), vt1.c0) ORDER BY ((0.4702665937941316) IS TRUE)  NULLS LAST, ((vt1.c0) NOT BETWEEN ((- (t0.c0))) AND (0.45005838216119776)));
SELECT * FROM t0, vt1 WHERE ((((t0.c0 IN (t0.c0, vt1.c0)))LIKE(vt1.c0)));
SELECT SUM(count) FROM (SELECT (((((t0.c0 IN (t0.c0, vt1.c0)))LIKE(vt1.c0))) IS TRUE)  as count FROM t0, vt1);
SELECT COUNT(*) FROM vt1, t0 WHERE ((((~ (t0.c0))) NOT BETWEEN (CASE vt1.c0  WHEN t0.c0 THEN NULL END) AND (((((vt1.c0)AND(vt1.c0)))AND(vt1.c0)))));
SELECT SUM(count) FROM (SELECT (((((~ (t0.c0))) NOT BETWEEN (CASE vt1.c0  WHEN t0.c0 THEN NULL END) AND (((((vt1.c0)AND(vt1.c0)))AND(vt1.c0))))) IS TRUE)  as count FROM vt1, t0);
SELECT COUNT(*) FROM vt1 WHERE (TYPEOF(DISTINCT (vt1.c0 IN (0.6773482842666353, vt1.c0)))) ORDER BY (((vt1.c0)IS(vt1.c0)) IN ())  NULLS LAST;
SELECT SUM(count) FROM (SELECT ALL ((TYPEOF(DISTINCT (vt1.c0 IN (0.6773482842666353, vt1.c0)))) IS TRUE)  as count FROM vt1 ORDER BY (((vt1.c0)IS(vt1.c0)) IN ())  NULLS LAST);
SELECT COUNT(*) FROM vt1, t0 WHERE ((+ (CASE WHEN vt1.c0 THEN x'838c' WHEN vt1.c0 THEN vt1.c0 WHEN vt1.c0 THEN 7.29960922E8 ELSE vt1.c0 END)));
SELECT SUM(count) FROM (SELECT ALL (((+ (CASE WHEN vt1.c0 THEN x'838c' WHEN vt1.c0 THEN vt1.c0 WHEN vt1.c0 THEN 7.29960922E8 ELSE vt1.c0 END))) IS TRUE)  as count FROM vt1, t0);
SELECT COUNT(*) FROM vt1, t0 WHERE ((((vt1.c0, t0.c0, vt1.c0)) NOT BETWEEN ((0x44d26c3d COLLATE NOCASE, (((t0.c0)) BETWEEN ((vt1.c0)) AND ((t0.c0))), ((vt1.c0) BETWEEN (t0.c0) AND (vt1.c0)))) AND (((t0.c0 IN ()), QUOTE(vt1.c0), t0.c0 COLLATE NOCASE))));
SELECT SUM(count) FROM (SELECT (((((vt1.c0, t0.c0, vt1.c0)) NOT BETWEEN ((0X44d26c3d COLLATE NOCASE, (((t0.c0)) BETWEEN ((vt1.c0)) AND ((t0.c0))), ((vt1.c0) BETWEEN (t0.c0) AND (vt1.c0)))) AND (((t0.c0 IN ()), QUOTE(vt1.c0), t0.c0 COLLATE NOCASE)))) IS TRUE)  as count FROM vt1, t0);
SELECT * FROM t0, vt1 WHERE (((((vt1.c0)IS NOT(t0.c0)))||((((vt1.c0, t0.c0, vt1.c0))<((t0.c0, vt1.c0, vt1.c0)))))) ORDER BY ((CAST(t0.c0 AS INTEGER))IS(((vt1.c0) BETWEEN (t0.c0) AND (t0.c0))))  NULLS FIRST;
SELECT SUM(count) FROM (SELECT ALL ((((((vt1.c0)IS NOT(t0.c0)))||((((vt1.c0, t0.c0, vt1.c0))<((t0.c0, vt1.c0, vt1.c0)))))) IS TRUE)  as count FROM t0, vt1 ORDER BY ((CAST(t0.c0 AS INTEGER))IS(((vt1.c0) BETWEEN (t0.c0) AND (t0.c0))))  NULLS FIRST);
SELECT * FROM vt1 WHERE (vt1.c0) ORDER BY (+ (vt1.c0 COLLATE NOCASE)) DESC  NULLS FIRST, ((((((vt1.c0)*(vt1.c0)))AND(281185131)))OR((((vt1.c0)) BETWEEN ((NULL)) AND ((vt1.c0))))) DESC  NULLS LAST, ((((vt1.c0)>=(vt1.c0))) ISNULL) DESC;
SELECT SUM(count) FROM (SELECT ((vt1.c0) IS TRUE)  as count FROM vt1 ORDER BY (+ (vt1.c0 COLLATE NOCASE)) DESC  NULLS FIRST, ((((((vt1.c0)*(vt1.c0)))AND(281185131)))OR((((vt1.c0)) BETWEEN ((NULL)) AND ((vt1.c0))))) DESC  NULLS LAST, ((((vt1.c0)>=(vt1.c0))) ISNULL) DESC);
SELECT ALL * FROM t0 WHERE (((((t0.c0)=(t0.c0)))-(SQLITE_COMPILEOPTION_GET(NULL)))) ORDER BY t0.c0 DESC, ((IFNULL(t0.c0, t0.c0)) BETWEEN (t0.c0 COLLATE NOCASE) AND ((((t0.c0, '1860771083', t0.c0, t0.c0, t0.c0)) NOT BETWEEN ((t0.c0, t0.c0, '1848946657', t0.c0, t0.c0)) AND ((t0.c0, t0.c0, x'', t0.c0, t0.c0)))))  NULLS LAST;
SELECT SUM(count) FROM (SELECT ALL ((((((t0.c0)==(t0.c0)))-(SQLITE_COMPILEOPTION_GET(NULL)))) IS TRUE)  as count FROM t0 ORDER BY t0.c0 DESC, ((IFNULL(t0.c0, t0.c0)) BETWEEN (t0.c0 COLLATE NOCASE) AND ((((t0.c0, '1860771083', t0.c0, t0.c0, t0.c0)) NOT BETWEEN ((t0.c0, t0.c0, '1848946657', t0.c0, t0.c0)) AND ((t0.c0, t0.c0, x'', t0.c0, t0.c0)))))  NULLS LAST);
SELECT COUNT(*) FROM vt1, t0 WHERE (((GLOB(t0.c0, vt1.c0))/(t0.c0 COLLATE BINARY)));
SELECT SUM(count) FROM (SELECT ALL ((((GLOB(t0.c0, vt1.c0))/(t0.c0 COLLATE BINARY))) IS TRUE)  as count FROM vt1, t0);
SELECT ALL * FROM t0 WHERE (json_array_length(((t0.c0)%(t0.c0)), (t0.c0 IN ())));
SELECT SUM(count) FROM (SELECT ((json_array_length(((t0.c0)%(t0.c0)), (t0.c0 IN ()))) IS TRUE)  as count FROM t0);
SELECT ALL * FROM vt1, t0 WHERE (CASE WHEN ((((vt1.c0)AND(t0.c0)))OR(vt1.c0)) THEN ((vt1.c0) NOT BETWEEN (vt1.c0) AND (t0.c0)) ELSE ((vt1.c0) BETWEEN (t0.c0) AND (vt1.c0)) END) ORDER BY LENGTH(t0.c0 COLLATE NOCASE);
SELECT SUM(count) FROM (SELECT ALL ((CASE WHEN ((((vt1.c0)AND(t0.c0)))OR(vt1.c0)) THEN ((vt1.c0) NOT BETWEEN (vt1.c0) AND (t0.c0)) ELSE ((vt1.c0) BETWEEN (t0.c0) AND (vt1.c0)) END) IS TRUE)  as count FROM vt1, t0 ORDER BY LENGTH(t0.c0 COLLATE NOCASE));
SELECT * FROM t0 WHERE (CASE WHEN ((NULL) NOT BETWEEN (t0.c0) AND (t0.c0)) THEN (('') BETWEEN (t0.c0) AND (t0.c0)) WHEN t0.c0 THEN t0.c0 WHEN ((t0.c0)<(t0.c0)) THEN ((t0.c0) IS TRUE) END);
SELECT SUM(count) FROM (SELECT ((CASE WHEN ((NULL) NOT BETWEEN (t0.c0) AND (t0.c0)) THEN (('') BETWEEN (t0.c0) AND (t0.c0)) WHEN t0.c0 THEN t0.c0 WHEN ((t0.c0)<(t0.c0)) THEN ((t0.c0) IS TRUE) END) IS TRUE)  as count FROM t0);
SELECT ALL COUNT(*) FROM t0 WHERE (CASE WHEN ((((t0.c0)AND(t0.c0)))AND(t0.c0)) THEN ((t0.c0)IS(t0.c0)) ELSE (0x13cd99a8 IN ()) END) ORDER BY t0.c0;
SELECT SUM(count) FROM (SELECT ALL ((CASE WHEN ((((t0.c0)AND(t0.c0)))AND(t0.c0)) THEN ((t0.c0)IS(t0.c0)) ELSE (0X13cd99a8 IN ()) END) IS TRUE)  as count FROM t0 ORDER BY t0.c0);
SELECT * FROM vt1 WHERE ((((vt1.c0 IN ()))<<(((vt1.c0) NOTNULL))));
SELECT SUM(count) FROM (SELECT (((((vt1.c0 IN ()))<<(((vt1.c0) NOTNULL)))) IS TRUE)  as count FROM vt1);
SELECT * FROM vt1 WHERE ((~ (CAST(vt1.c0 AS REAL)))) ORDER BY CAST(((vt1.c0) NOT BETWEEN (vt1.c0) AND (vt1.c0)) AS BLOB)  NULLS FIRST, COALESCE((- (vt1.c0)), ((((((((vt1.c0)OR(vt1.c0)))OR(vt1.c0)))OR(vt1.c0)))AND(vt1.c0)), UNLIKELY(vt1.c0), CASE WHEN 0.8687098986850584 THEN vt1.c0 END) DESC, (((vt1.c0 IN ()))>=(((vt1.c0)*(vt1.c0))))  NULLS FIRST;
SELECT SUM(count) FROM (SELECT ALL (((~ (CAST(vt1.c0 AS REAL)))) IS TRUE)  as count FROM vt1 ORDER BY CAST(((vt1.c0) NOT BETWEEN (vt1.c0) AND (vt1.c0)) AS BLOB)  NULLS FIRST, COALESCE((- (vt1.c0)), ((((((((vt1.c0)OR(vt1.c0)))OR(vt1.c0)))OR(vt1.c0)))AND(vt1.c0)), UNLIKELY(vt1.c0), CASE WHEN 0.8687098986850584 THEN vt1.c0 END) DESC, (((vt1.c0 IN ()))>=(((vt1.c0)*(vt1.c0))))  NULLS FIRST);
SELECT ALL COUNT(*) FROM vt1 WHERE (((((vt1.c0)IS NOT(vt1.c0)))GLOB(CAST(vt1.c0 AS BLOB)))) ORDER BY (((vt1.c0) IS FALSE) IN ());
SELECT SUM(count) FROM (SELECT ALL ((((((vt1.c0)IS NOT(vt1.c0)))GLOB(CAST(vt1.c0 AS BLOB)))) IS TRUE)  as count FROM vt1 ORDER BY (((vt1.c0) IS FALSE) IN ()));
SELECT COUNT(*) FROM vt1, t0 WHERE (((((((vt1.c0)AND(vt1.c0)))OR(0.9592647390544489)))||((~ (vt1.c0)))));
SELECT SUM(count) FROM (SELECT ALL ((((((((vt1.c0)AND(vt1.c0)))OR(0.9592647390544489)))||((~ (vt1.c0))))) IS TRUE)  as count FROM vt1, t0);
SELECT ALL COUNT(*) FROM t0, vt1 WHERE (((((((((((((((((((t0.c0)AND(t0.c0)))AND(t0.c0)))AND('-932637613')))OR(vt1.c0)))AND(t0.c0)))AND(vt1.c0)))OR(vt1.c0)))AND(t0.c0))) BETWEEN (TRIM(vt1.c0)) AND ((~ (t0.c0))))) ORDER BY ((vt1.c0)=(t0.c0)) COLLATE BINARY  NULLS LAST;
SELECT SUM(count) FROM (SELECT ALL ((((((((((((((((((((t0.c0)AND(t0.c0)))AND(t0.c0)))AND('-932637613')))OR(vt1.c0)))AND(t0.c0)))AND(vt1.c0)))OR(vt1.c0)))AND(t0.c0))) BETWEEN (TRIM(vt1.c0)) AND ((~ (t0.c0))))) IS TRUE)  as count FROM t0, vt1 ORDER BY ((vt1.c0)=(t0.c0)) COLLATE BINARY  NULLS LAST);
SELECT COUNT(*) FROM t0 WHERE ((((t0.c0 IN ()))%(CAST(t0.c0 AS BLOB))));
SELECT SUM(count) FROM (SELECT ALL (((((t0.c0 IN ()))%(CAST(t0.c0 AS BLOB)))) IS TRUE)  as count FROM t0);
SELECT ALL COUNT(*) FROM vt1 WHERE (((CASE WHEN vt1.c0 THEN vt1.c0 ELSE vt1.c0 END)||(COALESCE(vt1.c0, 'u?J'))));
SELECT SUM(count) FROM (SELECT ALL ((((CASE WHEN vt1.c0 THEN vt1.c0 ELSE vt1.c0 END)||(COALESCE(vt1.c0, 'u?J')))) IS TRUE)  as count FROM vt1);
SELECT COUNT(*) FROM t0, vt1 WHERE (CASE t0.c0  WHEN t0.c0 THEN t0.c0 ELSE vt1.c0 END COLLATE BINARY) ORDER BY CASE (((vt1.c0))>((t0.c0)))  WHEN (NOT (t0.c0)) THEN ((t0.c0) BETWEEN (vt1.c0) AND (t0.c0)) END;
SELECT SUM(count) FROM (SELECT ALL ((CASE t0.c0  WHEN t0.c0 THEN t0.c0 ELSE vt1.c0 END COLLATE BINARY) IS TRUE)  as count FROM t0, vt1 ORDER BY CASE (((vt1.c0))>((t0.c0)))  WHEN (NOT (t0.c0)) THEN ((t0.c0) BETWEEN (vt1.c0) AND (t0.c0)) END);
SELECT ALL * FROM vt1, t0 WHERE (CASE ((t0.c0) IS TRUE)  WHEN vt1.c0 THEN vt1.c0 COLLATE RTRIM END) ORDER BY '0.890891678105703' COLLATE RTRIM ASC, (NOT (CAST(t0.c0 AS INTEGER)))  NULLS FIRST;
SELECT SUM(count) FROM (SELECT ALL ((CASE ((t0.c0) IS TRUE)  WHEN vt1.c0 THEN vt1.c0 COLLATE RTRIM END) IS TRUE)  as count FROM vt1, t0 ORDER BY '0.890891678105703' COLLATE RTRIM ASC, (NOT (CAST(t0.c0 AS INTEGER)))  NULLS FIRST);
SELECT COUNT(*) FROM vt1, t0 WHERE ((((vt1.c0) BETWEEN (vt1.c0) AND (t0.c0)) IN ()));
SELECT SUM(count) FROM (SELECT ALL (((((vt1.c0) BETWEEN (vt1.c0) AND (t0.c0)) IN ())) IS TRUE)  as count FROM vt1, t0);
SELECT * FROM t0, vt1 WHERE (((((((((((vt1.c0)*(NULL)))OR(((0.18447539768981946) BETWEEN (t0.c0) AND (vt1.c0)))))AND(((t0.c0) BETWEEN (t0.c0) AND (t0.c0)))))OR(UNLIKELY(t0.c0))))OR(ABS(t0.c0))));
SELECT SUM(count) FROM (SELECT ALL ((((((((((((vt1.c0)*(NULL)))OR(((0.18447539768981946) BETWEEN (t0.c0) AND (vt1.c0)))))AND(((t0.c0) BETWEEN (t0.c0) AND (t0.c0)))))OR(UNLIKELY(t0.c0))))OR(ABS(t0.c0)))) IS TRUE)  as count FROM t0, vt1);
SELECT ALL COUNT(*) FROM vt1, t0 WHERE ((((vt1.c0)) BETWEEN ((-1.478941741E9)) AND (((((t0.c0))<>((t0.c0)))))));
SELECT SUM(count) FROM (SELECT (((((vt1.c0)) BETWEEN ((-1.478941741E9)) AND (((((t0.c0))!=((t0.c0))))))) IS TRUE)  as count FROM vt1, t0);
SELECT ALL * FROM vt1 WHERE ((((vt1.c0))=((vt1.c0))) COLLATE BINARY COLLATE RTRIM) ORDER BY ((x'')OR(vt1.c0)) COLLATE RTRIM DESC  NULLS LAST, TRIM(DISTINCT LOWER(DISTINCT vt1.c0)) ASC  NULLS FIRST, CASE (((vt1.c0)) BETWEEN ((vt1.c0)) AND ((vt1.c0)))  WHEN CASE WHEN 0Xffffffff845d4a14 THEN vt1.c0 END THEN ((vt1.c0) NOT BETWEEN (vt1.c0) AND (NULL)) WHEN vt1.c0 COLLATE RTRIM THEN ((vt1.c0)IS(vt1.c0)) WHEN ((vt1.c0) BETWEEN (vt1.c0) AND (vt1.c0)) THEN CAST(vt1.c0 AS NUMERIC) END ASC;
SELECT SUM(count) FROM (SELECT ALL (((((vt1.c0))==((vt1.c0))) COLLATE BINARY COLLATE RTRIM) IS TRUE)  as count FROM vt1 ORDER BY ((x'')OR(vt1.c0)) COLLATE RTRIM DESC  NULLS LAST, TRIM(DISTINCT LOWER(DISTINCT vt1.c0)) ASC  NULLS FIRST, CASE (((vt1.c0)) BETWEEN ((vt1.c0)) AND ((vt1.c0)))  WHEN CASE WHEN 0Xffffffff845d4a14 THEN vt1.c0 END THEN ((vt1.c0) NOT BETWEEN (vt1.c0) AND (NULL)) WHEN vt1.c0 COLLATE RTRIM THEN ((vt1.c0)IS(vt1.c0)) WHEN ((vt1.c0) BETWEEN (vt1.c0) AND (vt1.c0)) THEN CAST(vt1.c0 AS NUMERIC) END ASC);
SELECT COUNT(*) FROM t0 WHERE (NULLIF(((t0.c0) NOT NULL), ((t0.c0)<=('-1702552021')))) ORDER BY IFNULL(DISTINCT t0.c0, CASE t0.c0  WHEN t0.c0 THEN t0.c0 ELSE 0.38656647855038306 END) ASC;
SELECT SUM(count) FROM (SELECT ((NULLIF(((t0.c0) NOT NULL), ((t0.c0)<=('-1702552021')))) IS TRUE)  as count FROM t0 ORDER BY IFNULL(DISTINCT t0.c0, CASE t0.c0  WHEN t0.c0 THEN t0.c0 ELSE 0.38656647855038306 END) ASC);
SELECT COUNT(*) FROM vt1 WHERE (UNLIKELY(((vt1.c0) NOTNULL)));
SELECT SUM(count) FROM (SELECT ((UNLIKELY(((vt1.c0) NOTNULL))) IS TRUE)  as count FROM vt1);
SELECT ALL COUNT(*) FROM t0 NATURAL JOIN vt1 WHERE ((((((((((vt1.c0 IN (vt1.c0, vt1.c0)))OR(CAST(vt1.c0 AS NUMERIC))))OR(((vt1.c0)IS NOT(x'')))))OR(((vt1.c0) IS TRUE))))OR(((vt1.c0)>(t0.c0))))) ORDER BY NULL DESC, (((t0.c0))<((vt1.c0))) COLLATE RTRIM, vt1.c0 DESC  NULLS FIRST;
SELECT SUM(count) FROM (SELECT (((((((((((vt1.c0 IN (vt1.c0, vt1.c0)))OR(CAST(vt1.c0 AS NUMERIC))))OR(((vt1.c0)IS NOT(x'')))))OR(((vt1.c0) IS TRUE))))OR(((vt1.c0)>(t0.c0))))) IS TRUE)  as count FROM t0 NATURAL JOIN vt1 ORDER BY NULL DESC, (((t0.c0))<((vt1.c0))) COLLATE RTRIM, vt1.c0 DESC  NULLS FIRST);
SELECT ALL * FROM vt1, t0 WHERE (LENGTH(vt1.c0 COLLATE BINARY)) ORDER BY CASE CASE WHEN vt1.c0 THEN t0.c0 END  WHEN CASE t0.c0  WHEN vt1.c0 THEN t0.c0 WHEN t0.c0 THEN vt1.c0 WHEN '㡨K3TrNj*' THEN t0.c0 ELSE vt1.c0 END THEN CASE WHEN '1300650420' THEN t0.c0 END END ASC;
SELECT SUM(count) FROM (SELECT ALL ((LENGTH(vt1.c0 COLLATE BINARY)) IS TRUE)  as count FROM vt1, t0 ORDER BY CASE CASE WHEN vt1.c0 THEN t0.c0 END  WHEN CASE t0.c0  WHEN vt1.c0 THEN t0.c0 WHEN t0.c0 THEN vt1.c0 WHEN '㡨K3TrNj*' THEN t0.c0 ELSE vt1.c0 END THEN CASE WHEN '1300650420' THEN t0.c0 END END ASC);
SELECT COUNT(*) FROM vt1 NATURAL JOIN t0 WHERE (CAST(((vt1.c0)||(vt1.c0)) AS NUMERIC));
SELECT SUM(count) FROM (SELECT ALL ((CAST(((vt1.c0)||(vt1.c0)) AS NUMERIC)) IS TRUE)  as count FROM vt1 NATURAL JOIN t0);
SELECT COUNT(*) FROM vt1, t0 WHERE (vt1.c0);
SELECT SUM(count) FROM (SELECT ((vt1.c0) IS TRUE)  as count FROM vt1, t0);
SELECT ALL * FROM vt1, t0 WHERE (((CASE NULL  WHEN t0.c0 THEN vt1.c0 WHEN t0.c0 THEN t0.c0 WHEN t0.c0 THEN t0.c0 WHEN vt1.c0 THEN t0.c0 WHEN t0.c0 THEN t0.c0 ELSE vt1.c0 END)LIKE((+ (t0.c0))))) ORDER BY ((((x'd323b922') BETWEEN (t0.c0) AND (vt1.c0))) NOTNULL) DESC;
SELECT SUM(count) FROM (SELECT ALL ((((CASE NULL  WHEN t0.c0 THEN vt1.c0 WHEN t0.c0 THEN t0.c0 WHEN t0.c0 THEN t0.c0 WHEN vt1.c0 THEN t0.c0 WHEN t0.c0 THEN t0.c0 ELSE vt1.c0 END)LIKE((+ (t0.c0))))) IS TRUE)  as count FROM vt1, t0 ORDER BY ((((x'd323b922') BETWEEN (t0.c0) AND (vt1.c0))) NOTNULL) DESC);
SELECT ALL * FROM t0 RIGHT OUTER JOIN vt1 ON (((t0.c0)%(t0.c0)) IN ()) WHERE ((((((t0.c0)&(t0.c0)), '-440581268', vt1.c0 COLLATE BINARY))=((CAST(vt1.c0 AS TEXT), (~ (vt1.c0)), ((((t0.c0)AND(vt1.c0)))AND('3'))))));
SELECT SUM(count) FROM (SELECT ALL (((((((t0.c0)&(t0.c0)), '-440581268', vt1.c0 COLLATE BINARY))=((CAST(vt1.c0 AS TEXT), (~ (vt1.c0)), ((((t0.c0)AND(vt1.c0)))AND('3')))))) IS TRUE)  as count FROM t0 RIGHT OUTER JOIN vt1 ON (((t0.c0)%(t0.c0)) IN ()));
SELECT ALL * FROM vt1, t0 WHERE (CAST(CASE vt1.c0  WHEN t0.c0 THEN x'' ELSE t0.c0 END AS REAL)) ORDER BY (CAST(vt1.c0 AS NUMERIC) IN ()) ASC  NULLS LAST;
SELECT SUM(count) FROM (SELECT ((CAST(CASE vt1.c0  WHEN t0.c0 THEN x'' ELSE t0.c0 END AS REAL)) IS TRUE)  as count FROM vt1, t0 ORDER BY (CAST(vt1.c0 AS NUMERIC) IN ()) ASC  NULLS LAST);
SELECT ALL * FROM t0 WHERE (CHAR(((((((((t0.c0)OR(NULL)))AND(t0.c0)))OR(t0.c0)))OR(x''))));
SELECT SUM(count) FROM (SELECT ((CHAR(((((((((t0.c0)OR(NULL)))AND(t0.c0)))OR(t0.c0)))OR(x'')))) IS TRUE)  as count FROM t0);
SELECT ALL * FROM vt1 WHERE ((((- (vt1.c0))) ISNULL));
SELECT SUM(count) FROM (SELECT ALL (((((- (vt1.c0))) ISNULL)) IS TRUE)  as count FROM vt1);
SELECT * FROM t0 WHERE (((((x'44b2')||('gHB')))%((((t0.c0))<=((t0.c0))))));
SELECT SUM(count) FROM (SELECT ALL ((((((x'44b2')||('gHB')))%((((t0.c0))<=((t0.c0)))))) IS TRUE)  as count FROM t0);
SELECT COUNT(*) FROM t0 WHERE (x'e6cc');
SELECT SUM(count) FROM (SELECT ((x'e6cc') IS TRUE)  as count FROM t0);
SELECT ALL COUNT(*) FROM vt1, t0 WHERE ((((t0.c0) BETWEEN ('391479529') AND (t0.c0)) IN ())) ORDER BY ((t0.c0 COLLATE BINARY) NOTNULL);
SELECT SUM(count) FROM (SELECT ALL (((((t0.c0) BETWEEN ('391479529') AND (t0.c0)) IN ())) IS TRUE)  as count FROM vt1, t0 ORDER BY ((t0.c0 COLLATE BINARY) NOTNULL));
SELECT ALL COUNT(*) FROM t0, vt1 WHERE (t0.c0) ORDER BY (- (t0.c0 COLLATE RTRIM));
SELECT SUM(count) FROM (SELECT ((t0.c0) IS TRUE)  as count FROM t0, vt1 ORDER BY (- (t0.c0 COLLATE RTRIM)));
SELECT ALL * FROM vt1 WHERE (CASE CAST(vt1.c0 AS TEXT)  WHEN ((((vt1.c0)OR(0.033623416328567246)))AND(vt1.c0)) THEN vt1.c0 COLLATE RTRIM ELSE vt1.c0 END);
SELECT SUM(count) FROM (SELECT ((CASE CAST(vt1.c0 AS TEXT)  WHEN ((((vt1.c0)OR(0.033623416328567246)))AND(vt1.c0)) THEN vt1.c0 COLLATE RTRIM ELSE vt1.c0 END) IS TRUE)  as count FROM vt1);
SELECT ALL * FROM t0, vt1 WHERE (t0.c0) ORDER BY CAST(t0.c0 AS TEXT) COLLATE RTRIM;
SELECT SUM(count) FROM (SELECT ALL ((t0.c0) IS TRUE)  as count FROM t0, vt1 ORDER BY CAST(t0.c0 AS TEXT) COLLATE RTRIM);
SELECT ALL COUNT(*) FROM t0 WHERE ((((t0.c0, t0.c0, t0.c0)) BETWEEN ((((NULL)GLOB(t0.c0)), (+ (t0.c0)), ABS(t0.c0))) AND ((CASE WHEN t0.c0 THEN t0.c0 WHEN t0.c0 THEN t0.c0 WHEN t0.c0 THEN t0.c0 ELSE t0.c0 END, (t0.c0 IN (t0.c0)), t0.c0)))) ORDER BY ((((t0.c0) BETWEEN (8.12434289E8) AND (t0.c0)))OR(t0.c0 COLLATE NOCASE)) DESC  NULLS LAST, CAST(t0.c0 AS NUMERIC)  NULLS LAST, ((((((((CASE t0.c0  WHEN t0.c0 THEN t0.c0 WHEN t0.c0 THEN t0.c0 WHEN 'M' THEN t0.c0 END)AND(((((t0.c0)OR(t0.c0)))AND(NULL)))))AND(((t0.c0)!=(0Xffffffff9c116b63)))))OR(((t0.c0) NOT BETWEEN (t0.c0) AND (t0.c0)))))AND(CAST(t0.c0 AS BLOB))) DESC  NULLS FIRST;
SELECT SUM(count) FROM (SELECT (((((t0.c0, t0.c0, t0.c0)) BETWEEN ((((NULL)GLOB(t0.c0)), (+ (t0.c0)), ABS(t0.c0))) AND ((CASE WHEN t0.c0 THEN t0.c0 WHEN t0.c0 THEN t0.c0 WHEN t0.c0 THEN t0.c0 ELSE t0.c0 END, (t0.c0 IN (t0.c0)), t0.c0)))) IS TRUE)  as count FROM t0 ORDER BY ((((t0.c0) BETWEEN (8.12434289E8) AND (t0.c0)))OR(t0.c0 COLLATE NOCASE)) DESC  NULLS LAST, CAST(t0.c0 AS NUMERIC)  NULLS LAST, ((((((((CASE t0.c0  WHEN t0.c0 THEN t0.c0 WHEN t0.c0 THEN t0.c0 WHEN 'M' THEN t0.c0 END)AND(((((t0.c0)OR(t0.c0)))AND(NULL)))))AND(((t0.c0)<>(0Xffffffff9c116b63)))))OR(((t0.c0) NOT BETWEEN (t0.c0) AND (t0.c0)))))AND(CAST(t0.c0 AS BLOB))) DESC  NULLS FIRST);
SELECT ALL COUNT(*) FROM t0 WHERE (LAST_INSERT_ROWID()) ORDER BY ((TYPEOF(DISTINCT 'I&4{'))<(((t0.c0)<(t0.c0)))) DESC  NULLS LAST;
SELECT SUM(count) FROM (SELECT ((LAST_INSERT_ROWID()) IS TRUE)  as count FROM t0 ORDER BY ((TYPEOF(DISTINCT 'I&4{'))<(((t0.c0)<(t0.c0)))) DESC  NULLS LAST);
SELECT COUNT(*) FROM vt1 WHERE ((((vt1.c0, NULL, vt1.c0)) BETWEEN ((ABS(vt1.c0), vt1.c0, ((vt1.c0) NOT NULL))) AND (((+ (vt1.c0)), vt1.c0 COLLATE NOCASE, vt1.c0)))) ORDER BY ((((vt1.c0)/(vt1.c0)))AND(NULL))  NULLS FIRST, ((((vt1.c0)OR(vt1.c0)))OR(vt1.c0)) COLLATE NOCASE ASC;
SELECT SUM(count) FROM (SELECT ALL (((((vt1.c0, NULL, vt1.c0)) BETWEEN ((ABS(vt1.c0), vt1.c0, ((vt1.c0) NOT NULL))) AND (((+ (vt1.c0)), vt1.c0 COLLATE NOCASE, vt1.c0)))) IS TRUE)  as count FROM vt1 ORDER BY ((((vt1.c0)/(vt1.c0)))AND(NULL))  NULLS FIRST, ((((vt1.c0)OR(vt1.c0)))OR(vt1.c0)) COLLATE NOCASE ASC);
SELECT COUNT(*) FROM vt1 LEFT OUTER JOIN t0 ON ((((((t0.c0, vt1.c0, vt1.c0))==((0.9355992668850904, NULL, vt1.c0))), -1.7976931348623157E308, CAST(vt1.c0 AS NUMERIC)))=((0.05116260323016508 COLLATE BINARY, CAST(0.7875625463302244 AS BLOB), ((0.8629585178089926)OR(NULL))))) WHERE (CAST(t0.c0 AS TEXT) COLLATE BINARY) ORDER BY ((((t0.c0)OR(t0.c0)))OR(t0.c0)) COLLATE NOCASE;
SELECT SUM(count) FROM (SELECT ((CAST(t0.c0 AS TEXT) COLLATE BINARY) IS TRUE)  as count FROM vt1 LEFT OUTER JOIN t0 ON ((((((t0.c0, vt1.c0, vt1.c0))==((0.9355992668850904, NULL, vt1.c0))), -1.7976931348623157E308, CAST(vt1.c0 AS NUMERIC)))==((0.05116260323016508 COLLATE BINARY, CAST(0.7875625463302244 AS BLOB), ((0.8629585178089926)OR(NULL))))) ORDER BY ((((t0.c0)OR(t0.c0)))OR(t0.c0)) COLLATE NOCASE);
SELECT * FROM vt1 WHERE (CASE WHEN ((vt1.c0)>=(vt1.c0)) THEN (- (vt1.c0)) ELSE NULL END);
SELECT SUM(count) FROM (SELECT ((CASE WHEN ((vt1.c0)>=(vt1.c0)) THEN (- (vt1.c0)) ELSE NULL END) IS TRUE)  as count FROM vt1);
SELECT ALL COUNT(*) FROM vt1, t0 WHERE (((vt1.c0) BETWEEN (t0.c0) AND (vt1.c0)) COLLATE NOCASE);
SELECT SUM(count) FROM (SELECT ALL ((((vt1.c0) BETWEEN (t0.c0) AND (vt1.c0)) COLLATE NOCASE) IS TRUE)  as count FROM vt1, t0);
SELECT COUNT(*) FROM vt1 FULL OUTER JOIN t0 ON ((CAST(vt1.c0 AS INTEGER))/(((vt1.c0) NOT NULL))) WHERE (((((NULL)AND(NULL)))AND(vt1.c0 COLLATE BINARY)));
SELECT SUM(count) FROM (SELECT ALL ((((((NULL)AND(NULL)))AND(vt1.c0 COLLATE BINARY))) IS TRUE)  as count FROM vt1 FULL OUTER JOIN t0 ON ((CAST(vt1.c0 AS INTEGER))/(((vt1.c0) NOT NULL))));
SELECT * FROM vt1, t0 WHERE (CAST(CAST(t0.c0 AS NUMERIC) AS INTEGER));
SELECT SUM(count) FROM (SELECT ALL ((CAST(CAST(t0.c0 AS NUMERIC) AS INTEGER)) IS TRUE)  as count FROM vt1, t0);
SELECT ALL COUNT(*) FROM vt1, t0 WHERE (NULL) ORDER BY ((HEX(t0.c0))<=(((vt1.c0) IS TRUE))) DESC;
SELECT SUM(count) FROM (SELECT ((NULL) IS TRUE)  as count FROM vt1, t0 ORDER BY ((HEX(t0.c0))<=(((vt1.c0) IS TRUE))) DESC);
SELECT ALL * FROM t0 INNER JOIN vt1 ON ((((((((((vt1.c0) NOTNULL))OR(CAST(t0.c0 AS NUMERIC))))OR(CAST(t0.c0 AS NUMERIC))))OR((((vt1.c0))!=((t0.c0))))))AND(CASE WHEN vt1.c0 THEN t0.c0 ELSE t0.c0 END)) WHERE (x'6e33');
SELECT SUM(count) FROM (SELECT ALL ((x'6e33') IS TRUE)  as count FROM t0 INNER JOIN vt1 ON ((((((((((vt1.c0) NOTNULL))OR(CAST(t0.c0 AS NUMERIC))))OR(CAST(t0.c0 AS NUMERIC))))OR((((vt1.c0))!=((t0.c0))))))AND(CASE WHEN vt1.c0 THEN t0.c0 ELSE t0.c0 END)));
SELECT COUNT(*) FROM vt1 WHERE ((- (CAST(vt1.c0 AS REAL)))) ORDER BY (((((((x'')OR(vt1.c0)))AND(vt1.c0))))>((((vt1.c0) NOT NULL)))) DESC;
SELECT SUM(count) FROM (SELECT ALL (((- (CAST(vt1.c0 AS REAL)))) IS TRUE)  as count FROM vt1 ORDER BY (((((((x'')OR(vt1.c0)))AND(vt1.c0))))>((((vt1.c0) NOT NULL)))) DESC);
SELECT COUNT(*) FROM vt1 FULL OUTER JOIN t0 ON CAST(x'' AS NUMERIC) COLLATE BINARY WHERE (CAST(((t0.c0) IS FALSE) AS NUMERIC)) ORDER BY ((t0.c0)=((- (vt1.c0))))  NULLS FIRST;
SELECT SUM(count) FROM (SELECT ((CAST(((t0.c0) IS FALSE) AS NUMERIC)) IS TRUE)  as count FROM vt1 FULL OUTER JOIN t0 ON CAST(x'' AS NUMERIC) COLLATE BINARY ORDER BY ((t0.c0)==((- (vt1.c0))))  NULLS FIRST);
SELECT COUNT(*) FROM vt1, t0 WHERE ((((t0.c0 IN ()))IS NOT(((vt1.c0)>>(vt1.c0)))));
SELECT SUM(count) FROM (SELECT (((((t0.c0 IN ()))IS NOT(((vt1.c0)>>(vt1.c0))))) IS TRUE)  as count FROM vt1, t0);
SELECT ALL COUNT(*) FROM t0, vt1 WHERE ((((('u?j')-(vt1.c0))) NOTNULL));
SELECT SUM(count) FROM (SELECT (((((('u?j')-(vt1.c0))) NOTNULL)) IS TRUE)  as count FROM t0, vt1);
SELECT COUNT(*) FROM t0 LEFT OUTER JOIN vt1 ON (((((vt1.c0)AND(t0.c0)))AND(vt1.c0)) IN ()) WHERE ((((((t0.c0)OR(t0.c0)))OR(vt1.c0)) IN ((t0.c0 IN (t0.c0)))));
SELECT SUM(count) FROM (SELECT (((((((t0.c0)OR(t0.c0)))OR(vt1.c0)) IN ((t0.c0 IN (t0.c0))))) IS TRUE)  as count FROM t0 LEFT OUTER JOIN vt1 ON (((((vt1.c0)AND(t0.c0)))AND(vt1.c0)) IN ()));
SELECT ALL * FROM t0, vt1 WHERE ((((~ (t0.c0)))>>(CAST(vt1.c0 AS TEXT))));
SELECT SUM(count) FROM (SELECT (((((~ (t0.c0)))>>(CAST(vt1.c0 AS TEXT)))) IS TRUE)  as count FROM t0, vt1);
SELECT COUNT(*) FROM t0 WHERE ((TIME(t0.c0, t0.c0, t0.c0) IN ())) ORDER BY NULL  NULLS FIRST;
SELECT SUM(count) FROM (SELECT ALL (((TIME(t0.c0, t0.c0, t0.c0) IN ())) IS TRUE)  as count FROM t0 ORDER BY NULL  NULLS FIRST);
SELECT ALL * FROM vt1, t0 WHERE (CAST(((vt1.c0) NOTNULL) AS BLOB));
SELECT SUM(count) FROM (SELECT ((CAST(((vt1.c0) NOTNULL) AS BLOB)) IS TRUE)  as count FROM vt1, t0);
SELECT * FROM t0, vt1 WHERE (vt1.c0);
SELECT SUM(count) FROM (SELECT ((vt1.c0) IS TRUE)  as count FROM t0, vt1);
SELECT ALL COUNT(*) FROM t0 LEFT OUTER JOIN vt1 ON ((((t0.c0) BETWEEN (x'fedf') AND (vt1.c0)))/(((t0.c0) NOTNULL))) WHERE (((((((t0.c0))>((t0.c0)))))<=((vt1.c0 COLLATE RTRIM)))) ORDER BY ((0.8311219468714429)*(CAST(vt1.c0 AS BLOB)))  NULLS FIRST;
SELECT SUM(count) FROM (SELECT ((((((((t0.c0))>((t0.c0)))))<=((vt1.c0 COLLATE RTRIM)))) IS TRUE)  as count FROM t0 LEFT OUTER JOIN vt1 ON ((((t0.c0) BETWEEN (x'fedf') AND (vt1.c0)))/(((t0.c0) NOTNULL))) ORDER BY ((0.8311219468714429)*(CAST(vt1.c0 AS BLOB)))  NULLS FIRST);
SELECT * FROM t0 WHERE (CAST(CASE t0.c0  WHEN t0.c0 THEN t0.c0 WHEN t0.c0 THEN t0.c0 WHEN t0.c0 THEN t0.c0 END AS REAL));
SELECT SUM(count) FROM (SELECT ALL ((CAST(CASE t0.c0  WHEN t0.c0 THEN t0.c0 WHEN t0.c0 THEN t0.c0 WHEN t0.c0 THEN t0.c0 END AS REAL)) IS TRUE)  as count FROM t0);
SELECT ALL * FROM vt1 WHERE (CASE (0.23930858436751468 IN ())  WHEN CAST(vt1.c0 AS TEXT) THEN x'' END);
SELECT SUM(count) FROM (SELECT ((CASE (0.23930858436751468 IN ())  WHEN CAST(vt1.c0 AS TEXT) THEN x'' END) IS TRUE)  as count FROM vt1);
SELECT COUNT(*) FROM vt1, t0 WHERE ((NOT (STRFTIME(vt1.c0, 2.093876103E9, x''))));
SELECT SUM(count) FROM (SELECT ALL (((NOT (STRFTIME(vt1.c0, 2.093876103E9, x'')))) IS TRUE)  as count FROM vt1, t0);
SELECT ALL COUNT(*) FROM vt1, t0 WHERE (('1942681367' IN (((NULL)||(vt1.c0)), t0.c0 COLLATE RTRIM))) ORDER BY UNLIKELY(t0.c0) DESC  NULLS LAST, t0.c0;
SELECT SUM(count) FROM (SELECT ((('1942681367' IN (((NULL)||(vt1.c0)), t0.c0 COLLATE RTRIM))) IS TRUE)  as count FROM vt1, t0 ORDER BY UNLIKELY(t0.c0) DESC  NULLS LAST, t0.c0);
SELECT * FROM t0, vt1 WHERE (CAST((((t0.c0, vt1.c0, t0.c0)) BETWEEN ((vt1.c0, vt1.c0, 0xffffffffdb4eafad)) AND ((t0.c0, vt1.c0, t0.c0))) AS TEXT)) ORDER BY vt1.c0 ASC  NULLS LAST;
SELECT SUM(count) FROM (SELECT ALL ((CAST((((t0.c0, vt1.c0, t0.c0)) BETWEEN ((vt1.c0, vt1.c0, 0xffffffffdb4eafad)) AND ((t0.c0, vt1.c0, t0.c0))) AS TEXT)) IS TRUE)  as count FROM t0, vt1 ORDER BY vt1.c0 ASC  NULLS LAST);
SELECT ALL * FROM t0 WHERE (CAST(((((((((t0.c0)AND(t0.c0)))OR(t0.c0)))OR(t0.c0)))AND(t0.c0)) AS BLOB)) ORDER BY CASE WHEN ((t0.c0)<=(t0.c0)) THEN ((t0.c0) BETWEEN (NULL) AND (t0.c0)) END ASC, (((t0.c0))<>((t0.c0)));
SELECT SUM(count) FROM (SELECT ((CAST(((((((((t0.c0)AND(t0.c0)))OR(t0.c0)))OR(t0.c0)))AND(t0.c0)) AS BLOB)) IS TRUE)  as count FROM t0 ORDER BY CASE WHEN ((t0.c0)<=(t0.c0)) THEN ((t0.c0) BETWEEN (NULL) AND (t0.c0)) END ASC, (((t0.c0))!=((t0.c0))));
SELECT COUNT(*) FROM vt1 WHERE (((((vt1.c0)OR(vt1.c0))) BETWEEN ((((vt1.c0, vt1.c0, x'')) NOT BETWEEN ((vt1.c0, vt1.c0, vt1.c0)) AND ((vt1.c0, vt1.c0, vt1.c0)))) AND (((vt1.c0)IS(vt1.c0))))) ORDER BY vt1.c0 ASC, (((((vt1.c0) BETWEEN (vt1.c0) AND (NULL))))<=(((vt1.c0 IN ()))))  NULLS FIRST, LOWER((((0xffffffff94972d4e)) NOT BETWEEN ((vt1.c0)) AND ((vt1.c0)))) DESC  NULLS FIRST;
SELECT SUM(count) FROM (SELECT ALL ((((((vt1.c0)OR(vt1.c0))) BETWEEN ((((vt1.c0, vt1.c0, x'')) NOT BETWEEN ((vt1.c0, vt1.c0, vt1.c0)) AND ((vt1.c0, vt1.c0, vt1.c0)))) AND (((vt1.c0)IS(vt1.c0))))) IS TRUE)  as count FROM vt1 ORDER BY vt1.c0 ASC, (((((vt1.c0) BETWEEN (vt1.c0) AND (NULL))))<=(((vt1.c0 IN ()))))  NULLS FIRST, LOWER((((0xffffffff94972d4e)) NOT BETWEEN ((vt1.c0)) AND ((vt1.c0)))) DESC  NULLS FIRST);
SELECT COUNT(*) FROM t0 LEFT OUTER JOIN vt1 ON ((((t0.c0 IN (vt1.c0))))>((TRIM(DISTINCT t0.c0, t0.c0)))) WHERE ((((((((vt1.c0)) NOT BETWEEN ((vt1.c0)) AND ((t0.c0))))AND(LIKELIHOOD(t0.c0, 0.6467752339635018))))AND(((((t0.c0)AND(vt1.c0)))AND(t0.c0)))));
SELECT SUM(count) FROM (SELECT (((((((((vt1.c0)) NOT BETWEEN ((vt1.c0)) AND ((t0.c0))))AND(LIKELIHOOD(t0.c0, 0.6467752339635018))))AND(((((t0.c0)AND(vt1.c0)))AND(t0.c0))))) IS TRUE)  as count FROM t0 LEFT OUTER JOIN vt1 ON ((((t0.c0 IN (vt1.c0))))>((TRIM(DISTINCT t0.c0, t0.c0)))));
SELECT COUNT(*) FROM t0 WHERE ((((t0.c0)) NOT BETWEEN ((((NULL)LIKE(t0.c0)))) AND ((CAST(t0.c0 AS REAL)))));
SELECT SUM(count) FROM (SELECT ALL (((((t0.c0)) NOT BETWEEN ((((NULL)LIKE(t0.c0)))) AND ((CAST(t0.c0 AS REAL))))) IS TRUE)  as count FROM t0);
SELECT ALL COUNT(*) FROM vt1 RIGHT OUTER JOIN t0 ON CAST(UNLIKELY(vt1.c0) AS NUMERIC) WHERE ((((((((((vt1.c0)AND(x'')))AND(vt1.c0)))OR(t0.c0)))AND(vt1.c0)) IN ()));
SELECT SUM(count) FROM (SELECT ALL (((((((((((vt1.c0)AND(x'')))AND(vt1.c0)))OR(t0.c0)))AND(vt1.c0)) IN ())) IS TRUE)  as count FROM vt1 RIGHT OUTER JOIN t0 ON CAST(UNLIKELY(vt1.c0) AS NUMERIC));
SELECT ALL COUNT(*) FROM vt1, t0 WHERE (CAST(((vt1.c0) BETWEEN (t0.c0) AND (t0.c0)) AS BLOB));
SELECT SUM(count) FROM (SELECT ALL ((CAST(((vt1.c0) BETWEEN (t0.c0) AND (t0.c0)) AS BLOB)) IS TRUE)  as count FROM vt1, t0);
SELECT COUNT(*) FROM t0 WHERE (t0.c0 COLLATE BINARY);
SELECT SUM(count) FROM (SELECT ((t0.c0 COLLATE BINARY) IS TRUE)  as count FROM t0);
SELECT * FROM vt1 WHERE (((CAST(vt1.c0 AS REAL))|(CASE WHEN NULL THEN vt1.c0 ELSE vt1.c0 END))) ORDER BY ((COALESCE(vt1.c0, vt1.c0))/(vt1.c0 COLLATE NOCASE)) ASC  NULLS LAST, ((TRIM(DISTINCT vt1.c0))GLOB(vt1.c0 COLLATE NOCASE)) DESC  NULLS LAST, ((vt1.c0)<<(((vt1.c0)&(vt1.c0)))) ASC  NULLS FIRST;
SELECT SUM(count) FROM (SELECT ALL ((((CAST(vt1.c0 AS REAL))|(CASE WHEN NULL THEN vt1.c0 ELSE vt1.c0 END))) IS TRUE)  as count FROM vt1 ORDER BY ((COALESCE(vt1.c0, vt1.c0))/(vt1.c0 COLLATE NOCASE)) ASC  NULLS LAST, ((TRIM(DISTINCT vt1.c0))GLOB(vt1.c0 COLLATE NOCASE)) DESC  NULLS LAST, ((vt1.c0)<<(((vt1.c0)&(vt1.c0)))) ASC  NULLS FIRST);
SELECT ALL * FROM t0, vt1 WHERE (((((t0.c0) IS FALSE)) BETWEEN (((t0.c0) NOT NULL)) AND (LIKELIHOOD(vt1.c0, 0.36579986230340433))));
SELECT SUM(count) FROM (SELECT ALL ((((((t0.c0) IS FALSE)) BETWEEN (((t0.c0) NOT NULL)) AND (LIKELIHOOD(vt1.c0, 0.36579986230340433)))) IS TRUE)  as count FROM t0, vt1);
SELECT ALL COUNT(*) FROM t0 FULL OUTER JOIN vt1 ON 0.15693237420046968 WHERE (0.07832721331048398) ORDER BY CASE WHEN vt1.c0 COLLATE RTRIM THEN ((t0.c0)>(t0.c0)) ELSE ((t0.c0) NOT BETWEEN (vt1.c0) AND (vt1.c0)) END  NULLS LAST;
SELECT SUM(count) FROM (SELECT ALL ((0.07832721331048398) IS TRUE)  as count FROM t0 FULL OUTER JOIN vt1 ON 0.15693237420046968 ORDER BY CASE WHEN vt1.c0 COLLATE RTRIM THEN ((t0.c0)>(t0.c0)) ELSE ((t0.c0) NOT BETWEEN (vt1.c0) AND (vt1.c0)) END  NULLS LAST);
SELECT COUNT(*) FROM vt1 RIGHT OUTER JOIN t0 ON CAST(NULL AS TEXT) WHERE ((NOT (((((((((vt1.c0)OR(vt1.c0)))AND(vt1.c0)))AND(vt1.c0)))OR(t0.c0)))));
SELECT SUM(count) FROM (SELECT (((NOT (((((((((vt1.c0)OR(vt1.c0)))AND(vt1.c0)))AND(vt1.c0)))OR(t0.c0))))) IS TRUE)  as count FROM vt1 RIGHT OUTER JOIN t0 ON CAST(NULL AS TEXT));
SELECT * FROM t0 INNER JOIN vt1 ON ((LIKELY(vt1.c0))<>('/')) WHERE (CAST((((t0.c0))>=((t0.c0))) AS BLOB)) ORDER BY (((+ (vt1.c0))) BETWEEN (0.4554327592951475 COLLATE RTRIM) AND ((+ (x'')))) ASC;
SELECT SUM(count) FROM (SELECT ((CAST((((t0.c0))>=((t0.c0))) AS BLOB)) IS TRUE)  as count FROM t0 INNER JOIN vt1 ON ((LIKELY(vt1.c0))!=('/')) ORDER BY (((+ (vt1.c0))) BETWEEN (0.4554327592951475 COLLATE RTRIM) AND ((+ (x'')))) ASC);
SELECT ALL * FROM vt1, t0 WHERE ((((((t0.c0) BETWEEN (t0.c0) AND (t0.c0))))=(((~ (vt1.c0)))))) ORDER BY CASE WHEN ((vt1.c0) BETWEEN (vt1.c0) AND (t0.c0)) THEN (((t0.c0))>=((vt1.c0))) WHEN (((vt1.c0))!=((t0.c0))) THEN NULL WHEN CASE WHEN t0.c0 THEN vt1.c0 END THEN UNLIKELY(t0.c0) WHEN (vt1.c0 IN ()) THEN CASE t0.c0  WHEN vt1.c0 THEN t0.c0 ELSE vt1.c0 END WHEN (vt1.c0 IN ()) THEN (vt1.c0 IN ()) END DESC  NULLS LAST;
SELECT SUM(count) FROM (SELECT ALL (((((((t0.c0) BETWEEN (t0.c0) AND (t0.c0))))=(((~ (vt1.c0)))))) IS TRUE)  as count FROM vt1, t0 ORDER BY CASE WHEN ((vt1.c0) BETWEEN (vt1.c0) AND (t0.c0)) THEN (((t0.c0))>=((vt1.c0))) WHEN (((vt1.c0))!=((t0.c0))) THEN NULL WHEN CASE WHEN t0.c0 THEN vt1.c0 END THEN UNLIKELY(t0.c0) WHEN (vt1.c0 IN ()) THEN CASE t0.c0  WHEN vt1.c0 THEN t0.c0 ELSE vt1.c0 END WHEN (vt1.c0 IN ()) THEN (vt1.c0 IN ()) END DESC  NULLS LAST);
SELECT COUNT(*) FROM vt1, t0 WHERE (x'') ORDER BY ((((t0.c0)<(t0.c0)))+(((vt1.c0) NOT NULL))) ASC;
SELECT SUM(count) FROM (SELECT ((x'') IS TRUE)  as count FROM vt1, t0 ORDER BY ((((t0.c0)<(t0.c0)))+(((vt1.c0) NOT NULL))) ASC);
SELECT * FROM t0 WHERE (((t0.c0 COLLATE RTRIM)>=((((t0.c0, t0.c0, t0.c0)) NOT BETWEEN ((x'', t0.c0, t0.c0)) AND ((t0.c0, t0.c0, t0.c0))))));
SELECT SUM(count) FROM (SELECT ((((t0.c0 COLLATE RTRIM)>=((((t0.c0, t0.c0, t0.c0)) NOT BETWEEN ((x'', t0.c0, t0.c0)) AND ((t0.c0, t0.c0, t0.c0)))))) IS TRUE)  as count FROM t0);
SELECT ALL COUNT(*) FROM vt1, t0 WHERE (((((((t0.c0) IS TRUE))AND(((t0.c0)OR(vt1.c0)))))OR(json_valid(t0.c0))));
SELECT SUM(count) FROM (SELECT ALL ((((((((t0.c0) IS TRUE))AND(((t0.c0)OR(vt1.c0)))))OR(json_valid(t0.c0)))) IS TRUE)  as count FROM vt1, t0);
SELECT ALL COUNT(*) FROM vt1 WHERE ((~ ('tnv&')));
SELECT SUM(count) FROM (SELECT (((~ ('tnv&'))) IS TRUE)  as count FROM vt1);
SELECT COUNT(*) FROM vt1, t0 WHERE (((vt1.c0)<(vt1.c0)) COLLATE RTRIM) ORDER BY (NOT (((vt1.c0)<(-6.77639152E8))))  NULLS FIRST;
SELECT SUM(count) FROM (SELECT ((((vt1.c0)<(vt1.c0)) COLLATE RTRIM) IS TRUE)  as count FROM vt1, t0 ORDER BY (NOT (((vt1.c0)<(-6.77639152E8))))  NULLS FIRST);
SELECT COUNT(*) FROM vt1 WHERE ((vt1.c0 COLLATE RTRIM IN ()));
SELECT SUM(count) FROM (SELECT ALL (((vt1.c0 COLLATE RTRIM IN ())) IS TRUE)  as count FROM vt1);
SELECT ALL COUNT(*) FROM vt1 WHERE ((((((x'')) BETWEEN ((vt1.c0)) AND ((vt1.c0)))) IS TRUE));
SELECT SUM(count) FROM (SELECT ALL (((((((x'')) BETWEEN ((vt1.c0)) AND ((vt1.c0)))) IS TRUE)) IS TRUE)  as count FROM vt1);
SELECT * FROM vt1, t0 WHERE (((t0.c0) NOT BETWEEN (CAST(vt1.c0 AS REAL)) AND (t0.c0))) ORDER BY ((CASE WHEN t0.c0 THEN t0.c0 WHEN vt1.c0 THEN t0.c0 WHEN vt1.c0 THEN t0.c0 ELSE x'5a4a' END)LIKE('''ML'))  NULLS LAST;
SELECT SUM(count) FROM (SELECT ((((t0.c0) NOT BETWEEN (CAST(vt1.c0 AS REAL)) AND (t0.c0))) IS TRUE)  as count FROM vt1, t0 ORDER BY ((CASE WHEN t0.c0 THEN t0.c0 WHEN vt1.c0 THEN t0.c0 WHEN vt1.c0 THEN t0.c0 ELSE x'5a4a' END)LIKE('''ML'))  NULLS LAST);
SELECT ALL * FROM t0 NATURAL JOIN vt1 WHERE (t0.c0);
SELECT SUM(count) FROM (SELECT ((t0.c0) IS TRUE)  as count FROM t0 NATURAL JOIN vt1);
SELECT * FROM t0, vt1 WHERE (((CAST(vt1.c0 AS NUMERIC)) ISNULL)) ORDER BY ((((((t0.c0)OR(t0.c0)))OR(t0.c0))) ISNULL);
SELECT SUM(count) FROM (SELECT ALL ((((CAST(vt1.c0 AS NUMERIC)) ISNULL)) IS TRUE)  as count FROM t0, vt1 ORDER BY ((((((t0.c0)OR(t0.c0)))OR(t0.c0))) ISNULL));
SELECT * FROM t0 WHERE ((+ (CAST(t0.c0 AS REAL))));
SELECT SUM(count) FROM (SELECT ALL (((+ (CAST(t0.c0 AS REAL)))) IS TRUE)  as count FROM t0);
SELECT * FROM vt1 WHERE (((((((-1195536722)AND(vt1.c0)))OR(vt1.c0)))%(((vt1.c0)&(vt1.c0)))));
SELECT SUM(count) FROM (SELECT ((((((((-1195536722)AND(vt1.c0)))OR(vt1.c0)))%(((vt1.c0)&(vt1.c0))))) IS TRUE)  as count FROM vt1);
SELECT * FROM vt1, t0 WHERE (((((((vt1.c0))<((vt1.c0)))))!=((((vt1.c0)%(t0.c0))))));
SELECT SUM(count) FROM (SELECT ALL ((((((((vt1.c0))<((vt1.c0)))))<>((((vt1.c0)%(t0.c0)))))) IS TRUE)  as count FROM vt1, t0);
SELECT * FROM vt1, t0 WHERE ((- (t0.c0)));
SELECT SUM(count) FROM (SELECT ALL (((- (t0.c0))) IS TRUE)  as count FROM vt1, t0);
SELECT COUNT(*) FROM t0 INNER JOIN vt1 ON (- (SQLITE_SOURCE_ID())) WHERE (((((NOT (vt1.c0))))>((CASE t0.c0  WHEN vt1.c0 THEN t0.c0 ELSE t0.c0 END)))) ORDER BY CASE WHEN x'' THEN ((vt1.c0) BETWEEN (t0.c0) AND (t0.c0)) END DESC  NULLS FIRST;
SELECT SUM(count) FROM (SELECT ALL ((((((NOT (vt1.c0))))>((CASE t0.c0  WHEN vt1.c0 THEN t0.c0 ELSE t0.c0 END)))) IS TRUE)  as count FROM t0 INNER JOIN vt1 ON (- (SQLITE_SOURCE_ID())) ORDER BY CASE WHEN x'' THEN ((vt1.c0) BETWEEN (t0.c0) AND (t0.c0)) END DESC  NULLS FIRST);
SELECT ALL COUNT(*) FROM t0 WHERE ((((t0.c0 IN ()))==(t0.c0 COLLATE BINARY)));
SELECT SUM(count) FROM (SELECT ALL (((((t0.c0 IN ()))=(t0.c0 COLLATE BINARY))) IS TRUE)  as count FROM t0);
SELECT COUNT(*) FROM t0, vt1 WHERE ((('-893389348') NOT BETWEEN (t0.c0 COLLATE RTRIM) AND (((t0.c0) BETWEEN (t0.c0) AND (t0.c0))))) ORDER BY ((((load_extension(0.5544669321874522))AND(((t0.c0)>=('7V')))))AND(((vt1.c0)==(vt1.c0)))) DESC;
SELECT SUM(count) FROM (SELECT (((('-893389348') NOT BETWEEN (t0.c0 COLLATE RTRIM) AND (((t0.c0) BETWEEN (t0.c0) AND (t0.c0))))) IS TRUE)  as count FROM t0, vt1 ORDER BY ((((load_extension(0.5544669321874522))AND(((t0.c0)>=('7V')))))AND(((vt1.c0)=(vt1.c0)))) DESC);
SELECT ALL * FROM t0 WHERE (CAST(((t0.c0) NOT NULL) AS INTEGER));
SELECT SUM(count) FROM (SELECT ALL ((CAST(((t0.c0) NOT NULL) AS INTEGER)) IS TRUE)  as count FROM t0);
SELECT * FROM t0 WHERE (((t0.c0) NOTNULL));
SELECT SUM(count) FROM (SELECT ((((t0.c0) NOTNULL)) IS TRUE)  as count FROM t0);
SELECT COUNT(*) FROM vt1 WHERE (((vt1.c0 IN ()) IN (((vt1.c0) NOT BETWEEN ('224511158') AND (vt1.c0)))));
SELECT SUM(count) FROM (SELECT ((((vt1.c0 IN ()) IN (((vt1.c0) NOT BETWEEN ('224511158') AND (vt1.c0))))) IS TRUE)  as count FROM vt1);
SELECT * FROM vt1 WHERE (vt1.c0 COLLATE BINARY) ORDER BY CAST((~ (vt1.c0)) AS TEXT) ASC;
SELECT SUM(count) FROM (SELECT ALL ((vt1.c0 COLLATE BINARY) IS TRUE)  as count FROM vt1 ORDER BY CAST((~ (vt1.c0)) AS TEXT) ASC);
SELECT COUNT(*) FROM vt1 WHERE ((((('-491714545')LIKE(vt1.c0)))||(((vt1.c0) NOTNULL))));
SELECT SUM(count) FROM (SELECT (((((('-491714545')LIKE(vt1.c0)))||(((vt1.c0) NOTNULL)))) IS TRUE)  as count FROM vt1);
SELECT ALL * FROM t0 LEFT OUTER JOIN vt1 ON (+ (CAST(t0.c0 AS TEXT))) WHERE ((((t0.c0) BETWEEN (vt1.c0) AND (vt1.c0)) IN ()));
SELECT SUM(count) FROM (SELECT ALL (((((t0.c0) BETWEEN (vt1.c0) AND (vt1.c0)) IN ())) IS TRUE)  as count FROM t0 LEFT OUTER JOIN vt1 ON (+ (CAST(t0.c0 AS TEXT))));
SELECT ALL * FROM t0, vt1 WHERE (((CASE NULL  WHEN vt1.c0 THEN vt1.c0 ELSE vt1.c0 END)&(((((((((((((((((t0.c0)OR(vt1.c0)))AND(t0.c0)))OR(t0.c0)))OR(t0.c0)))OR(vt1.c0)))AND(vt1.c0)))AND(0.46991371405247473)))OR(t0.c0)))));
SELECT SUM(count) FROM (SELECT ALL ((((CASE NULL  WHEN vt1.c0 THEN vt1.c0 ELSE vt1.c0 END)&(((((((((((((((((t0.c0)OR(vt1.c0)))AND(t0.c0)))OR(t0.c0)))OR(t0.c0)))OR(vt1.c0)))AND(vt1.c0)))AND(0.46991371405247473)))OR(t0.c0))))) IS TRUE)  as count FROM t0, vt1);
SELECT ALL * FROM t0, vt1 WHERE ((((vt1.c0 IN (vt1.c0, 'Bae鬳')))<>(COALESCE(vt1.c0, 'K᚟o|#*QF')))) ORDER BY (~ (((t0.c0) NOT BETWEEN (t0.c0) AND (vt1.c0)))) ASC  NULLS FIRST, vt1.c0 DESC, ((LIKELIHOOD(DISTINCT vt1.c0, 0.7259904422760457))>=(((vt1.c0)/(t0.c0)))) ASC, (NULL IN ());
SELECT SUM(count) FROM (SELECT (((((vt1.c0 IN (vt1.c0, 'Bae鬳')))!=(COALESCE(vt1.c0, 'K᚟o|#*QF')))) IS TRUE)  as count FROM t0, vt1 ORDER BY (~ (((t0.c0) NOT BETWEEN (t0.c0) AND (vt1.c0)))) ASC  NULLS FIRST, vt1.c0 DESC, ((LIKELIHOOD(DISTINCT vt1.c0, 0.7259904422760457))>=(((vt1.c0)/(t0.c0)))) ASC, (NULL IN ()));
SELECT COUNT(*) FROM t0 WHERE (((((t0.c0)<<(t0.c0)))==(CASE t0.c0  WHEN t0.c0 THEN '-1308640110' WHEN t0.c0 THEN t0.c0 WHEN t0.c0 THEN t0.c0 END)));
SELECT SUM(count) FROM (SELECT ((((((t0.c0)<<(t0.c0)))=(CASE t0.c0  WHEN t0.c0 THEN '-1308640110' WHEN t0.c0 THEN t0.c0 WHEN t0.c0 THEN t0.c0 END))) IS TRUE)  as count FROM t0);
SELECT * FROM t0 WHERE (COALESCE(t0.c0, t0.c0) COLLATE RTRIM);
SELECT SUM(count) FROM (SELECT ((COALESCE(t0.c0, t0.c0) COLLATE RTRIM) IS TRUE)  as count FROM t0);
SELECT ALL COUNT(*) FROM t0 WHERE (CASE WHEN ((t0.c0)IS(t0.c0)) THEN (t0.c0 IN ()) END) ORDER BY 0.9493641640874338  NULLS FIRST;
SELECT SUM(count) FROM (SELECT ALL ((CASE WHEN ((t0.c0)IS(t0.c0)) THEN (t0.c0 IN ()) END) IS TRUE)  as count FROM t0 ORDER BY 0.9493641640874338  NULLS FIRST);
SELECT ALL COUNT(*) FROM vt1 WHERE (((vt1.c0 COLLATE RTRIM) NOT NULL));
SELECT SUM(count) FROM (SELECT ALL ((((vt1.c0 COLLATE RTRIM) NOT NULL)) IS TRUE)  as count FROM vt1);
SELECT ALL COUNT(*) FROM t0 WHERE (CASE WHEN t0.c0 THEN ((t0.c0)LIKE(0.31588097402937965)) ELSE ((((NULL)AND(t0.c0)))AND(t0.c0)) END) ORDER BY (+ ((- (t0.c0)))) DESC, ((((CASE WHEN t0.c0 THEN '0.18467606720708651' WHEN 0xffffffffd17f87f9 THEN t0.c0 WHEN t0.c0 THEN t0.c0 END)OR(((t0.c0)>=(t0.c0)))))OR(x'')) DESC;
SELECT SUM(count) FROM (SELECT ALL ((CASE WHEN t0.c0 THEN ((t0.c0)LIKE(0.31588097402937965)) ELSE ((((NULL)AND(t0.c0)))AND(t0.c0)) END) IS TRUE)  as count FROM t0 ORDER BY (+ ((- (t0.c0)))) DESC, ((((CASE WHEN t0.c0 THEN '0.18467606720708651' WHEN 0xffffffffd17f87f9 THEN t0.c0 WHEN t0.c0 THEN t0.c0 END)OR(((t0.c0)>=(t0.c0)))))OR(x'')) DESC);
SELECT ALL * FROM vt1, t0 WHERE (((853695877) BETWEEN ((~ (t0.c0))) AND (COALESCE(DISTINCT vt1.c0, t0.c0)))) ORDER BY rtreenode(((((((((vt1.c0)OR(vt1.c0)))AND(NULL)))AND(t0.c0)))OR(vt1.c0)), ((vt1.c0)==(vt1.c0)))  NULLS LAST;
SELECT SUM(count) FROM (SELECT ((((853695877) BETWEEN ((~ (t0.c0))) AND (COALESCE(DISTINCT vt1.c0, t0.c0)))) IS TRUE)  as count FROM vt1, t0 ORDER BY rtreenode(((((((((vt1.c0)OR(vt1.c0)))AND(NULL)))AND(t0.c0)))OR(vt1.c0)), ((vt1.c0)==(vt1.c0)))  NULLS LAST);
SELECT * FROM vt1, t0 WHERE (TYPEOF(DISTINCT ((((vt1.c0)AND(vt1.c0)))AND(vt1.c0)))) ORDER BY json((vt1.c0 IN (vt1.c0))) DESC, ((CAST(t0.c0 AS REAL)) NOT BETWEEN (x'') AND (((vt1.c0)&(t0.c0)))) DESC;
SELECT SUM(count) FROM (SELECT ALL ((TYPEOF(DISTINCT ((((vt1.c0)AND(vt1.c0)))AND(vt1.c0)))) IS TRUE)  as count FROM vt1, t0 ORDER BY json((vt1.c0 IN (vt1.c0))) DESC, ((CAST(t0.c0 AS REAL)) NOT BETWEEN (x'') AND (((vt1.c0)&(t0.c0)))) DESC);
SELECT * FROM t0, vt1 INDEXED BY i82 WHERE (CAST(((((vt1.c0)AND(t0.c0)))OR(t0.c0)) AS TEXT));
SELECT SUM(count) FROM (SELECT ((CAST(((((vt1.c0)AND(t0.c0)))OR(t0.c0)) AS TEXT)) IS TRUE)  as count FROM t0, vt1 INDEXED BY i82);
SELECT ALL * FROM t0 WHERE (((((((((((t0.c0)OR(t0.c0)))AND(t0.c0)))AND(t0.c0)))AND(t0.c0)))OR(CASE t0.c0  WHEN t0.c0 THEN t0.c0 WHEN t0.c0 THEN t0.c0 WHEN t0.c0 THEN t0.c0 END)));
SELECT SUM(count) FROM (SELECT ((((((((((((t0.c0)OR(t0.c0)))AND(t0.c0)))AND(t0.c0)))AND(t0.c0)))OR(CASE t0.c0  WHEN t0.c0 THEN t0.c0 WHEN t0.c0 THEN t0.c0 WHEN t0.c0 THEN t0.c0 END))) IS TRUE)  as count FROM t0);
SELECT ALL * FROM t0, vt1 WHERE ((((((((1129669982)AND(t0.c0)))OR(t0.c0))))>=(((((vt1.c0)) NOT BETWEEN ((vt1.c0)) AND ((t0.c0))))))) ORDER BY (((CASE vt1.c0  WHEN t0.c0 THEN NULL ELSE t0.c0 END))>(((((vt1.c0))>=((t0.c0))))))  NULLS FIRST;
SELECT SUM(count) FROM (SELECT ALL (((((((((1129669982)AND(t0.c0)))OR(t0.c0))))>=(((((vt1.c0)) NOT BETWEEN ((vt1.c0)) AND ((t0.c0))))))) IS TRUE)  as count FROM t0, vt1 ORDER BY (((CASE vt1.c0  WHEN t0.c0 THEN NULL ELSE t0.c0 END))>(((((vt1.c0))>=((t0.c0))))))  NULLS FIRST);
SELECT ALL * FROM t0, vt1 WHERE ((('1293752560') IS TRUE));
SELECT SUM(count) FROM (SELECT (((('1293752560') IS TRUE)) IS TRUE)  as count FROM t0, vt1);
SELECT ALL COUNT(*) FROM vt1 WHERE ((((((vt1.c0, vt1.c0, vt1.c0))<((vt1.c0, vt1.c0, vt1.c0)))) BETWEEN (((vt1.c0) NOTNULL)) AND (((vt1.c0)>=(NULL))))) ORDER BY (((((vt1.c0, vt1.c0, 0x5960bce))<=((vt1.c0, vt1.c0, vt1.c0)))) NOT BETWEEN (CASE WHEN vt1.c0 THEN vt1.c0 END) AND (((vt1.c0) ISNULL)))  NULLS LAST;
SELECT SUM(count) FROM (SELECT (((((((vt1.c0, vt1.c0, vt1.c0))<((vt1.c0, vt1.c0, vt1.c0)))) BETWEEN (((vt1.c0) NOTNULL)) AND (((vt1.c0)>=(NULL))))) IS TRUE)  as count FROM vt1 ORDER BY (((((vt1.c0, vt1.c0, 0X5960bce))<=((vt1.c0, vt1.c0, vt1.c0)))) NOT BETWEEN (CASE WHEN vt1.c0 THEN vt1.c0 END) AND (((vt1.c0) ISNULL)))  NULLS LAST);
SELECT * FROM t0 WHERE ((LIKELY(DISTINCT t0.c0) IN ()));
SELECT SUM(count) FROM (SELECT ALL (((LIKELY(DISTINCT t0.c0) IN ())) IS TRUE)  as count FROM t0);
SELECT ALL * FROM t0 WHERE (((((((((((t0.c0)AND(t0.c0)))OR(t0.c0)))OR(t0.c0)))OR(t0.c0))) IS FALSE)) ORDER BY t0.c0 DESC, ((((t0.c0)OR(t0.c0)))OR(t0.c0)) COLLATE NOCASE  NULLS LAST;
SELECT SUM(count) FROM (SELECT ((((((((((((t0.c0)AND(t0.c0)))OR(t0.c0)))OR(t0.c0)))OR(t0.c0))) IS FALSE)) IS TRUE)  as count FROM t0 ORDER BY t0.c0 DESC, ((((t0.c0)OR(t0.c0)))OR(t0.c0)) COLLATE NOCASE  NULLS LAST);
SELECT COUNT(*) FROM t0 WHERE (((t0.c0) NOT BETWEEN (((((((((t0.c0)AND(t0.c0)))OR(t0.c0)))OR(t0.c0)))OR(t0.c0))) AND (CAST(t0.c0 AS TEXT)))) ORDER BY (- (t0.c0)) ASC  NULLS FIRST;
SELECT SUM(count) FROM (SELECT ALL ((((t0.c0) NOT BETWEEN (((((((((t0.c0)AND(t0.c0)))OR(t0.c0)))OR(t0.c0)))OR(t0.c0))) AND (CAST(t0.c0 AS TEXT)))) IS TRUE)  as count FROM t0 ORDER BY (- (t0.c0)) ASC  NULLS FIRST);
SELECT ALL * FROM vt1, t0 WHERE (TRIM(DISTINCT ((t0.c0) ISNULL)));
SELECT SUM(count) FROM (SELECT ((TRIM(DISTINCT ((t0.c0) ISNULL))) IS TRUE)  as count FROM vt1, t0);
SELECT ALL COUNT(*) FROM vt1, t0 WHERE (((((vt1.c0)LIKE(vt1.c0)))|((vt1.c0 IN (t0.c0))))) ORDER BY ((TYPEOF(vt1.c0))%(0Xc97bdab));
SELECT SUM(count) FROM (SELECT ALL ((((((vt1.c0)LIKE(vt1.c0)))|((vt1.c0 IN (t0.c0))))) IS TRUE)  as count FROM vt1, t0 ORDER BY ((TYPEOF(vt1.c0))%(0Xc97bdab)));
SELECT COUNT(*) FROM vt1 WHERE (vt1.c0);
SELECT SUM(count) FROM (SELECT ((vt1.c0) IS TRUE)  as count FROM vt1);
SELECT * FROM t0, vt1 WHERE (vt1.c0);
SELECT SUM(count) FROM (SELECT ((vt1.c0) IS TRUE)  as count FROM t0, vt1);
SELECT ALL COUNT(*) FROM vt1 WHERE ((((vt1.c0 COLLATE NOCASE, (~ (vt1.c0)), ((vt1.c0) IS TRUE)))==((vt1.c0 COLLATE RTRIM, CAST(vt1.c0 AS INTEGER), ((vt1.c0) NOT BETWEEN (vt1.c0) AND (vt1.c0))))));
SELECT SUM(count) FROM (SELECT (((((vt1.c0 COLLATE NOCASE, (~ (vt1.c0)), ((vt1.c0) IS TRUE)))=((vt1.c0 COLLATE RTRIM, CAST(vt1.c0 AS INTEGER), ((vt1.c0) NOT BETWEEN (vt1.c0) AND (vt1.c0)))))) IS TRUE)  as count FROM vt1);
SELECT ALL COUNT(*) FROM t0, vt1 WHERE ((((NOT (t0.c0))) NOT NULL)) ORDER BY ((vt1.c0 COLLATE NOCASE) BETWEEN ((t0.c0 IN (vt1.c0))) AND (t0.c0 COLLATE RTRIM))  NULLS FIRST, LIKELY(DISTINCT CASE WHEN t0.c0 THEN t0.c0 END) DESC  NULLS FIRST;
SELECT SUM(count) FROM (SELECT (((((NOT (t0.c0))) NOT NULL)) IS TRUE)  as count FROM t0, vt1 ORDER BY ((vt1.c0 COLLATE NOCASE) BETWEEN ((t0.c0 IN (vt1.c0))) AND (t0.c0 COLLATE RTRIM))  NULLS FIRST, LIKELY(DISTINCT CASE WHEN t0.c0 THEN t0.c0 END) DESC  NULLS FIRST);
SELECT * FROM t0, vt1 WHERE (((((t0.c0))<=((vt1.c0))) IN ((vt1.c0 IN ())))) ORDER BY UNLIKELY(TYPEOF(vt1.c0));
SELECT SUM(count) FROM (SELECT ((((((t0.c0))<=((vt1.c0))) IN ((vt1.c0 IN ())))) IS TRUE)  as count FROM t0, vt1 ORDER BY UNLIKELY(TYPEOF(vt1.c0)));
SELECT ALL COUNT(*) FROM t0 WHERE ((('-1296922380')+((t0.c0 IN (t0.c0))))) ORDER BY ((((t0.c0)/(t0.c0))) NOT BETWEEN (((((t0.c0)OR(t0.c0)))AND(t0.c0))) AND (((((((((t0.c0)OR(t0.c0)))AND(t0.c0)))OR(t0.c0)))OR(t0.c0)))) ASC  NULLS LAST, NULL ASC  NULLS FIRST;
SELECT SUM(count) FROM (SELECT (((('-1296922380')+((t0.c0 IN (t0.c0))))) IS TRUE)  as count FROM t0 ORDER BY ((((t0.c0)/(t0.c0))) NOT BETWEEN (((((t0.c0)OR(t0.c0)))AND(t0.c0))) AND (((((((((t0.c0)OR(t0.c0)))AND(t0.c0)))OR(t0.c0)))OR(t0.c0)))) ASC  NULLS LAST, NULL ASC  NULLS FIRST);
SELECT ALL COUNT(*) FROM t0 WHERE ((((t0.c0))>((t0.c0)))) ORDER BY ('-290809222' IN ());
SELECT SUM(count) FROM (SELECT (((((t0.c0))>((t0.c0)))) IS TRUE)  as count FROM t0 ORDER BY ('-290809222' IN ()));
SELECT COUNT(*) FROM vt1 WHERE (CASE WHEN vt1.c0 THEN vt1.c0 WHEN vt1.c0 THEN vt1.c0 WHEN vt1.c0 THEN vt1.c0 END COLLATE RTRIM) ORDER BY (~ (DATE(vt1.c0, vt1.c0, vt1.c0)))  NULLS FIRST, LIKELIHOOD(DISTINCT ((((vt1.c0)OR(vt1.c0)))AND(vt1.c0)), 0.11989910368148737);
SELECT SUM(count) FROM (SELECT ((CASE WHEN vt1.c0 THEN vt1.c0 WHEN vt1.c0 THEN vt1.c0 WHEN vt1.c0 THEN vt1.c0 END COLLATE RTRIM) IS TRUE)  as count FROM vt1 ORDER BY (~ (DATE(vt1.c0, vt1.c0, vt1.c0)))  NULLS FIRST, LIKELIHOOD(DISTINCT ((((vt1.c0)OR(vt1.c0)))AND(vt1.c0)), 0.11989910368148737));
SELECT * FROM t0 WHERE ((((((t0.c0) NOTNULL)))>((CAST(t0.c0 AS BLOB)))));
SELECT SUM(count) FROM (SELECT ALL (((((((t0.c0) NOTNULL)))>((CAST(t0.c0 AS BLOB))))) IS TRUE)  as count FROM t0);
SELECT ALL COUNT(*) FROM t0 WHERE (((((t0.c0)IS(t0.c0))) BETWEEN ((t0.c0 IN ())) AND (t0.c0)));
SELECT SUM(count) FROM (SELECT ALL ((((((t0.c0)IS(t0.c0))) BETWEEN ((t0.c0 IN ())) AND (t0.c0))) IS TRUE)  as count FROM t0);
SELECT ALL * FROM vt1 WHERE (0.6874658004358907 COLLATE RTRIM) ORDER BY (((vt1.c0 IN ())) NOT BETWEEN ('1321114403') AND (CAST(vt1.c0 AS BLOB))) DESC;
SELECT SUM(count) FROM (SELECT ALL ((0.6874658004358907 COLLATE RTRIM) IS TRUE)  as count FROM vt1 ORDER BY (((vt1.c0 IN ())) NOT BETWEEN ('1321114403') AND (CAST(vt1.c0 AS BLOB))) DESC);
SELECT COUNT(*) FROM t0 WHERE ((- (((((t0.c0)OR(t0.c0)))OR(t0.c0)))));
SELECT SUM(count) FROM (SELECT ALL (((- (((((t0.c0)OR(t0.c0)))OR(t0.c0))))) IS TRUE)  as count FROM t0);
SELECT ALL COUNT(*) FROM t0, vt1 WHERE (CAST(t0.c0 AS REAL) COLLATE RTRIM) ORDER BY CAST(((vt1.c0)=(t0.c0)) AS INTEGER);
SELECT SUM(count) FROM (SELECT ((CAST(t0.c0 AS REAL) COLLATE RTRIM) IS TRUE)  as count FROM t0, vt1 ORDER BY CAST(((vt1.c0)=(t0.c0)) AS INTEGER));
SELECT ALL * FROM vt1 WHERE (vt1.c0) ORDER BY ((NULL) BETWEEN (UNLIKELY(DISTINCT vt1.c0)) AND (((NULL)+(vt1.c0)))), ((((((vt1.c0)) NOT BETWEEN ((vt1.c0)) AND ((vt1.c0)))))<>((((vt1.c0) IS TRUE))))  NULLS FIRST, LIKE(vt1.c0 COLLATE BINARY, CAST(vt1.c0 AS INTEGER));
SELECT SUM(count) FROM (SELECT ALL ((vt1.c0) IS TRUE)  as count FROM vt1 ORDER BY ((NULL) BETWEEN (UNLIKELY(DISTINCT vt1.c0)) AND (((NULL)+(vt1.c0)))), ((((((vt1.c0)) NOT BETWEEN ((vt1.c0)) AND ((vt1.c0)))))<>((((vt1.c0) IS TRUE))))  NULLS FIRST, LIKE(vt1.c0 COLLATE BINARY, CAST(vt1.c0 AS INTEGER)));
SELECT COUNT(*) FROM t0, vt1 WHERE (((((((vt1.c0)*(vt1.c0)))AND(((vt1.c0) BETWEEN (t0.c0) AND (vt1.c0)))))AND(((vt1.c0)IS NOT(vt1.c0))))) ORDER BY CAST(((((vt1.c0)AND(t0.c0)))AND(t0.c0)) AS BLOB) ASC;
SELECT SUM(count) FROM (SELECT ALL ((((((((vt1.c0)*(vt1.c0)))AND(((vt1.c0) BETWEEN (t0.c0) AND (vt1.c0)))))AND(((vt1.c0)IS NOT(vt1.c0))))) IS TRUE)  as count FROM t0, vt1 ORDER BY CAST(((((vt1.c0)AND(t0.c0)))AND(t0.c0)) AS BLOB) ASC);
SELECT * FROM vt1 WHERE (((((((((((vt1.c0)AND(vt1.c0)))AND(vt1.c0)))AND(vt1.c0)))AND(vt1.c0))) NOTNULL)) ORDER BY ((vt1.c0) IS FALSE) COLLATE RTRIM DESC;
SELECT SUM(count) FROM (SELECT ALL ((((((((((((vt1.c0)AND(vt1.c0)))AND(vt1.c0)))AND(vt1.c0)))AND(vt1.c0))) NOTNULL)) IS TRUE)  as count FROM vt1 ORDER BY ((vt1.c0) IS FALSE) COLLATE RTRIM DESC);
SELECT ALL * FROM t0, vt1 WHERE (t0.c0);
SELECT SUM(count) FROM (SELECT ALL ((t0.c0) IS TRUE)  as count FROM t0, vt1);
SELECT ALL COUNT(*) FROM t0, vt1 WHERE ((((~ (vt1.c0))) IS TRUE));
SELECT SUM(count) FROM (SELECT (((((~ (vt1.c0))) IS TRUE)) IS TRUE)  as count FROM t0, vt1);
SELECT COUNT(*) FROM vt1 WHERE ('x7cg4j㊉X}');
SELECT SUM(count) FROM (SELECT (('x7cg4j㊉X}') IS TRUE)  as count FROM vt1);
SELECT * FROM vt1, t0 WHERE (0xffffffffc6b77414) ORDER BY (((vt1.c0, vt1.c0, t0.c0)) BETWEEN (((((vt1.c0, t0.c0, 0.06461106109182257))<((t0.c0, t0.c0, t0.c0))), (((vt1.c0, 0.5879186589396382, vt1.c0)) BETWEEN ((vt1.c0, vt1.c0, vt1.c0)) AND ((vt1.c0, t0.c0, vt1.c0))), (((t0.c0, vt1.c0, x''))<=((t0.c0, t0.c0, t0.c0))))) AND ((LIKELIHOOD(DISTINCT t0.c0, 0.8527783643998622), ((t0.c0)<(x'af3d1b97')), ((t0.c0) IS TRUE))))  NULLS LAST;
SELECT SUM(count) FROM (SELECT ALL ((0Xffffffffc6b77414) IS TRUE)  as count FROM vt1, t0 ORDER BY (((vt1.c0, vt1.c0, t0.c0)) BETWEEN (((((vt1.c0, t0.c0, 0.06461106109182257))<((t0.c0, t0.c0, t0.c0))), (((vt1.c0, 0.5879186589396382, vt1.c0)) BETWEEN ((vt1.c0, vt1.c0, vt1.c0)) AND ((vt1.c0, t0.c0, vt1.c0))), (((t0.c0, vt1.c0, x''))<=((t0.c0, t0.c0, t0.c0))))) AND ((LIKELIHOOD(DISTINCT t0.c0, 0.8527783643998622), ((t0.c0)<(x'af3d1b97')), ((t0.c0) IS TRUE))))  NULLS LAST);
SELECT ALL COUNT(*) FROM vt1, t0 WHERE ((((vt1.c0 IN ()))<=((vt1.c0 IN ())))) ORDER BY CASE (((t0.c0)) BETWEEN ((t0.c0)) AND ((t0.c0)))  WHEN ((t0.c0) IS TRUE) THEN CAST(vt1.c0 AS NUMERIC) WHEN (((t0.c0, t0.c0, t0.c0))<((vt1.c0, t0.c0, t0.c0))) THEN CAST(t0.c0 AS REAL) WHEN TRIM(DISTINCT t0.c0, t0.c0) THEN TRIM(vt1.c0, t0.c0) END ASC  NULLS FIRST;
SELECT SUM(count) FROM (SELECT ALL (((((vt1.c0 IN ()))<=((vt1.c0 IN ())))) IS TRUE)  as count FROM vt1, t0 ORDER BY CASE (((t0.c0)) BETWEEN ((t0.c0)) AND ((t0.c0)))  WHEN ((t0.c0) IS TRUE) THEN CAST(vt1.c0 AS NUMERIC) WHEN (((t0.c0, t0.c0, t0.c0))<((vt1.c0, t0.c0, t0.c0))) THEN CAST(t0.c0 AS REAL) WHEN TRIM(DISTINCT t0.c0, t0.c0) THEN TRIM(vt1.c0, t0.c0) END ASC  NULLS FIRST);
SELECT * FROM vt1, t0 WHERE ((~ (((t0.c0) BETWEEN (vt1.c0) AND (t0.c0)))));
SELECT SUM(count) FROM (SELECT ALL (((~ (((t0.c0) BETWEEN (vt1.c0) AND (t0.c0))))) IS TRUE)  as count FROM vt1, t0);
SELECT * FROM vt1 WHERE ((((vt1.c0) IS FALSE) IN ((NOT (0Xffffffffdff3f1bd)), (((vt1.c0))<=((vt1.c0)))))) ORDER BY ((((CASE NULL  WHEN vt1.c0 THEN vt1.c0 END)OR(vt1.c0 COLLATE RTRIM)))OR(((('-1654548627'))>=((vt1.c0))))) DESC  NULLS LAST;
SELECT SUM(count) FROM (SELECT (((((vt1.c0) IS FALSE) IN ((NOT (0Xffffffffdff3f1bd)), (((vt1.c0))<=((vt1.c0)))))) IS TRUE)  as count FROM vt1 ORDER BY ((((CASE NULL  WHEN vt1.c0 THEN vt1.c0 END)OR(vt1.c0 COLLATE RTRIM)))OR(((('-1654548627'))>=((vt1.c0))))) DESC  NULLS LAST);
SELECT * FROM vt1 CROSS JOIN t0 ON CASE (('')+(vt1.c0))  WHEN vt1.c0 THEN CASE WHEN vt1.c0 THEN x'16c90554' END END WHERE (CAST(t0.c0 AS NUMERIC) COLLATE RTRIM);
SELECT SUM(count) FROM (SELECT ALL ((CAST(t0.c0 AS NUMERIC) COLLATE RTRIM) IS TRUE)  as count FROM vt1 CROSS JOIN t0 ON CASE (('')+(vt1.c0))  WHEN vt1.c0 THEN CASE WHEN vt1.c0 THEN x'16c90554' END END);
SELECT * FROM t0 WHERE (((TYPEOF(t0.c0)) NOTNULL));
SELECT SUM(count) FROM (SELECT ((((TYPEOF(t0.c0)) NOTNULL)) IS TRUE)  as count FROM t0);
SELECT ALL COUNT(*) FROM t0 WHERE (((t0.c0 COLLATE RTRIM)&((t0.c0 IN ())))) ORDER BY (~ (((t0.c0) ISNULL)));
SELECT SUM(count) FROM (SELECT ((((t0.c0 COLLATE RTRIM)&((t0.c0 IN ())))) IS TRUE)  as count FROM t0 ORDER BY (~ (((t0.c0) ISNULL))));
SELECT ALL * FROM vt1, t0 WHERE ((((((vt1.c0, t0.c0, vt1.c0)) BETWEEN ((vt1.c0, t0.c0, vt1.c0)) AND ((t0.c0, t0.c0, t0.c0))))GLOB(1.959597751E9)));
SELECT SUM(count) FROM (SELECT ALL (((((((vt1.c0, t0.c0, vt1.c0)) BETWEEN ((vt1.c0, t0.c0, vt1.c0)) AND ((t0.c0, t0.c0, t0.c0))))GLOB(1.959597751E9))) IS TRUE)  as count FROM vt1, t0);
SELECT COUNT(*) FROM t0 WHERE (t0.c0);
SELECT SUM(count) FROM (SELECT ALL ((t0.c0) IS TRUE)  as count FROM t0);
SELECT ALL * FROM vt1 CROSS JOIN t0 ON ((((((t0.c0)AND(t0.c0)))AND('N~')))<>(((vt1.c0)IS(vt1.c0)))) WHERE (t0.c0 COLLATE NOCASE);
SELECT SUM(count) FROM (SELECT ALL ((t0.c0 COLLATE NOCASE) IS TRUE)  as count FROM vt1 CROSS JOIN t0 ON ((((((t0.c0)AND(t0.c0)))AND('N~')))!=(((vt1.c0)IS(vt1.c0)))));
SELECT ALL * FROM t0 WHERE ((((t0.c0)) BETWEEN ((t0.c0)) AND ((t0.c0))) COLLATE NOCASE COLLATE RTRIM) ORDER BY CASE WHEN t0.c0 COLLATE BINARY THEN (t0.c0 IN ()) ELSE t0.c0 COLLATE BINARY END  NULLS LAST, t0.c0, ('' IN ());
SELECT SUM(count) FROM (SELECT (((((t0.c0)) BETWEEN ((t0.c0)) AND ((t0.c0))) COLLATE NOCASE COLLATE RTRIM) IS TRUE)  as count FROM t0 ORDER BY CASE WHEN t0.c0 COLLATE BINARY THEN (t0.c0 IN ()) ELSE t0.c0 COLLATE BINARY END  NULLS LAST, t0.c0, ('' IN ()));
SELECT ALL COUNT(*) FROM vt1 INDEXED BY i23 WHERE (((((1951075553)<(vt1.c0)))<((x'' IN ()))));
SELECT SUM(count) FROM (SELECT ALL ((((((1951075553)<(vt1.c0)))<((x'' IN ())))) IS TRUE)  as count FROM vt1 INDEXED BY i23);
SELECT ALL * FROM vt1 WHERE (((((('1759963325'))<=((vt1.c0))))<(0X4fee58f3))) ORDER BY ((0.93561037812854) NOT NULL) COLLATE BINARY DESC, ((((((((vt1.c0)AND(vt1.c0)))AND('1e500')))OR(((((vt1.c0)OR(NULL)))OR(vt1.c0)))))OR(((vt1.c0)>(vt1.c0)))) ASC  NULLS LAST;
SELECT SUM(count) FROM (SELECT ((((((('1759963325'))<=((vt1.c0))))<(0X4fee58f3))) IS TRUE)  as count FROM vt1 ORDER BY ((0.93561037812854) NOT NULL) COLLATE BINARY DESC, ((((((((vt1.c0)AND(vt1.c0)))AND('1e500')))OR(((((vt1.c0)OR(NULL)))OR(vt1.c0)))))OR(((vt1.c0)>(vt1.c0)))) ASC  NULLS LAST);
SELECT ALL * FROM t0 WHERE (CAST(((t0.c0)!=(t0.c0)) AS TEXT)) ORDER BY CASE ((t0.c0) ISNULL)  WHEN '4y' THEN CASE t0.c0  WHEN t0.c0 THEN t0.c0 END ELSE TYPEOF(t0.c0) END ASC, LIKELY(((t0.c0)<(t0.c0)))  NULLS LAST;
SELECT SUM(count) FROM (SELECT ALL ((CAST(((t0.c0)!=(t0.c0)) AS TEXT)) IS TRUE)  as count FROM t0 ORDER BY CASE ((t0.c0) ISNULL)  WHEN '4y' THEN CASE t0.c0  WHEN t0.c0 THEN t0.c0 END ELSE TYPEOF(t0.c0) END ASC, LIKELY(((t0.c0)<(t0.c0)))  NULLS LAST);
SELECT ALL * FROM t0 WHERE (t0.c0) ORDER BY ((((((t0.c0)&(t0.c0)))OR(((x'')<(t0.c0)))))AND((+ (t0.c0))))  NULLS LAST;
SELECT SUM(count) FROM (SELECT ALL ((t0.c0) IS TRUE)  as count FROM t0 ORDER BY ((((((t0.c0)&(t0.c0)))OR(((x'')<(t0.c0)))))AND((+ (t0.c0))))  NULLS LAST);
SELECT ALL * FROM t0, vt1 WHERE (((((vt1.c0)OR(vt1.c0))) ISNULL));
SELECT SUM(count) FROM (SELECT ALL ((((((vt1.c0)OR(vt1.c0))) ISNULL)) IS TRUE)  as count FROM t0, vt1);
SELECT ALL * FROM t0 RIGHT OUTER JOIN vt1 ON CASE CASE t0.c0  WHEN vt1.c0 THEN t0.c0 END  WHEN '&ur_ᨦ.㡞' THEN CAST(t0.c0 AS BLOB) WHEN NULL THEN ((((((((vt1.c0)OR(t0.c0)))OR('1035456869')))AND('0.4554327592951475')))AND(t0.c0)) WHEN ((vt1.c0) IS FALSE) THEN ((t0.c0)AND(t0.c0)) WHEN ((0.05035792598448807) ISNULL) THEN (((vt1.c0, vt1.c0, vt1.c0))>=((vt1.c0, t0.c0, t0.c0))) WHEN LIKELIHOOD(DISTINCT vt1.c0, 0.9696401700917757) THEN (- (vt1.c0)) END WHERE (x'5ef6') ORDER BY ((((((((((t0.c0)<=(x'03e9')))AND((vt1.c0 IN ()))))AND(((vt1.c0)+(t0.c0)))))AND(json_valid(vt1.c0))))OR((NOT (vt1.c0))))  NULLS LAST, (NOT ((vt1.c0 IN (t0.c0))))  NULLS FIRST;
SELECT SUM(count) FROM (SELECT ALL ((x'5ef6') IS TRUE)  as count FROM t0 RIGHT OUTER JOIN vt1 ON CASE CASE t0.c0  WHEN vt1.c0 THEN t0.c0 END  WHEN '&ur_ᨦ.㡞' THEN CAST(t0.c0 AS BLOB) WHEN NULL THEN ((((((((vt1.c0)OR(t0.c0)))OR('1035456869')))AND('0.4554327592951475')))AND(t0.c0)) WHEN ((vt1.c0) IS FALSE) THEN ((t0.c0)AND(t0.c0)) WHEN ((0.05035792598448807) ISNULL) THEN (((vt1.c0, vt1.c0, vt1.c0))>=((vt1.c0, t0.c0, t0.c0))) WHEN LIKELIHOOD(DISTINCT vt1.c0, 0.9696401700917757) THEN (- (vt1.c0)) END ORDER BY ((((((((((t0.c0)<=(x'03e9')))AND((vt1.c0 IN ()))))AND(((vt1.c0)+(t0.c0)))))AND(json_valid(vt1.c0))))OR((NOT (vt1.c0))))  NULLS LAST, (NOT ((vt1.c0 IN (t0.c0))))  NULLS FIRST);
SELECT COUNT(*) FROM vt1 WHERE ((((vt1.c0 IN (vt1.c0))) IS FALSE));
SELECT SUM(count) FROM (SELECT ALL (((((vt1.c0 IN (vt1.c0))) IS FALSE)) IS TRUE)  as count FROM vt1);
SELECT * FROM t0 WHERE (((((t0.c0) IS FALSE))>=(t0.c0))) ORDER BY ((NOT (t0.c0)) IN ()) ASC;
SELECT SUM(count) FROM (SELECT ALL ((((((t0.c0) IS FALSE))>=(t0.c0))) IS TRUE)  as count FROM t0 ORDER BY ((NOT (t0.c0)) IN ()) ASC);
SELECT COUNT(*) FROM vt1 LEFT OUTER JOIN t0 ON t0.c0 WHERE ((- ('-1922671011')));
SELECT SUM(count) FROM (SELECT (((- ('-1922671011'))) IS TRUE)  as count FROM vt1 LEFT OUTER JOIN t0 ON t0.c0);
SELECT * FROM vt1 WHERE (((((((NULL)AND(vt1.c0)))OR(vt1.c0))) IS TRUE));
SELECT SUM(count) FROM (SELECT ALL ((((((((NULL)AND(vt1.c0)))OR(vt1.c0))) IS TRUE)) IS TRUE)  as count FROM vt1);
SELECT ALL COUNT(*) FROM vt1, t0 WHERE (CAST((NULL IN ()) AS INTEGER));
SELECT SUM(count) FROM (SELECT ((CAST((NULL IN ()) AS INTEGER)) IS TRUE)  as count FROM vt1, t0);
SELECT * FROM vt1 WHERE (vt1.c0);
SELECT SUM(count) FROM (SELECT ((vt1.c0) IS TRUE)  as count FROM vt1);
SELECT ALL COUNT(*) FROM vt1 WHERE (CAST((((vt1.c0)) BETWEEN ((vt1.c0)) AND ((vt1.c0))) AS NUMERIC));
SELECT SUM(count) FROM (SELECT ((CAST((((vt1.c0)) BETWEEN ((vt1.c0)) AND ((vt1.c0))) AS NUMERIC)) IS TRUE)  as count FROM vt1);
SELECT * FROM t0 WHERE (-1.676579997E9 COLLATE NOCASE);
SELECT SUM(count) FROM (SELECT ((-1.676579997E9 COLLATE NOCASE) IS TRUE)  as count FROM t0);
SELECT ALL COUNT(*) FROM t0 WHERE (((((t0.c0)IS NOT(t0.c0))) BETWEEN (((t0.c0)IS(t0.c0))) AND (CAST(t0.c0 AS BLOB))));
SELECT SUM(count) FROM (SELECT ((((((t0.c0)IS NOT(t0.c0))) BETWEEN (((t0.c0)IS(t0.c0))) AND (CAST(t0.c0 AS BLOB)))) IS TRUE)  as count FROM t0);
SELECT ALL * FROM t0 WHERE ((((t0.c0)<=(t0.c0)) IN ())) ORDER BY CASE ((t0.c0) BETWEEN (t0.c0) AND (t0.c0))  WHEN CASE '-0.0'  WHEN NULL THEN t0.c0 END THEN CAST(t0.c0 AS NUMERIC) END DESC;
SELECT SUM(count) FROM (SELECT ALL (((((t0.c0)<=(t0.c0)) IN ())) IS TRUE)  as count FROM t0 ORDER BY CASE ((t0.c0) BETWEEN (t0.c0) AND (t0.c0))  WHEN CASE '-0.0'  WHEN NULL THEN t0.c0 END THEN CAST(t0.c0 AS NUMERIC) END DESC);
SELECT ALL * FROM t0, vt1 WHERE ((- (((((t0.c0)OR(t0.c0)))AND(t0.c0))))) ORDER BY (- ((t0.c0 IN ())));
SELECT SUM(count) FROM (SELECT ALL (((- (((((t0.c0)OR(t0.c0)))AND(t0.c0))))) IS TRUE)  as count FROM t0, vt1 ORDER BY (- ((t0.c0 IN ()))));
SELECT ALL COUNT(*) FROM vt1 WHERE (NULLIF(CHANGES(), vt1.c0 COLLATE NOCASE));
SELECT SUM(count) FROM (SELECT ALL ((NULLIF(CHANGES(), vt1.c0 COLLATE NOCASE)) IS TRUE)  as count FROM vt1);
SELECT * FROM t0 WHERE (((((((0.010313072789193023)-(t0.c0)))OR(((((((((x'')AND(t0.c0)))OR(t0.c0)))OR(t0.c0)))OR(t0.c0)))))OR(ABS(t0.c0)))) ORDER BY (NOT ((t0.c0 IN ())))  NULLS LAST;
SELECT SUM(count) FROM (SELECT ALL ((((((((0.010313072789193023)-(t0.c0)))OR(((((((((x'')AND(t0.c0)))OR(t0.c0)))OR(t0.c0)))OR(t0.c0)))))OR(ABS(t0.c0)))) IS TRUE)  as count FROM t0 ORDER BY (NOT ((t0.c0 IN ())))  NULLS LAST);
SELECT ALL * FROM t0 WHERE (((((t0.c0) NOT BETWEEN (t0.c0) AND (t0.c0)))-(t0.c0 COLLATE RTRIM)));
SELECT SUM(count) FROM (SELECT ((((((t0.c0) NOT BETWEEN (t0.c0) AND (t0.c0)))-(t0.c0 COLLATE RTRIM))) IS TRUE)  as count FROM t0);
SELECT * FROM vt1 WHERE (vt1.c0 COLLATE BINARY) ORDER BY ((CAST(vt1.c0 AS NUMERIC))GLOB(((vt1.c0)==(vt1.c0))));
SELECT SUM(count) FROM (SELECT ((vt1.c0 COLLATE BINARY) IS TRUE)  as count FROM vt1 ORDER BY ((CAST(vt1.c0 AS NUMERIC))GLOB(((vt1.c0)=(vt1.c0)))));
SELECT * FROM t0, vt1 WHERE (CASE t0.c0  WHEN t0.c0 THEN vt1.c0 ELSE vt1.c0 END COLLATE RTRIM COLLATE RTRIM);
SELECT SUM(count) FROM (SELECT ALL ((CASE t0.c0  WHEN t0.c0 THEN vt1.c0 ELSE vt1.c0 END COLLATE RTRIM COLLATE RTRIM) IS TRUE)  as count FROM t0, vt1);
SELECT ALL COUNT(*) FROM vt1, t0 WHERE ((((CASE WHEN vt1.c0 THEN t0.c0 ELSE t0.c0 END))<>(((+ (vt1.c0))))));
SELECT SUM(count) FROM (SELECT (((((CASE WHEN vt1.c0 THEN t0.c0 ELSE t0.c0 END))!=(((+ (vt1.c0)))))) IS TRUE)  as count FROM vt1, t0);
SELECT COUNT(*) FROM t0 WHERE ((((+ (t0.c0)))/(CASE WHEN t0.c0 THEN t0.c0 ELSE t0.c0 END)));
SELECT SUM(count) FROM (SELECT (((((+ (t0.c0)))/(CASE WHEN t0.c0 THEN t0.c0 ELSE t0.c0 END))) IS TRUE)  as count FROM t0);
SELECT COUNT(*) FROM t0, vt1 WHERE ((((((t0.c0)LIKE(t0.c0)), (((0.9082513568154772))<>((vt1.c0))), CHAR(t0.c0)))<=(('oz', t0.c0, CAST(t0.c0 AS REAL)))));
SELECT SUM(count) FROM (SELECT ALL (((((((t0.c0)LIKE(t0.c0)), (((0.9082513568154772))<>((vt1.c0))), CHAR(t0.c0)))<=(('oz', t0.c0, CAST(t0.c0 AS REAL))))) IS TRUE)  as count FROM t0, vt1);
SELECT ALL * FROM vt1 WHERE ((('') NOT BETWEEN (((vt1.c0)<<(vt1.c0))) AND ((vt1.c0 IN ())))) ORDER BY (((vt1.c0) BETWEEN (vt1.c0) AND (vt1.c0)) IN (vt1.c0 COLLATE BINARY)) ASC  NULLS FIRST;
SELECT SUM(count) FROM (SELECT (((('') NOT BETWEEN (((vt1.c0)<<(vt1.c0))) AND ((vt1.c0 IN ())))) IS TRUE)  as count FROM vt1 ORDER BY (((vt1.c0) BETWEEN (vt1.c0) AND (vt1.c0)) IN (vt1.c0 COLLATE BINARY)) ASC  NULLS FIRST);
SELECT ALL * FROM t0 WHERE (((((t0.c0) BETWEEN (t0.c0) AND (t0.c0))) BETWEEN ((NULL IN ())) AND (CASE t0.c0  WHEN t0.c0 THEN t0.c0 END)));
SELECT SUM(count) FROM (SELECT ALL ((((((t0.c0) BETWEEN (t0.c0) AND (t0.c0))) BETWEEN ((NULL IN ())) AND (CASE t0.c0  WHEN t0.c0 THEN t0.c0 END))) IS TRUE)  as count FROM t0);
SELECT ALL * FROM t0 WHERE (((((((((((t0.c0) IS TRUE))AND(((t0.c0) BETWEEN (0Xffffffff9393bfee) AND (t0.c0)))))AND(((t0.c0)OR(t0.c0)))))AND(LOWER(DISTINCT t0.c0))))OR((+ (t0.c0)))));
SELECT SUM(count) FROM (SELECT ((((((((((((t0.c0) IS TRUE))AND(((t0.c0) BETWEEN (0xffffffff9393bfee) AND (t0.c0)))))AND(((t0.c0)OR(t0.c0)))))AND(LOWER(DISTINCT t0.c0))))OR((+ (t0.c0))))) IS TRUE)  as count FROM t0);
SELECT COUNT(*) FROM t0 WHERE (t0.c0);
SELECT SUM(count) FROM (SELECT ALL ((t0.c0) IS TRUE)  as count FROM t0);
SELECT * FROM t0 WHERE (((((NULL) BETWEEN (t0.c0) AND (t0.c0))) NOT BETWEEN ((~ (t0.c0))) AND ((((t0.c0))<=((t0.c0)))))) ORDER BY (((NULL) NOT BETWEEN (t0.c0) AND (t0.c0)) IN ()) ASC  NULLS LAST;
SELECT SUM(count) FROM (SELECT ALL ((((((NULL) BETWEEN (t0.c0) AND (t0.c0))) NOT BETWEEN ((~ (t0.c0))) AND ((((t0.c0))<=((t0.c0)))))) IS TRUE)  as count FROM t0 ORDER BY (((NULL) NOT BETWEEN (t0.c0) AND (t0.c0)) IN ()) ASC  NULLS LAST);
SELECT ALL COUNT(*) FROM t0 CROSS JOIN vt1 ON 0.371082200634807 WHERE (CASE ((0X77d7dbc0)/(t0.c0))  WHEN ((vt1.c0) NOT BETWEEN (vt1.c0) AND (t0.c0)) THEN ((((t0.c0)AND(vt1.c0)))OR(t0.c0)) ELSE ((t0.c0)%(t0.c0)) END) ORDER BY CASE t0.c0  WHEN t0.c0 THEN t0.c0 END COLLATE NOCASE;
SELECT SUM(count) FROM (SELECT ALL ((CASE ((0X77d7dbc0)/(t0.c0))  WHEN ((vt1.c0) NOT BETWEEN (vt1.c0) AND (t0.c0)) THEN ((((t0.c0)AND(vt1.c0)))OR(t0.c0)) ELSE ((t0.c0)%(t0.c0)) END) IS TRUE)  as count FROM t0 CROSS JOIN vt1 ON 0.371082200634807 ORDER BY CASE t0.c0  WHEN t0.c0 THEN t0.c0 END COLLATE NOCASE);
SELECT ALL * FROM vt1 WHERE (2.116704423E9) ORDER BY (x'6eac' IN ()), ((CASE vt1.c0  WHEN vt1.c0 THEN vt1.c0 END)|(((vt1.c0) NOT BETWEEN (vt1.c0) AND (vt1.c0)))) DESC;
SELECT SUM(count) FROM (SELECT ALL ((2.116704423E9) IS TRUE)  as count FROM vt1 ORDER BY (x'6eac' IN ()), ((CASE vt1.c0  WHEN vt1.c0 THEN vt1.c0 END)|(((vt1.c0) NOT BETWEEN (vt1.c0) AND (vt1.c0)))) DESC);
SELECT ALL * FROM t0, vt1 WHERE (SQLITE_SOURCE_ID()) ORDER BY (((vt1.c0)) NOT BETWEEN (((vt1.c0 IN (t0.c0, vt1.c0)))) AND ((ABS(DISTINCT t0.c0))))  NULLS FIRST;
SELECT SUM(count) FROM (SELECT ((SQLITE_SOURCE_ID()) IS TRUE)  as count FROM t0, vt1 ORDER BY (((vt1.c0)) NOT BETWEEN (((vt1.c0 IN (t0.c0, vt1.c0)))) AND ((ABS(DISTINCT t0.c0))))  NULLS FIRST);
SELECT ALL * FROM vt1 WHERE ((((vt1.c0)IS(NULL)) IN ((((vt1.c0))>=((vt1.c0))), ((vt1.c0)>>(vt1.c0)))));
SELECT SUM(count) FROM (SELECT ALL (((((vt1.c0)IS(NULL)) IN ((((vt1.c0))>=((vt1.c0))), ((vt1.c0)>>(vt1.c0))))) IS TRUE)  as count FROM vt1);
SELECT * FROM vt1 WHERE (((vt1.c0) NOTNULL) COLLATE BINARY) ORDER BY x'' DESC  NULLS LAST;
SELECT SUM(count) FROM (SELECT ((((vt1.c0) NOTNULL) COLLATE BINARY) IS TRUE)  as count FROM vt1 ORDER BY x'' DESC  NULLS LAST);
SELECT ALL COUNT(*) FROM vt1, t0 WHERE ('-1676579997');
SELECT SUM(count) FROM (SELECT (('-1676579997') IS TRUE)  as count FROM vt1, t0);
SELECT ALL * FROM t0 WHERE (CAST(json_extract(t0.c0, '1619897092') AS NUMERIC)) ORDER BY '1318929959' ASC  NULLS FIRST, t0.c0  NULLS LAST;
SELECT SUM(count) FROM (SELECT ((CAST(json_extract(t0.c0, '1619897092') AS NUMERIC)) IS TRUE)  as count FROM t0 ORDER BY '1318929959' ASC  NULLS FIRST, t0.c0  NULLS LAST);
SELECT COUNT(*) FROM t0, vt1 WHERE ((((t0.c0)) BETWEEN ((((t0.c0)&(vt1.c0)))) AND ((((vt1.c0) IS TRUE)))));
SELECT SUM(count) FROM (SELECT (((((t0.c0)) BETWEEN ((((t0.c0)&(vt1.c0)))) AND ((((vt1.c0) IS TRUE))))) IS TRUE)  as count FROM t0, vt1);
SELECT COUNT(*) FROM t0 WHERE ((~ ((((t0.c0, t0.c0, t0.c0)) BETWEEN ((t0.c0, t0.c0, t0.c0)) AND ((t0.c0, NULL, t0.c0))))));
SELECT SUM(count) FROM (SELECT ALL (((~ ((((t0.c0, t0.c0, t0.c0)) BETWEEN ((t0.c0, t0.c0, t0.c0)) AND ((t0.c0, NULL, t0.c0)))))) IS TRUE)  as count FROM t0);
SELECT COUNT(*) FROM t0, vt1 WHERE (t0.c0);
SELECT SUM(count) FROM (SELECT ((t0.c0) IS TRUE)  as count FROM t0, vt1);
SELECT COUNT(*) FROM t0, vt1 WHERE (((((('-330177651')) BETWEEN ((t0.c0)) AND ((t0.c0)))) NOT BETWEEN (((t0.c0)%('-1094530169'))) AND ((t0.c0 IN (t0.c0)))));
SELECT SUM(count) FROM (SELECT ((((((('-330177651')) BETWEEN ((t0.c0)) AND ((t0.c0)))) NOT BETWEEN (((t0.c0)%('-1094530169'))) AND ((t0.c0 IN (t0.c0))))) IS TRUE)  as count FROM t0, vt1);
SELECT * FROM t0 WHERE ((((t0.c0 IN ())) NOT NULL)) ORDER BY (((('-1953187964' COLLATE RTRIM)AND((t0.c0 IN (t0.c0)))))AND((((t0.c0)) BETWEEN ((t0.c0)) AND ((0.34291880665023655)))));
SELECT SUM(count) FROM (SELECT (((((t0.c0 IN ())) NOT NULL)) IS TRUE)  as count FROM t0 ORDER BY (((('-1953187964' COLLATE RTRIM)AND((t0.c0 IN (t0.c0)))))AND((((t0.c0)) BETWEEN ((t0.c0)) AND ((0.34291880665023655))))));
SELECT ALL COUNT(*) FROM t0 WHERE (((CAST(t0.c0 AS INTEGER)) NOTNULL)) ORDER BY ((((((((((t0.c0)AND(t0.c0)))OR(t0.c0)))AND(t0.c0)))AND(t0.c0)))||(((t0.c0)<(t0.c0))))  NULLS LAST;
SELECT SUM(count) FROM (SELECT ALL ((((CAST(t0.c0 AS INTEGER)) NOTNULL)) IS TRUE)  as count FROM t0 ORDER BY ((((((((((t0.c0)AND(t0.c0)))OR(t0.c0)))AND(t0.c0)))AND(t0.c0)))||(((t0.c0)<(t0.c0))))  NULLS LAST);
SELECT ALL * FROM vt1 WHERE (UPPER(DISTINCT ((vt1.c0) IS FALSE))) ORDER BY (((vt1.c0 IN (vt1.c0))) NOT BETWEEN (-1676579997) AND ((((vt1.c0)) BETWEEN ((vt1.c0)) AND ((vt1.c0))))) ASC  NULLS FIRST;
SELECT SUM(count) FROM (SELECT ALL ((UPPER(DISTINCT ((vt1.c0) IS FALSE))) IS TRUE)  as count FROM vt1 ORDER BY (((vt1.c0 IN (vt1.c0))) NOT BETWEEN (-1676579997) AND ((((vt1.c0)) BETWEEN ((vt1.c0)) AND ((vt1.c0))))) ASC  NULLS FIRST);
SELECT ALL COUNT(*) FROM t0 WHERE (CAST(((((t0.c0)AND(t0.c0)))OR(t0.c0)) AS BLOB)) ORDER BY ((IFNULL(t0.c0, t0.c0))>(CASE t0.c0  WHEN t0.c0 THEN t0.c0 END)) ASC  NULLS LAST;
SELECT SUM(count) FROM (SELECT ALL ((CAST(((((t0.c0)AND(t0.c0)))OR(t0.c0)) AS BLOB)) IS TRUE)  as count FROM t0 ORDER BY ((IFNULL(t0.c0, t0.c0))>(CASE t0.c0  WHEN t0.c0 THEN t0.c0 END)) ASC  NULLS LAST);
SELECT ALL COUNT(*) FROM vt1 WHERE ((((((((vt1.c0)) NOT BETWEEN ((vt1.c0)) AND ((vt1.c0))))OR((vt1.c0 IN ()))))AND(vt1.c0))) ORDER BY CASE WHEN CASE vt1.c0  WHEN vt1.c0 THEN vt1.c0 ELSE vt1.c0 END THEN (NOT (vt1.c0)) END ASC;
SELECT SUM(count) FROM (SELECT ALL (((((((((vt1.c0)) NOT BETWEEN ((vt1.c0)) AND ((vt1.c0))))OR((vt1.c0 IN ()))))AND(vt1.c0))) IS TRUE)  as count FROM vt1 ORDER BY CASE WHEN CASE vt1.c0  WHEN vt1.c0 THEN vt1.c0 ELSE vt1.c0 END THEN (NOT (vt1.c0)) END ASC);
SELECT COUNT(*) FROM t0, vt1 WHERE ((((((t0.c0) ISNULL)))<=((0.4524675904766343))));
SELECT SUM(count) FROM (SELECT ALL (((((((t0.c0) ISNULL)))<=((0.4524675904766343)))) IS TRUE)  as count FROM t0, vt1);
SELECT ALL * FROM vt1, t0 WHERE ((('yu8I') NOT NULL) COLLATE BINARY);
SELECT SUM(count) FROM (SELECT ALL (((('yu8I') NOT NULL) COLLATE BINARY) IS TRUE)  as count FROM vt1, t0);
SELECT ALL COUNT(*) FROM vt1 FULL OUTER JOIN t0 ON ((((vt1.c0)>(t0.c0))) BETWEEN ((((vt1.c0, vt1.c0, vt1.c0)) NOT BETWEEN ((vt1.c0, t0.c0, vt1.c0)) AND ((vt1.c0, t0.c0, vt1.c0)))) AND (NULL)) WHERE (CASE WHEN (((vt1.c0))>=((x''))) THEN ((vt1.c0)OR(vt1.c0)) ELSE json_insert(t0.c0, t0.c0, t0.c0) END);
SELECT SUM(count) FROM (SELECT ((CASE WHEN (((vt1.c0))>=((x''))) THEN ((vt1.c0)OR(vt1.c0)) ELSE json_insert(t0.c0, t0.c0, t0.c0) END) IS TRUE)  as count FROM vt1 FULL OUTER JOIN t0 ON ((((vt1.c0)>(t0.c0))) BETWEEN ((((vt1.c0, vt1.c0, vt1.c0)) NOT BETWEEN ((vt1.c0, t0.c0, vt1.c0)) AND ((vt1.c0, t0.c0, vt1.c0)))) AND (NULL)));
SELECT ALL * FROM t0 RIGHT OUTER JOIN vt1 ON SQLITE_VERSION() WHERE (LOWER(DISTINCT ((((((((vt1.c0)OR(vt1.c0)))AND(vt1.c0)))AND(vt1.c0)))OR(vt1.c0))));
SELECT SUM(count) FROM (SELECT ALL ((LOWER(DISTINCT ((((((((vt1.c0)OR(vt1.c0)))AND(vt1.c0)))AND(vt1.c0)))OR(vt1.c0)))) IS TRUE)  as count FROM t0 RIGHT OUTER JOIN vt1 ON SQLITE_VERSION());
SELECT ALL COUNT(*) FROM t0, vt1 WHERE (NULL COLLATE RTRIM) ORDER BY x'' ASC, ((((((t0.c0)IS(vt1.c0)))OR('')))AND((vt1.c0 IN ())));
SELECT SUM(count) FROM (SELECT ((NULL COLLATE RTRIM) IS TRUE)  as count FROM t0, vt1 ORDER BY x'' ASC, ((((((t0.c0)IS(vt1.c0)))OR('')))AND((vt1.c0 IN ()))));
SELECT * FROM vt1 WHERE ((((vt1.c0)) BETWEEN (((+ (vt1.c0)))) AND ((((vt1.c0) IS TRUE))))) ORDER BY CAST((((vt1.c0, vt1.c0, vt1.c0))<>((vt1.c0, vt1.c0, vt1.c0))) AS NUMERIC);
SELECT SUM(count) FROM (SELECT (((((vt1.c0)) BETWEEN (((+ (vt1.c0)))) AND ((((vt1.c0) IS TRUE))))) IS TRUE)  as count FROM vt1 ORDER BY CAST((((vt1.c0, vt1.c0, vt1.c0))!=((vt1.c0, vt1.c0, vt1.c0))) AS NUMERIC));
SELECT COUNT(*) FROM vt1, t0 WHERE (NULL COLLATE BINARY);
SELECT SUM(count) FROM (SELECT ((NULL COLLATE BINARY) IS TRUE)  as count FROM vt1, t0);
SELECT COUNT(*) FROM vt1 WHERE (UPPER(vt1.c0) COLLATE NOCASE) ORDER BY ((x'') BETWEEN (CASE vt1.c0  WHEN vt1.c0 THEN vt1.c0 WHEN '&hY0쀏A' THEN vt1.c0 WHEN vt1.c0 THEN vt1.c0 END) AND (CAST(x'9857' AS INTEGER))) DESC;
SELECT SUM(count) FROM (SELECT ALL ((UPPER(vt1.c0) COLLATE NOCASE) IS TRUE)  as count FROM vt1 ORDER BY ((x'') BETWEEN (CASE vt1.c0  WHEN vt1.c0 THEN vt1.c0 WHEN '&hY0쀏A' THEN vt1.c0 WHEN vt1.c0 THEN vt1.c0 END) AND (CAST(x'9857' AS INTEGER))) DESC);
SELECT ALL * FROM vt1, t0 WHERE (load_extension(((((t0.c0)AND(vt1.c0)))OR(0xffffffffb2b288f4)), t0.c0 COLLATE RTRIM)) ORDER BY (((x'')GLOB(t0.c0)) IN ())  NULLS LAST, ((x'6ac3')+((+ (vt1.c0)))) DESC  NULLS LAST;
SELECT SUM(count) FROM (SELECT ((load_extension(((((t0.c0)AND(vt1.c0)))OR(0xffffffffb2b288f4)), t0.c0 COLLATE RTRIM)) IS TRUE)  as count FROM vt1, t0 ORDER BY (((x'')GLOB(t0.c0)) IN ())  NULLS LAST, ((x'6ac3')+((+ (vt1.c0)))) DESC  NULLS LAST);
SELECT * FROM t0, vt1 WHERE ((((t0.c0, t0.c0, vt1.c0)) NOT BETWEEN ((((t0.c0)<(t0.c0)), ((((t0.c0)AND(vt1.c0)))OR(t0.c0)), ((vt1.c0) IS FALSE))) AND ((CASE vt1.c0  WHEN vt1.c0 THEN t0.c0 WHEN t0.c0 THEN t0.c0 WHEN t0.c0 THEN vt1.c0 ELSE t0.c0 END, TYPEOF(DISTINCT t0.c0), x'')))) ORDER BY TIME(((((t0.c0)OR(t0.c0)))OR(t0.c0)), CAST(t0.c0 AS TEXT), (~ (t0.c0)))  NULLS FIRST, CAST((+ (vt1.c0)) AS INTEGER) DESC, (((((vt1.c0)OR(t0.c0)))AND(vt1.c0)) IN ());
SELECT SUM(count) FROM (SELECT (((((t0.c0, t0.c0, vt1.c0)) NOT BETWEEN ((((t0.c0)<(t0.c0)), ((((t0.c0)AND(vt1.c0)))OR(t0.c0)), ((vt1.c0) IS FALSE))) AND ((CASE vt1.c0  WHEN vt1.c0 THEN t0.c0 WHEN t0.c0 THEN t0.c0 WHEN t0.c0 THEN vt1.c0 ELSE t0.c0 END, TYPEOF(DISTINCT t0.c0), x'')))) IS TRUE)  as count FROM t0, vt1 ORDER BY TIME(((((t0.c0)OR(t0.c0)))OR(t0.c0)), CAST(t0.c0 AS TEXT), (~ (t0.c0)))  NULLS FIRST, CAST((+ (vt1.c0)) AS INTEGER) DESC, (((((vt1.c0)OR(t0.c0)))AND(vt1.c0)) IN ()));
SELECT COUNT(*) FROM t0 NATURAL JOIN vt1 WHERE (((((((((CASE t0.c0  WHEN vt1.c0 THEN vt1.c0 WHEN vt1.c0 THEN vt1.c0 WHEN t0.c0 THEN t0.c0 ELSE vt1.c0 END)AND(((vt1.c0) BETWEEN (t0.c0) AND (vt1.c0)))))AND((vt1.c0 IN ()))))AND(t0.c0 COLLATE BINARY)))AND((((vt1.c0))<((t0.c0))))));
SELECT SUM(count) FROM (SELECT ALL ((((((((((CASE t0.c0  WHEN vt1.c0 THEN vt1.c0 WHEN vt1.c0 THEN vt1.c0 WHEN t0.c0 THEN t0.c0 ELSE vt1.c0 END)AND(((vt1.c0) BETWEEN (t0.c0) AND (vt1.c0)))))AND((vt1.c0 IN ()))))AND(t0.c0 COLLATE BINARY)))AND((((vt1.c0))<((t0.c0)))))) IS TRUE)  as count FROM t0 NATURAL JOIN vt1);
SELECT ALL COUNT(*) FROM t0 WHERE ((~ (CAST('1795002152' AS TEXT))));
SELECT SUM(count) FROM (SELECT (((~ (CAST('1795002152' AS TEXT)))) IS TRUE)  as count FROM t0);
SELECT ALL * FROM vt1 WHERE (CAST(CAST(vt1.c0 AS BLOB) AS BLOB));
SELECT SUM(count) FROM (SELECT ((CAST(CAST(vt1.c0 AS BLOB) AS BLOB)) IS TRUE)  as count FROM vt1);
SELECT ALL COUNT(*) FROM vt1, t0 WHERE (((CASE WHEN vt1.c0 THEN vt1.c0 END)LIKE(((vt1.c0)<(vt1.c0)))));
SELECT SUM(count) FROM (SELECT ALL ((((CASE WHEN vt1.c0 THEN vt1.c0 END)LIKE(((vt1.c0)<(vt1.c0))))) IS TRUE)  as count FROM vt1, t0);
SELECT ALL COUNT(*) FROM vt1 WHERE (CASE ((((vt1.c0)OR(vt1.c0)))OR(vt1.c0))  WHEN CASE WHEN vt1.c0 THEN vt1.c0 END THEN HEX(DISTINCT vt1.c0) WHEN ((vt1.c0) BETWEEN (vt1.c0) AND (vt1.c0)) THEN ((vt1.c0)AND(vt1.c0)) WHEN CASE vt1.c0  WHEN NULL THEN vt1.c0 END THEN CAST(vt1.c0 AS BLOB) ELSE CAST(vt1.c0 AS INTEGER) END) ORDER BY vt1.c0 ASC;
SELECT SUM(count) FROM (SELECT ALL ((CASE ((((vt1.c0)OR(vt1.c0)))OR(vt1.c0))  WHEN CASE WHEN vt1.c0 THEN vt1.c0 END THEN HEX(DISTINCT vt1.c0) WHEN ((vt1.c0) BETWEEN (vt1.c0) AND (vt1.c0)) THEN ((vt1.c0)AND(vt1.c0)) WHEN CASE vt1.c0  WHEN NULL THEN vt1.c0 END THEN CAST(vt1.c0 AS BLOB) ELSE CAST(vt1.c0 AS INTEGER) END) IS TRUE)  as count FROM vt1 ORDER BY vt1.c0 ASC);
SELECT COUNT(*) FROM vt1 INNER JOIN t0 ON NULLIF(((((((((t0.c0)AND(vt1.c0)))OR(t0.c0)))AND(t0.c0)))OR(vt1.c0)), (NULL IN ())) WHERE (((((((vt1.c0)OR(vt1.c0)))OR(vt1.c0))) IS TRUE));
SELECT SUM(count) FROM (SELECT ((((((((vt1.c0)OR(vt1.c0)))OR(vt1.c0))) IS TRUE)) IS TRUE)  as count FROM vt1 INNER JOIN t0 ON NULLIF(((((((((t0.c0)AND(vt1.c0)))OR(t0.c0)))AND(t0.c0)))OR(vt1.c0)), (NULL IN ())));
SELECT * FROM vt1 WHERE ((NOT ((vt1.c0 IN ())))) ORDER BY (((vt1.c0)>(vt1.c0)) IN ()) DESC;
SELECT SUM(count) FROM (SELECT ALL (((NOT ((vt1.c0 IN ())))) IS TRUE)  as count FROM vt1 ORDER BY (((vt1.c0)>(vt1.c0)) IN ()) DESC);
SELECT * FROM vt1, t0 WHERE (((((t0.c0)==(vt1.c0)))LIKE(((((vt1.c0)OR(t0.c0)))AND(vt1.c0)))));
SELECT SUM(count) FROM (SELECT ALL ((((((t0.c0)==(vt1.c0)))LIKE(((((vt1.c0)OR(t0.c0)))AND(vt1.c0))))) IS TRUE)  as count FROM vt1, t0);
SELECT ALL * FROM t0 WHERE ((~ ('JLq|춲')));
SELECT SUM(count) FROM (SELECT (((~ ('JLq|춲'))) IS TRUE)  as count FROM t0);
SELECT * FROM t0 WHERE (CASE ((t0.c0)!=(t0.c0))  WHEN t0.c0 COLLATE BINARY THEN ((t0.c0)/(t0.c0)) END) ORDER BY (((~ (t0.c0))) NOT BETWEEN (t0.c0) AND (CAST(t0.c0 AS NUMERIC))) DESC  NULLS FIRST;
SELECT SUM(count) FROM (SELECT ((CASE ((t0.c0)!=(t0.c0))  WHEN t0.c0 COLLATE BINARY THEN ((t0.c0)/(t0.c0)) END) IS TRUE)  as count FROM t0 ORDER BY (((~ (t0.c0))) NOT BETWEEN (t0.c0) AND (CAST(t0.c0 AS NUMERIC))) DESC  NULLS FIRST);
SELECT * FROM vt1 WHERE (((((((((vt1.c0 COLLATE BINARY)OR(0.4377060765439632)))AND(((vt1.c0) BETWEEN ('N') AND (vt1.c0)))))AND(vt1.c0 COLLATE BINARY)))AND(CASE vt1.c0  WHEN vt1.c0 THEN vt1.c0 END)));
SELECT SUM(count) FROM (SELECT ((((((((((vt1.c0 COLLATE BINARY)OR(0.4377060765439632)))AND(((vt1.c0) BETWEEN ('N') AND (vt1.c0)))))AND(vt1.c0 COLLATE BINARY)))AND(CASE vt1.c0  WHEN vt1.c0 THEN vt1.c0 END))) IS TRUE)  as count FROM vt1);
SELECT ALL * FROM t0, vt1 WHERE (0.604435043423419) ORDER BY ((t0.c0) NOT BETWEEN ((vt1.c0 IN (t0.c0, vt1.c0))) AND ((~ (vt1.c0)))) DESC  NULLS FIRST;
SELECT SUM(count) FROM (SELECT ALL ((0.604435043423419) IS TRUE)  as count FROM t0, vt1 ORDER BY ((t0.c0) NOT BETWEEN ((vt1.c0 IN (t0.c0, vt1.c0))) AND ((~ (vt1.c0)))) DESC  NULLS FIRST);
SELECT ALL * FROM vt1, t0 WHERE (vt1.c0 COLLATE BINARY COLLATE BINARY COLLATE RTRIM) ORDER BY (((('-943964843')>=(0.05572833269188049))) BETWEEN (((vt1.c0) NOTNULL)) AND ((+ (vt1.c0))));
SELECT SUM(count) FROM (SELECT ALL ((vt1.c0 COLLATE BINARY COLLATE BINARY COLLATE RTRIM) IS TRUE)  as count FROM vt1, t0 ORDER BY (((('-943964843')>=(0.05572833269188049))) BETWEEN (((vt1.c0) NOTNULL)) AND ((+ (vt1.c0)))));
SELECT ALL * FROM vt1, t0 WHERE (vt1.c0) ORDER BY CASE (((x'')) BETWEEN ((t0.c0)) AND ((t0.c0)))  WHEN CASE WHEN vt1.c0 THEN vt1.c0 ELSE vt1.c0 END THEN vt1.c0 ELSE ROUND(t0.c0, vt1.c0) END  NULLS FIRST, CASE CAST(vt1.c0 AS INTEGER)  WHEN CAST(t0.c0 AS BLOB) THEN (t0.c0 IN (t0.c0, vt1.c0)) END DESC  NULLS LAST;
SELECT SUM(count) FROM (SELECT ALL ((vt1.c0) IS TRUE)  as count FROM vt1, t0 ORDER BY CASE (((x'')) BETWEEN ((t0.c0)) AND ((t0.c0)))  WHEN CASE WHEN vt1.c0 THEN vt1.c0 ELSE vt1.c0 END THEN vt1.c0 ELSE ROUND(t0.c0, vt1.c0) END  NULLS FIRST, CASE CAST(vt1.c0 AS INTEGER)  WHEN CAST(t0.c0 AS BLOB) THEN (t0.c0 IN (t0.c0, vt1.c0)) END DESC  NULLS LAST);
SELECT ALL COUNT(*) FROM t0, vt1 WHERE (((UPPER(t0.c0))IS(((((((((((((vt1.c0)OR(t0.c0)))AND(vt1.c0)))OR('853695877')))OR(vt1.c0)))OR(vt1.c0)))OR(t0.c0)))));
SELECT SUM(count) FROM (SELECT ALL ((((UPPER(t0.c0))IS(((((((((((((vt1.c0)OR(t0.c0)))AND(vt1.c0)))OR('853695877')))OR(vt1.c0)))OR(vt1.c0)))OR(t0.c0))))) IS TRUE)  as count FROM t0, vt1);
SELECT COUNT(*) FROM t0 WHERE (((json_insert(t0.c0, t0.c0, -95334354))AND(CASE t0.c0  WHEN t0.c0 THEN t0.c0 ELSE t0.c0 END)));
SELECT SUM(count) FROM (SELECT ((((json_insert(t0.c0, t0.c0, -95334354))AND(CASE t0.c0  WHEN t0.c0 THEN t0.c0 ELSE t0.c0 END))) IS TRUE)  as count FROM t0);
SELECT ALL COUNT(*) FROM vt1 WHERE (CASE WHEN TRIM(DISTINCT vt1.c0, vt1.c0) THEN ((-1222614385)-(x'')) END) ORDER BY CASE WHEN (((vt1.c0))>=((vt1.c0))) THEN ((vt1.c0)+(vt1.c0)) ELSE (('214683408')=('731042707')) END  NULLS FIRST;
SELECT SUM(count) FROM (SELECT ALL ((CASE WHEN TRIM(DISTINCT vt1.c0, vt1.c0) THEN ((-1222614385)-(x'')) END) IS TRUE)  as count FROM vt1 ORDER BY CASE WHEN (((vt1.c0))>=((vt1.c0))) THEN ((vt1.c0)+(vt1.c0)) ELSE (('214683408')=('731042707')) END  NULLS FIRST);
SELECT ALL COUNT(*) FROM t0, vt1 WHERE ((NOT (vt1.c0 COLLATE BINARY))) ORDER BY ((CAST(vt1.c0 AS TEXT)) ISNULL)  NULLS FIRST;
SELECT SUM(count) FROM (SELECT ALL (((NOT (vt1.c0 COLLATE BINARY))) IS TRUE)  as count FROM t0, vt1 ORDER BY ((CAST(vt1.c0 AS TEXT)) ISNULL)  NULLS FIRST);
SELECT COUNT(*) FROM vt1 WHERE ((((+ (vt1.c0))) NOT NULL));
SELECT SUM(count) FROM (SELECT ALL (((((+ (vt1.c0))) NOT NULL)) IS TRUE)  as count FROM vt1);
SELECT ALL COUNT(*) FROM t0 WHERE (((((t0.c0)&(t0.c0)))!=(((t0.c0) NOT NULL))));
SELECT SUM(count) FROM (SELECT ALL ((((((t0.c0)&(t0.c0)))!=(((t0.c0) NOT NULL)))) IS TRUE)  as count FROM t0);
SELECT * FROM t0 WHERE (UNICODE(((t0.c0)==(t0.c0))));
SELECT SUM(count) FROM (SELECT ALL ((UNICODE(((t0.c0)==(t0.c0)))) IS TRUE)  as count FROM t0);
SELECT COUNT(*) FROM t0 WHERE (((NOT (t0.c0)) IN ()));
SELECT SUM(count) FROM (SELECT ((((NOT (t0.c0)) IN ())) IS TRUE)  as count FROM t0);
SELECT * FROM t0 RIGHT OUTER JOIN vt1 ON vt1.c0 WHERE (CAST(((t0.c0) ISNULL) AS INTEGER)) ORDER BY CAST(((t0.c0)GLOB(t0.c0)) AS REAL) DESC;
SELECT SUM(count) FROM (SELECT ALL ((CAST(((t0.c0) ISNULL) AS INTEGER)) IS TRUE)  as count FROM t0 RIGHT OUTER JOIN vt1 ON vt1.c0 ORDER BY CAST(((t0.c0)GLOB(t0.c0)) AS REAL) DESC);
SELECT ALL COUNT(*) FROM vt1, t0 WHERE (vt1.c0) ORDER BY ((((TIME(vt1.c0, t0.c0, vt1.c0))OR(t0.c0 COLLATE RTRIM)))OR(((vt1.c0)=(vt1.c0))))  NULLS FIRST;
SELECT SUM(count) FROM (SELECT ALL ((vt1.c0) IS TRUE)  as count FROM vt1, t0 ORDER BY ((((TIME(vt1.c0, t0.c0, vt1.c0))OR(t0.c0 COLLATE RTRIM)))OR(((vt1.c0)=(vt1.c0))))  NULLS FIRST);
SELECT COUNT(*) FROM vt1 RIGHT OUTER JOIN t0 ON x'' WHERE (CASE WHEN ((NULL) NOT BETWEEN (t0.c0) AND (NULL)) THEN vt1.c0 END);
SELECT SUM(count) FROM (SELECT ALL ((CASE WHEN ((NULL) NOT BETWEEN (t0.c0) AND (NULL)) THEN vt1.c0 END) IS TRUE)  as count FROM vt1 RIGHT OUTER JOIN t0 ON x'');
SELECT ALL COUNT(*) FROM vt1 WHERE (((vt1.c0 COLLATE NOCASE)OR(((vt1.c0)IS(vt1.c0)))));
SELECT SUM(count) FROM (SELECT ((((vt1.c0 COLLATE NOCASE)OR(((vt1.c0)IS(vt1.c0))))) IS TRUE)  as count FROM vt1);
SELECT ALL * FROM vt1 INNER JOIN t0 ON ((vt1.c0) NOT BETWEEN (((vt1.c0) BETWEEN (t0.c0) AND (t0.c0))) AND (CAST(t0.c0 AS TEXT))) WHERE (353963272) ORDER BY (((((vt1.c0)<(t0.c0))))>((((vt1.c0) NOT BETWEEN (vt1.c0) AND (vt1.c0))))), ((t0.c0 COLLATE RTRIM)>>(vt1.c0));
SELECT SUM(count) FROM (SELECT ALL ((353963272) IS TRUE)  as count FROM vt1 INNER JOIN t0 ON ((vt1.c0) NOT BETWEEN (((vt1.c0) BETWEEN (t0.c0) AND (t0.c0))) AND (CAST(t0.c0 AS TEXT))) ORDER BY (((((vt1.c0)<(t0.c0))))>((((vt1.c0) NOT BETWEEN (vt1.c0) AND (vt1.c0))))), ((t0.c0 COLLATE RTRIM)>>(vt1.c0)));
SELECT COUNT(*) FROM vt1 WHERE (((CAST(vt1.c0 AS TEXT)) NOT BETWEEN (CAST(vt1.c0 AS INTEGER)) AND (((vt1.c0) NOTNULL)))) ORDER BY TRIM(((vt1.c0) NOT BETWEEN (vt1.c0) AND (vt1.c0)), ((vt1.c0) NOT BETWEEN (vt1.c0) AND (vt1.c0))) DESC  NULLS LAST;
SELECT SUM(count) FROM (SELECT ((((CAST(vt1.c0 AS TEXT)) NOT BETWEEN (CAST(vt1.c0 AS INTEGER)) AND (((vt1.c0) NOTNULL)))) IS TRUE)  as count FROM vt1 ORDER BY TRIM(((vt1.c0) NOT BETWEEN (vt1.c0) AND (vt1.c0)), ((vt1.c0) NOT BETWEEN (vt1.c0) AND (vt1.c0))) DESC  NULLS LAST);
SELECT * FROM t0 CROSS JOIN vt1 ON ((((vt1.c0) NOT BETWEEN (vt1.c0) AND (vt1.c0)))<(CASE vt1.c0  WHEN t0.c0 THEN vt1.c0 ELSE vt1.c0 END)) WHERE ((((+ (t0.c0)))+((t0.c0 IN (t0.c0)))));
SELECT SUM(count) FROM (SELECT ALL (((((+ (t0.c0)))+((t0.c0 IN (t0.c0))))) IS TRUE)  as count FROM t0 CROSS JOIN vt1 ON ((((vt1.c0) NOT BETWEEN (vt1.c0) AND (vt1.c0)))<(CASE vt1.c0  WHEN t0.c0 THEN vt1.c0 ELSE vt1.c0 END)));
SELECT ALL * FROM vt1 WHERE (vt1.c0) ORDER BY COALESCE('y|', (vt1.c0 IN (vt1.c0)));
SELECT SUM(count) FROM (SELECT ((vt1.c0) IS TRUE)  as count FROM vt1 ORDER BY COALESCE('y|', (vt1.c0 IN (vt1.c0))));
SELECT ALL * FROM vt1, t0 WHERE (CASE WHEN CAST(t0.c0 AS BLOB) THEN (((vt1.c0)) BETWEEN ((t0.c0)) AND ((-8.49657427E8))) ELSE ((((vt1.c0)AND(t0.c0)))OR(vt1.c0)) END);
SELECT SUM(count) FROM (SELECT ALL ((CASE WHEN CAST(t0.c0 AS BLOB) THEN (((vt1.c0)) BETWEEN ((t0.c0)) AND ((-8.49657427E8))) ELSE ((((vt1.c0)AND(t0.c0)))OR(vt1.c0)) END) IS TRUE)  as count FROM vt1, t0);
SELECT ALL * FROM vt1 WHERE ((- ((((vt1.c0, vt1.c0, vt1.c0))=((vt1.c0, vt1.c0, vt1.c0)))))) ORDER BY HEX(DISTINCT ((0Xffffffffd17106c2) ISNULL));
SELECT SUM(count) FROM (SELECT (((- ((((vt1.c0, vt1.c0, vt1.c0))=((vt1.c0, vt1.c0, vt1.c0)))))) IS TRUE)  as count FROM vt1 ORDER BY HEX(DISTINCT ((0xffffffffd17106c2) ISNULL)));
SELECT ALL COUNT(*) FROM vt1 WHERE (vt1.c0) ORDER BY (((vt1.c0 IN (vt1.c0)))/(((NULL)||(vt1.c0)))) DESC;
SELECT SUM(count) FROM (SELECT ((vt1.c0) IS TRUE)  as count FROM vt1 ORDER BY (((vt1.c0 IN (vt1.c0)))/(((NULL)||(vt1.c0)))) DESC);
SELECT ALL COUNT(*) FROM t0 WHERE (((((CASE NULL  WHEN t0.c0 THEN t0.c0 ELSE t0.c0 END)AND(t0.c0 COLLATE RTRIM)))AND(CASE WHEN t0.c0 THEN t0.c0 END))) ORDER BY UNLIKELY(((t0.c0) ISNULL))  NULLS LAST;
SELECT SUM(count) FROM (SELECT ((((((CASE NULL  WHEN t0.c0 THEN t0.c0 ELSE t0.c0 END)AND(t0.c0 COLLATE RTRIM)))AND(CASE WHEN t0.c0 THEN t0.c0 END))) IS TRUE)  as count FROM t0 NOT INDEXED ORDER BY UNLIKELY(((t0.c0) ISNULL))  NULLS LAST);
SELECT ALL COUNT(*) FROM vt1 WHERE (vt1.c0) ORDER BY CAST(COALESCE(vt1.c0, vt1.c0, vt1.c0, vt1.c0) AS INTEGER) DESC, ((CASE WHEN vt1.c0 THEN vt1.c0 ELSE vt1.c0 END)<=((~ (vt1.c0)))) DESC  NULLS FIRST;
SELECT SUM(count) FROM (SELECT ALL ((vt1.c0) IS TRUE)  as count FROM vt1 ORDER BY CAST(COALESCE(vt1.c0, vt1.c0, vt1.c0, vt1.c0) AS INTEGER) DESC, ((CASE WHEN vt1.c0 THEN vt1.c0 ELSE vt1.c0 END)<=((~ (vt1.c0)))) DESC  NULLS FIRST);
SELECT COUNT(*) FROM t0 WHERE ((t0.c0 COLLATE RTRIM IN ())) ORDER BY CASE t0.c0  WHEN t0.c0 THEN -9.5334354E7 ELSE t0.c0 END COLLATE RTRIM DESC  NULLS LAST;
SELECT SUM(count) FROM (SELECT ALL (((t0.c0 COLLATE RTRIM IN ())) IS TRUE)  as count FROM t0 ORDER BY CASE t0.c0  WHEN t0.c0 THEN -9.5334354E7 ELSE t0.c0 END COLLATE RTRIM DESC  NULLS LAST);
SELECT COUNT(*) FROM vt1 WHERE (CAST((((0.11413122926986174)) NOT BETWEEN ((vt1.c0)) AND ((vt1.c0))) AS NUMERIC)) ORDER BY CASE WHEN 0.3160549863101565 THEN NULLIF(DISTINCT vt1.c0, vt1.c0) WHEN ((vt1.c0) NOT BETWEEN (vt1.c0) AND (vt1.c0)) THEN ((vt1.c0)<<(0.6364336241505737)) WHEN IFNULL(vt1.c0, vt1.c0) THEN ((((((((vt1.c0)AND(vt1.c0)))AND(0x30d47f21)))OR(vt1.c0)))OR(vt1.c0)) END  NULLS LAST;
SELECT SUM(count) FROM (SELECT ((CAST((((0.11413122926986174)) NOT BETWEEN ((vt1.c0)) AND ((vt1.c0))) AS NUMERIC)) IS TRUE)  as count FROM vt1 ORDER BY CASE WHEN 0.3160549863101565 THEN NULLIF(DISTINCT vt1.c0, vt1.c0) WHEN ((vt1.c0) NOT BETWEEN (vt1.c0) AND (vt1.c0)) THEN ((vt1.c0)<<(0.6364336241505737)) WHEN IFNULL(vt1.c0, vt1.c0) THEN ((((((((vt1.c0)AND(vt1.c0)))AND(0X30d47f21)))OR(vt1.c0)))OR(vt1.c0)) END  NULLS LAST);
SELECT ALL * FROM vt1 WHERE (CASE (+ (vt1.c0))  WHEN x'' THEN ((vt1.c0) NOT BETWEEN ('1480605456') AND (vt1.c0)) WHEN vt1.c0 THEN ((vt1.c0)<(vt1.c0)) WHEN ((vt1.c0)IS NOT(vt1.c0)) THEN ((vt1.c0) IS TRUE) END) ORDER BY (- (((((vt1.c0)AND(vt1.c0)))AND(vt1.c0)))) ASC  NULLS LAST, CAST(NULL AS REAL)  NULLS FIRST;
SELECT SUM(count) FROM (SELECT ((CASE (+ (vt1.c0))  WHEN x'' THEN ((vt1.c0) NOT BETWEEN ('1480605456') AND (vt1.c0)) WHEN vt1.c0 THEN ((vt1.c0)<(vt1.c0)) WHEN ((vt1.c0)IS NOT(vt1.c0)) THEN ((vt1.c0) IS TRUE) END) IS TRUE)  as count FROM vt1 ORDER BY (- (((((vt1.c0)AND(vt1.c0)))AND(vt1.c0)))) ASC  NULLS LAST, CAST(NULL AS REAL)  NULLS FIRST);
SELECT COUNT(*) FROM t0, vt1 WHERE ((((x''))>=(((((t0.c0))<=((vt1.c0))))))) ORDER BY ((CASE WHEN vt1.c0 THEN vt1.c0 ELSE t0.c0 END) IS TRUE)  NULLS FIRST;
SELECT SUM(count) FROM (SELECT ALL (((((x''))>=(((((t0.c0))<=((vt1.c0))))))) IS TRUE)  as count FROM t0, vt1 ORDER BY ((CASE WHEN vt1.c0 THEN vt1.c0 ELSE t0.c0 END) IS TRUE)  NULLS FIRST);
SELECT ALL * FROM vt1 WHERE ((((0Xffffffff8548aec8)) NOT BETWEEN ((((vt1.c0)GLOB(vt1.c0)))) AND ((((vt1.c0)>(vt1.c0))))));
SELECT SUM(count) FROM (SELECT ALL (((((0xffffffff8548aec8)) NOT BETWEEN ((((vt1.c0)GLOB(vt1.c0)))) AND ((((vt1.c0)>(vt1.c0)))))) IS TRUE)  as count FROM vt1);
SELECT COUNT(*) FROM vt1 RIGHT OUTER JOIN t0 ON UNLIKELY(DISTINCT ((t0.c0)+(vt1.c0))) WHERE (((((((x'') IS FALSE))AND(t0.c0 COLLATE BINARY)))AND(0.5484140274615981 COLLATE BINARY)));
SELECT SUM(count) FROM (SELECT ((((((((x'') IS FALSE))AND(t0.c0 COLLATE BINARY)))AND(0.5484140274615981 COLLATE BINARY))) IS TRUE)  as count FROM vt1 RIGHT OUTER JOIN t0 ON UNLIKELY(DISTINCT ((t0.c0)+(vt1.c0))));
SELECT ALL COUNT(*) FROM t0, vt1 WHERE ((- (((vt1.c0) NOT NULL))));
SELECT SUM(count) FROM (SELECT ALL (((- (((vt1.c0) NOT NULL)))) IS TRUE)  as count FROM t0, vt1);
SELECT COUNT(*) FROM t0, vt1 WHERE (CAST(CAST('' AS REAL) AS REAL));
SELECT SUM(count) FROM (SELECT ALL ((CAST(CAST('' AS REAL) AS REAL)) IS TRUE)  as count FROM t0, vt1);
SELECT * FROM t0 WHERE (UNLIKELY(DISTINCT ((((t0.c0)OR(t0.c0)))AND(t0.c0)))) ORDER BY (- (((t0.c0) NOT BETWEEN (t0.c0) AND (t0.c0))));
SELECT SUM(count) FROM (SELECT ((UNLIKELY(DISTINCT ((((t0.c0)OR(t0.c0)))AND(t0.c0)))) IS TRUE)  as count FROM t0 ORDER BY (- (((t0.c0) NOT BETWEEN (t0.c0) AND (t0.c0)))));
SELECT * FROM t0 WHERE (t0.c0);
SELECT SUM(count) FROM (SELECT ALL ((t0.c0) IS TRUE)  as count FROM t0);
SELECT * FROM vt1, t0 WHERE (NULL) ORDER BY ((((CASE t0.c0  WHEN vt1.c0 THEN vt1.c0 END)AND((+ (t0.c0)))))AND(((t0.c0) BETWEEN (vt1.c0) AND (vt1.c0))))  NULLS LAST;
SELECT SUM(count) FROM (SELECT ((NULL) IS TRUE)  as count FROM vt1, t0 ORDER BY ((((CASE t0.c0  WHEN vt1.c0 THEN vt1.c0 END)AND((+ (t0.c0)))))AND(((t0.c0) BETWEEN (vt1.c0) AND (vt1.c0))))  NULLS LAST);
SELECT COUNT(*) FROM t0 WHERE (((((CASE WHEN t0.c0 THEN t0.c0 ELSE t0.c0 END)AND((t0.c0 IN ()))))OR((- (t0.c0)))));
SELECT SUM(count) FROM (SELECT ALL ((((((CASE WHEN t0.c0 THEN t0.c0 ELSE t0.c0 END)AND((t0.c0 IN ()))))OR((- (t0.c0))))) IS TRUE)  as count FROM t0);
SELECT * FROM t0, vt1 WHERE (((((((((((((CAST(x'a28b' AS REAL))AND((t0.c0 IN ()))))OR(CAST(vt1.c0 AS TEXT))))AND(((vt1.c0)LIKE(t0.c0)))))OR((t0.c0 IN ()))))AND(0.30328387016734537)))OR(((vt1.c0) ISNULL))));
SELECT SUM(count) FROM (SELECT ALL ((((((((((((((CAST(x'a28b' AS REAL))AND((t0.c0 IN ()))))OR(CAST(vt1.c0 AS TEXT))))AND(((vt1.c0)LIKE(t0.c0)))))OR((t0.c0 IN ()))))AND(0.30328387016734537)))OR(((vt1.c0) ISNULL)))) IS TRUE)  as count FROM t0, vt1);
SELECT * FROM vt1 WHERE (MAX(CASE vt1.c0  WHEN vt1.c0 THEN vt1.c0 WHEN 0X3c6407b2 THEN vt1.c0 WHEN vt1.c0 THEN vt1.c0 ELSE '-574573368' END, ((0.7718366661927651)IS(vt1.c0)), (vt1.c0 IN ()), (- (vt1.c0))));
SELECT SUM(count) FROM (SELECT ALL ((MAX(CASE vt1.c0  WHEN vt1.c0 THEN vt1.c0 WHEN 0X3c6407b2 THEN vt1.c0 WHEN vt1.c0 THEN vt1.c0 ELSE '-574573368' END, ((0.7718366661927651)IS(vt1.c0)), (vt1.c0 IN ()), (- (vt1.c0)))) IS TRUE)  as count FROM vt1);
SELECT ALL * FROM vt1, t0 WHERE (t0.c0) ORDER BY NULL DESC  NULLS FIRST;
SELECT SUM(count) FROM (SELECT ((t0.c0) IS TRUE)  as count FROM vt1, t0 ORDER BY NULL DESC  NULLS FIRST);
SELECT ALL * FROM vt1, t0 WHERE ((((t0.c0 IN ()))!=(((((t0.c0)OR(t0.c0)))OR(t0.c0))))) ORDER BY (((vt1.c0, ((t0.c0)LIKE(NULL)), ((t0.c0)+(t0.c0))))<((((t0.c0)*(vt1.c0)), RTRIM(t0.c0), CAST(NULL AS INTEGER))));
SELECT SUM(count) FROM (SELECT (((((t0.c0 IN ()))<>(((((t0.c0)OR(t0.c0)))OR(t0.c0))))) IS TRUE)  as count FROM vt1, t0 ORDER BY (((vt1.c0, ((t0.c0)LIKE(NULL)), ((t0.c0)+(t0.c0))))<((((t0.c0)*(vt1.c0)), RTRIM(t0.c0), CAST(NULL AS INTEGER)))));
SELECT COUNT(*) FROM t0 WHERE ((((((t0.c0)OR(t0.c0)))AND(t0.c0)) IN ()));
SELECT SUM(count) FROM (SELECT ALL (((((((t0.c0)OR(t0.c0)))AND(t0.c0)) IN ())) IS TRUE)  as count FROM t0);
SELECT ALL COUNT(*) FROM t0 WHERE ((t0.c0 IN (((((t0.c0)OR(NULL)))AND(t0.c0))))) ORDER BY (((((('-1676579997')||(t0.c0)))AND(t0.c0)))AND(((t0.c0)&(t0.c0)))) ASC;
SELECT SUM(count) FROM (SELECT (((t0.c0 IN (((((t0.c0)OR(NULL)))AND(t0.c0))))) IS TRUE)  as count FROM t0 ORDER BY (((((('-1676579997')||(t0.c0)))AND(t0.c0)))AND(((t0.c0)&(t0.c0)))) ASC);
SELECT ALL * FROM t0 WHERE ('0.35642288398056265' COLLATE RTRIM);
SELECT SUM(count) FROM (SELECT ALL (('0.35642288398056265' COLLATE RTRIM) IS TRUE)  as count FROM t0);
SELECT * FROM vt1 WHERE ((~ (x'')));
SELECT SUM(count) FROM (SELECT ALL (((~ (x''))) IS TRUE)  as count FROM vt1);
SELECT COUNT(*) FROM t0 INNER JOIN vt1 ON LOWER(((vt1.c0)IS NOT(vt1.c0))) WHERE (CASE WHEN t0.c0 THEN (vt1.c0 IN ()) END);
SELECT SUM(count) FROM (SELECT ALL ((CASE WHEN t0.c0 THEN (vt1.c0 IN ()) END) IS TRUE)  as count FROM t0 INNER JOIN vt1 ON LOWER(((vt1.c0)IS NOT(vt1.c0))));
SELECT COUNT(*) FROM t0 WHERE (COALESCE(DISTINCT (t0.c0 IN (t0.c0)), NULL));
SELECT SUM(count) FROM (SELECT ((COALESCE(DISTINCT (t0.c0 IN (t0.c0)), NULL)) IS TRUE)  as count FROM t0);
SELECT ALL * FROM t0 WHERE (UPPER(DISTINCT CASE t0.c0  WHEN t0.c0 THEN t0.c0 ELSE t0.c0 END)) ORDER BY ((((((((json_array_length(t0.c0, t0.c0))OR(x'9907')))AND((t0.c0 IN (t0.c0, t0.c0)))))AND(t0.c0)))OR(0Xffffffffd5469e84))  NULLS LAST, t0.c0 COLLATE RTRIM;
SELECT SUM(count) FROM (SELECT ((UPPER(DISTINCT CASE t0.c0  WHEN t0.c0 THEN t0.c0 ELSE t0.c0 END)) IS TRUE)  as count FROM t0 ORDER BY ((((((((json_array_length(t0.c0, t0.c0))OR(x'9907')))AND((t0.c0 IN (t0.c0, t0.c0)))))AND(t0.c0)))OR(0xffffffffd5469e84))  NULLS LAST, t0.c0 COLLATE RTRIM);
SELECT COUNT(*) FROM t0, vt1 WHERE (CAST(vt1.c0 AS REAL)) ORDER BY ((ROUND(t0.c0, vt1.c0)) NOT BETWEEN (((x'') BETWEEN (vt1.c0) AND (t0.c0))) AND (((((vt1.c0)OR(t0.c0)))AND(t0.c0)))) DESC;
SELECT SUM(count) FROM (SELECT ALL ((CAST(vt1.c0 AS REAL)) IS TRUE)  as count FROM t0, vt1 ORDER BY ((ROUND(t0.c0, vt1.c0)) NOT BETWEEN (((x'') BETWEEN (vt1.c0) AND (t0.c0))) AND (((((vt1.c0)OR(t0.c0)))AND(t0.c0)))) DESC);
SELECT * FROM t0, vt1 WHERE (TRIM(DISTINCT ((vt1.c0)&(t0.c0)))) ORDER BY (load_extension(vt1.c0, vt1.c0) IN ()) DESC, ((((vt1.c0)>>(t0.c0)))AND(vt1.c0)), TYPEOF(DISTINCT CAST(0Xffffffffac8e57ce AS REAL))  NULLS FIRST;
SELECT SUM(count) FROM (SELECT ALL ((TRIM(DISTINCT ((vt1.c0)&(t0.c0)))) IS TRUE)  as count FROM t0, vt1 ORDER BY (load_extension(vt1.c0, vt1.c0) IN ()) DESC, ((((vt1.c0)>>(t0.c0)))AND(vt1.c0)), TYPEOF(DISTINCT CAST(0Xffffffffac8e57ce AS REAL))  NULLS FIRST);
SELECT * FROM t0 WHERE ((((t0.c0)) NOT BETWEEN (((((t0.c0))==((t0.c0))))) AND ((((t0.c0) ISNULL))))) ORDER BY COALESCE(t0.c0, t0.c0) COLLATE BINARY;
SELECT SUM(count) FROM (SELECT (((((t0.c0)) NOT BETWEEN (((((t0.c0))=((t0.c0))))) AND ((((t0.c0) ISNULL))))) IS TRUE)  as count FROM t0 ORDER BY COALESCE(t0.c0, t0.c0) COLLATE BINARY);
SELECT ALL * FROM vt1, t0 WHERE (((CAST(vt1.c0 AS TEXT)) IS FALSE));
SELECT SUM(count) FROM (SELECT ALL ((((CAST(vt1.c0 AS TEXT)) IS FALSE)) IS TRUE)  as count FROM vt1, t0);
SELECT * FROM t0 FULL OUTER JOIN vt1 ON ((CAST(t0.c0 AS INTEGER))<<(t0.c0 COLLATE NOCASE)) WHERE (CAST(IFNULL(vt1.c0, vt1.c0) AS REAL)) ORDER BY (+ (t0.c0 COLLATE RTRIM))  NULLS LAST;
SELECT SUM(count) FROM (SELECT ((CAST(IFNULL(vt1.c0, vt1.c0) AS REAL)) IS TRUE)  as count FROM t0 FULL OUTER JOIN vt1 ON ((CAST(t0.c0 AS INTEGER))<<(t0.c0 COLLATE NOCASE)) ORDER BY (+ (t0.c0 COLLATE RTRIM))  NULLS LAST);
SELECT * FROM vt1, t0 WHERE (((((t0.c0 IN ())))=((vt1.c0 COLLATE RTRIM)))) ORDER BY '';
SELECT SUM(count) FROM (SELECT ((((((t0.c0 IN ())))==((vt1.c0 COLLATE RTRIM)))) IS TRUE)  as count FROM vt1, t0 ORDER BY '');
SELECT * FROM vt1, t0 WHERE ((((t0.c0, vt1.c0, vt1.c0)) BETWEEN ((vt1.c0, vt1.c0, t0.c0)) AND ((vt1.c0, vt1.c0, t0.c0))) COLLATE RTRIM);
SELECT SUM(count) FROM (SELECT (((((t0.c0, vt1.c0, vt1.c0)) BETWEEN ((vt1.c0, vt1.c0, t0.c0)) AND ((vt1.c0, vt1.c0, t0.c0))) COLLATE RTRIM) IS TRUE)  as count FROM vt1, t0);
SELECT ALL * FROM vt1, t0 WHERE (((vt1.c0)OR(TYPEOF(DISTINCT vt1.c0))));
SELECT SUM(count) FROM (SELECT ((((vt1.c0)OR(TYPEOF(DISTINCT vt1.c0)))) IS TRUE)  as count FROM vt1, t0);
SELECT ALL * FROM vt1 NATURAL JOIN t0 WHERE (((((((((((vt1.c0)AND(vt1.c0)))AND(x'')))OR(vt1.c0)))OR(t0.c0)))IS NOT(0.9933575722342622))) ORDER BY (((t0.c0)) BETWEEN ((NULL)) AND (((t0.c0 IN ())))) DESC  NULLS LAST;
SELECT SUM(count) FROM (SELECT ((((((((((((vt1.c0)AND(vt1.c0)))AND(x'')))OR(vt1.c0)))OR(t0.c0)))IS NOT(0.9933575722342622))) IS TRUE)  as count FROM vt1 NATURAL JOIN t0 ORDER BY (((t0.c0)) BETWEEN ((NULL)) AND (((t0.c0 IN ())))) DESC  NULLS LAST);
SELECT * FROM t0, vt1 WHERE ((NOT (vt1.c0 COLLATE RTRIM))) ORDER BY '1951075553' ASC  NULLS LAST, (((vt1.c0 IN (vt1.c0, t0.c0)))AND((vt1.c0 IN ())))  NULLS LAST;
SELECT SUM(count) FROM (SELECT ALL (((NOT (vt1.c0 COLLATE RTRIM))) IS TRUE)  as count FROM t0, vt1 ORDER BY '1951075553' ASC  NULLS LAST, (((vt1.c0 IN (vt1.c0, t0.c0)))AND((vt1.c0 IN ())))  NULLS LAST);
SELECT COUNT(*) FROM vt1 WHERE (((((vt1.c0 COLLATE NOCASE)OR(((((vt1.c0)AND(vt1.c0)))OR(NULL)))))OR((vt1.c0 IN ())))) ORDER BY ((((vt1.c0) NOT NULL)) NOTNULL) ASC;
SELECT SUM(count) FROM (SELECT ((((((vt1.c0 COLLATE NOCASE)OR(((((vt1.c0)AND(vt1.c0)))OR(NULL)))))OR((vt1.c0 IN ())))) IS TRUE)  as count FROM vt1 ORDER BY ((((vt1.c0) NOT NULL)) NOTNULL) ASC);
SELECT ALL COUNT(*) FROM vt1 WHERE ((((json_object(vt1.c0, vt1.c0, vt1.c0, vt1.c0)))>(((vt1.c0 IN ()))))) ORDER BY ((((((vt1.c0) NOTNULL))OR(x'd058')))OR((vt1.c0 IN (vt1.c0, vt1.c0)))) DESC;
SELECT SUM(count) FROM (SELECT (((((json_object(vt1.c0, vt1.c0, vt1.c0, vt1.c0)))>(((vt1.c0 IN ()))))) IS TRUE)  as count FROM vt1 ORDER BY ((((((vt1.c0) NOTNULL))OR(x'd058')))OR((vt1.c0 IN (vt1.c0, vt1.c0)))) DESC);
SELECT COUNT(*) FROM t0 WHERE (CAST(CASE WHEN t0.c0 THEN t0.c0 ELSE t0.c0 END AS NUMERIC)) ORDER BY CAST((t0.c0 IN ()) AS REAL);
SELECT SUM(count) FROM (SELECT ((CAST(CASE WHEN t0.c0 THEN t0.c0 ELSE t0.c0 END AS NUMERIC)) IS TRUE)  as count FROM t0 ORDER BY CAST((t0.c0 IN ()) AS REAL));
SELECT * FROM vt1, t0 WHERE (((((((x'') ISNULL))OR(((((((((((((vt1.c0)OR(t0.c0)))AND(vt1.c0)))OR(vt1.c0)))AND(vt1.c0)))AND(t0.c0)))OR(t0.c0)))))OR(((t0.c0) ISNULL))));
SELECT SUM(count) FROM (SELECT ((((((((x'') ISNULL))OR(((((((((((((vt1.c0)OR(t0.c0)))AND(vt1.c0)))OR(vt1.c0)))AND(vt1.c0)))AND(t0.c0)))OR(t0.c0)))))OR(((t0.c0) ISNULL)))) IS TRUE)  as count FROM vt1, t0);
SELECT ALL * FROM vt1 WHERE (vt1.c0);
SELECT SUM(count) FROM (SELECT ALL ((vt1.c0) IS TRUE)  as count FROM vt1);
SELECT * FROM vt1 WHERE (((((vt1.c0)&(vt1.c0)))>=(CASE vt1.c0  WHEN vt1.c0 THEN vt1.c0 WHEN vt1.c0 THEN vt1.c0 WHEN x'd0ac' THEN '' ELSE vt1.c0 END)));
SELECT SUM(count) FROM (SELECT ALL ((((((vt1.c0)&(vt1.c0)))>=(CASE vt1.c0  WHEN vt1.c0 THEN vt1.c0 WHEN vt1.c0 THEN vt1.c0 WHEN x'd0ac' THEN '' ELSE vt1.c0 END))) IS TRUE)  as count FROM vt1);
SELECT ALL COUNT(*) FROM t0 WHERE (((((-2088429846)) NOT BETWEEN ((t0.c0)) AND ((t0.c0))) IN ()));
SELECT SUM(count) FROM (SELECT ALL ((((((-2088429846)) NOT BETWEEN ((t0.c0)) AND ((t0.c0))) IN ())) IS TRUE)  as count FROM t0);
SELECT * FROM t0 RIGHT OUTER JOIN vt1 ON CAST(t0.c0 AS BLOB) WHERE (CAST((vt1.c0 IN ()) AS NUMERIC)) ORDER BY json_extract((+ (vt1.c0)), CASE WHEN NULL THEN NULL ELSE vt1.c0 END, (((t0.c0, vt1.c0, vt1.c0)) NOT BETWEEN ((t0.c0, vt1.c0, t0.c0)) AND ((t0.c0, vt1.c0, vt1.c0))), ((vt1.c0) NOTNULL))  NULLS LAST;
SELECT SUM(count) FROM (SELECT ALL ((CAST((vt1.c0 IN ()) AS NUMERIC)) IS TRUE)  as count FROM t0 RIGHT OUTER JOIN vt1 ON CAST(t0.c0 AS BLOB) ORDER BY json_extract((+ (vt1.c0)), CASE WHEN NULL THEN NULL ELSE vt1.c0 END, (((t0.c0, vt1.c0, vt1.c0)) NOT BETWEEN ((t0.c0, vt1.c0, t0.c0)) AND ((t0.c0, vt1.c0, vt1.c0))), ((vt1.c0) NOTNULL))  NULLS LAST);
SELECT * FROM vt1, t0 WHERE (((CAST(t0.c0 AS REAL)) NOTNULL)) ORDER BY (((((((((- (vt1.c0)))AND(CAST(t0.c0 AS REAL))))OR((~ (t0.c0)))))OR(((vt1.c0)|(vt1.c0)))))OR(((x'')LIKE(vt1.c0)))) DESC;
SELECT SUM(count) FROM (SELECT ALL ((((CAST(t0.c0 AS REAL)) NOTNULL)) IS TRUE)  as count FROM vt1, t0 ORDER BY (((((((((- (vt1.c0)))AND(CAST(t0.c0 AS REAL))))OR((~ (t0.c0)))))OR(((vt1.c0)|(vt1.c0)))))OR(((x'')LIKE(vt1.c0)))) DESC);
SELECT COUNT(*) FROM vt1 WHERE (NULL) ORDER BY vt1.c0 ASC  NULLS LAST;
SELECT SUM(count) FROM (SELECT ((NULL) IS TRUE)  as count FROM vt1 ORDER BY vt1.c0 ASC  NULLS LAST);
SELECT COUNT(*) FROM vt1 INNER JOIN t0 ON CAST(((t0.c0) BETWEEN (t0.c0) AND (t0.c0)) AS TEXT) WHERE (x'' COLLATE NOCASE);
SELECT SUM(count) FROM (SELECT ALL ((x'' COLLATE NOCASE) IS TRUE)  as count FROM vt1 INNER JOIN t0 ON CAST(((t0.c0) BETWEEN (t0.c0) AND (t0.c0)) AS TEXT));
SELECT ALL COUNT(*) FROM t0, vt1 WHERE ((((((vt1.c0))==((vt1.c0)))) BETWEEN (((vt1.c0)<>(t0.c0))) AND (((((vt1.c0)OR(t0.c0)))OR(t0.c0))))) ORDER BY x'' ASC  NULLS LAST;
SELECT SUM(count) FROM (SELECT (((((((vt1.c0))=((vt1.c0)))) BETWEEN (((vt1.c0)!=(t0.c0))) AND (((((vt1.c0)OR(t0.c0)))OR(t0.c0))))) IS TRUE)  as count FROM t0, vt1 ORDER BY x'' ASC  NULLS LAST);
SELECT COUNT(*) FROM t0 WHERE (CASE ((t0.c0) NOTNULL)  WHEN ((((t0.c0)AND(x'')))AND(t0.c0)) THEN CASE WHEN 389219831 THEN t0.c0 WHEN t0.c0 THEN t0.c0 WHEN '0.45005838216119776' THEN t0.c0 ELSE t0.c0 END ELSE CAST(t0.c0 AS BLOB) END);
SELECT SUM(count) FROM (SELECT ALL ((CASE ((t0.c0) NOTNULL)  WHEN ((((t0.c0)AND(x'')))AND(t0.c0)) THEN CASE WHEN 389219831 THEN t0.c0 WHEN t0.c0 THEN t0.c0 WHEN '0.45005838216119776' THEN t0.c0 ELSE t0.c0 END ELSE CAST(t0.c0 AS BLOB) END) IS TRUE)  as count FROM t0);
SELECT COUNT(*) FROM t0, vt1 WHERE (vt1.c0) ORDER BY (((t0.c0 IN ()))+(t0.c0 COLLATE RTRIM));
SELECT SUM(count) FROM (SELECT ALL ((vt1.c0) IS TRUE)  as count FROM t0, vt1 ORDER BY (((t0.c0 IN ()))+(t0.c0 COLLATE RTRIM)));
SELECT ALL * FROM vt1, t0 WHERE ((((vt1.c0 IN ()))-(x'')));
SELECT SUM(count) FROM (SELECT ALL (((((vt1.c0 IN ()))-(x''))) IS TRUE)  as count FROM vt1, t0);
SELECT ALL * FROM t0 WHERE (((((t0.c0) NOT BETWEEN (t0.c0) AND (t0.c0)))>(CASE t0.c0  WHEN t0.c0 THEN t0.c0 END))) ORDER BY ((CAST(1905250131 AS NUMERIC))LIKE(t0.c0)) DESC;
SELECT SUM(count) FROM (SELECT ((((((t0.c0) NOT BETWEEN (t0.c0) AND (t0.c0)))>(CASE t0.c0  WHEN t0.c0 THEN t0.c0 END))) IS TRUE)  as count FROM t0 ORDER BY ((CAST(1905250131 AS NUMERIC))LIKE(t0.c0)) DESC);
SELECT COUNT(*) FROM vt1, t0 WHERE ((((((vt1.c0))>((t0.c0))))/(t0.c0))) ORDER BY (- (x'')) DESC, ((t0.c0)/(t0.c0)) DESC;
SELECT SUM(count) FROM (SELECT (((((((vt1.c0))>((t0.c0))))/(t0.c0))) IS TRUE)  as count FROM vt1, t0 ORDER BY (- (x'')) DESC, ((t0.c0)/(t0.c0)) DESC);
SELECT * FROM vt1 WHERE (TRIM(DISTINCT ((vt1.c0)<<(vt1.c0)), NULLIF(vt1.c0, vt1.c0))) ORDER BY vt1.c0 DESC  NULLS LAST;
SELECT SUM(count) FROM (SELECT ALL ((TRIM(DISTINCT ((vt1.c0)<<(vt1.c0)), NULLIF(vt1.c0, vt1.c0))) IS TRUE)  as count FROM vt1 ORDER BY vt1.c0 DESC  NULLS LAST);
SELECT ALL COUNT(*) FROM vt1, t0 WHERE (CASE vt1.c0 COLLATE BINARY  WHEN CAST(t0.c0 AS NUMERIC) THEN vt1.c0 END);
SELECT SUM(count) FROM (SELECT ((CASE vt1.c0 COLLATE BINARY  WHEN CAST(t0.c0 AS NUMERIC) THEN vt1.c0 END) IS TRUE)  as count FROM vt1, t0);
SELECT * FROM vt1, t0 WHERE ((((vt1.c0 IN (t0.c0)))%(((vt1.c0)<(t0.c0))))) ORDER BY ((((((vt1.c0)>=(vt1.c0)))OR((vt1.c0 IN (vt1.c0)))))OR(CASE t0.c0  WHEN vt1.c0 THEN t0.c0 ELSE t0.c0 END)) ASC;
SELECT SUM(count) FROM (SELECT ALL (((((vt1.c0 IN (t0.c0)))%(((vt1.c0)<(t0.c0))))) IS TRUE)  as count FROM vt1, t0 ORDER BY ((((((vt1.c0)>=(vt1.c0)))OR((vt1.c0 IN (vt1.c0)))))OR(CASE t0.c0  WHEN vt1.c0 THEN t0.c0 ELSE t0.c0 END)) ASC);
SELECT ALL COUNT(*) FROM t0 WHERE (((((t0.c0) NOT BETWEEN (t0.c0) AND (0.979917031109164)))OR(((t0.c0)/(t0.c0))))) ORDER BY (((t0.c0)) BETWEEN ((t0.c0)) AND ((((((((((((((t0.c0)AND(t0.c0)))AND(0.8606612903353551)))AND(t0.c0)))AND(t0.c0)))AND(t0.c0)))OR(x'')))))  NULLS FIRST, (((('u⬅') ISNULL))OR(t0.c0)), TOTAL_CHANGES() ASC  NULLS FIRST;
SELECT SUM(count) FROM (SELECT ((((((t0.c0) NOT BETWEEN (t0.c0) AND (0.979917031109164)))OR(((t0.c0)/(t0.c0))))) IS TRUE)  as count FROM t0 ORDER BY (((t0.c0)) BETWEEN ((t0.c0)) AND ((((((((((((((t0.c0)AND(t0.c0)))AND(0.8606612903353551)))AND(t0.c0)))AND(t0.c0)))AND(t0.c0)))OR(x'')))))  NULLS FIRST, (((('u⬅') ISNULL))OR(t0.c0)), TOTAL_CHANGES() ASC  NULLS FIRST);
SELECT ALL COUNT(*) FROM vt1 WHERE (((((vt1.c0 COLLATE RTRIM)AND(((vt1.c0) NOT BETWEEN (vt1.c0) AND (vt1.c0)))))OR(vt1.c0))) ORDER BY (((((((((NULL IN (vt1.c0)))AND(vt1.c0)))AND(vt1.c0 COLLATE NOCASE)))AND(((((((((vt1.c0)AND(vt1.c0)))OR(vt1.c0)))OR(vt1.c0)))OR(vt1.c0)))))OR((- (0.5706032146655535))))  NULLS FIRST, ((((vt1.c0) ISNULL)) NOT BETWEEN (vt1.c0) AND (((x'9e535e91') BETWEEN (vt1.c0) AND (vt1.c0))));
SELECT SUM(count) FROM (SELECT ((((((vt1.c0 COLLATE RTRIM)AND(((vt1.c0) NOT BETWEEN (vt1.c0) AND (vt1.c0)))))OR(vt1.c0))) IS TRUE)  as count FROM vt1 ORDER BY (((((((((NULL IN (vt1.c0)))AND(vt1.c0)))AND(vt1.c0 COLLATE NOCASE)))AND(((((((((vt1.c0)AND(vt1.c0)))OR(vt1.c0)))OR(vt1.c0)))OR(vt1.c0)))))OR((- (0.5706032146655535))))  NULLS FIRST, ((((vt1.c0) ISNULL)) NOT BETWEEN (vt1.c0) AND (((x'9e535e91') BETWEEN (vt1.c0) AND (vt1.c0)))));
SELECT ALL * FROM vt1, t0 WHERE (CAST(((t0.c0) NOT BETWEEN (t0.c0) AND (vt1.c0)) AS REAL)) ORDER BY '2031029620'  NULLS LAST;
SELECT SUM(count) FROM (SELECT ALL ((CAST(((t0.c0) NOT BETWEEN (t0.c0) AND (vt1.c0)) AS REAL)) IS TRUE)  as count FROM vt1, t0 ORDER BY '2031029620'  NULLS LAST);
SELECT ALL COUNT(*) FROM vt1, t0 WHERE (((CAST(vt1.c0 AS BLOB)) NOT BETWEEN ((t0.c0 IN ())) AND (CASE WHEN t0.c0 THEN t0.c0 ELSE t0.c0 END)));
SELECT SUM(count) FROM (SELECT ((((CAST(vt1.c0 AS BLOB)) NOT BETWEEN ((t0.c0 IN ())) AND (CASE WHEN t0.c0 THEN t0.c0 ELSE t0.c0 END))) IS TRUE)  as count FROM vt1, t0);
SELECT COUNT(*) FROM t0 WHERE (CAST(CASE WHEN t0.c0 THEN t0.c0 END AS INTEGER)) ORDER BY t0.c0  NULLS LAST;
SELECT SUM(count) FROM (SELECT ((CAST(CASE WHEN t0.c0 THEN t0.c0 END AS INTEGER)) IS TRUE)  as count FROM t0 ORDER BY t0.c0  NULLS LAST);
SELECT ALL * FROM vt1 WHERE (CASE WHEN (vt1.c0 IN ()) THEN '-882822789' ELSE ((((vt1.c0)AND(vt1.c0)))OR(vt1.c0)) END) ORDER BY ((((vt1.c0)/(vt1.c0)))IS NOT(((((vt1.c0)AND(vt1.c0)))AND(vt1.c0)))) DESC  NULLS LAST, (((vt1.c0, vt1.c0, vt1.c0, vt1.c0, NULL))<((vt1.c0, vt1.c0, NULL, vt1.c0, vt1.c0))) COLLATE BINARY ASC;
SELECT SUM(count) FROM (SELECT ((CASE WHEN (vt1.c0 IN ()) THEN '-882822789' ELSE ((((vt1.c0)AND(vt1.c0)))OR(vt1.c0)) END) IS TRUE)  as count FROM vt1 ORDER BY ((((vt1.c0)/(vt1.c0)))IS NOT(((((vt1.c0)AND(vt1.c0)))AND(vt1.c0)))) DESC  NULLS LAST, (((vt1.c0, vt1.c0, vt1.c0, vt1.c0, NULL))<((vt1.c0, vt1.c0, NULL, vt1.c0, vt1.c0))) COLLATE BINARY ASC);
SELECT * FROM vt1, t0 WHERE (((((vt1.c0) BETWEEN (t0.c0) AND (vt1.c0)))OR(((((vt1.c0)OR(t0.c0)))OR(t0.c0)))));
SELECT SUM(count) FROM (SELECT ((((((vt1.c0) BETWEEN (t0.c0) AND (vt1.c0)))OR(((((vt1.c0)OR(t0.c0)))OR(t0.c0))))) IS TRUE)  as count FROM vt1, t0 NOT INDEXED);
SELECT ALL * FROM t0, vt1 WHERE ((((t0.c0 COLLATE BINARY))>((((t0.c0)IS NOT(t0.c0))))));
SELECT SUM(count) FROM (SELECT ALL (((((t0.c0 COLLATE BINARY))>((((t0.c0)IS NOT(t0.c0)))))) IS TRUE)  as count FROM t0, vt1);
SELECT COUNT(*) FROM vt1 INNER JOIN t0 ON (((t0.c0))<(((vt1.c0 IN ())))) WHERE ((load_extension(t0.c0) IN ()));
SELECT SUM(count) FROM (SELECT (((load_extension(t0.c0) IN ())) IS TRUE)  as count FROM vt1 INNER JOIN t0 ON (((t0.c0))<(((vt1.c0 IN ())))));
SELECT ALL * FROM t0 WHERE (((t0.c0 COLLATE RTRIM) BETWEEN (((((t0.c0)AND(t0.c0)))OR(t0.c0))) AND (TRIM(t0.c0, t0.c0))));
SELECT SUM(count) FROM (SELECT ((((t0.c0 COLLATE RTRIM) BETWEEN (((((t0.c0)AND(t0.c0)))OR(t0.c0))) AND (TRIM(t0.c0, t0.c0)))) IS TRUE)  as count FROM t0);
SELECT ALL * FROM vt1 LEFT OUTER JOIN t0 ON (((vt1.c0)) NOT BETWEEN (((- (vt1.c0)))) AND (((~ (vt1.c0))))) WHERE ('51466333');
SELECT SUM(count) FROM (SELECT (('51466333') IS TRUE)  as count FROM vt1 LEFT OUTER JOIN t0 ON (((vt1.c0)) NOT BETWEEN (((- (vt1.c0)))) AND (((~ (vt1.c0))))));
SELECT ALL COUNT(*) FROM vt1, t0 WHERE (((((vt1.c0) BETWEEN (t0.c0) AND (t0.c0))) NOT BETWEEN (CASE WHEN t0.c0 THEN t0.c0 WHEN t0.c0 THEN vt1.c0 WHEN t0.c0 THEN 7.29960922E8 ELSE vt1.c0 END) AND (CASE WHEN t0.c0 THEN t0.c0 END))) ORDER BY t0.c0 DESC  NULLS LAST;
SELECT SUM(count) FROM (SELECT ((((((vt1.c0) BETWEEN (t0.c0) AND (t0.c0))) NOT BETWEEN (CASE WHEN t0.c0 THEN t0.c0 WHEN t0.c0 THEN vt1.c0 WHEN t0.c0 THEN 7.29960922E8 ELSE vt1.c0 END) AND (CASE WHEN t0.c0 THEN t0.c0 END))) IS TRUE)  as count FROM vt1, t0 ORDER BY t0.c0 DESC  NULLS LAST);
SELECT ALL COUNT(*) FROM t0, vt1 WHERE (((((vt1.c0)OR(vt1.c0)))AND(vt1.c0)) COLLATE RTRIM);
SELECT SUM(count) FROM (SELECT ALL ((((((vt1.c0)OR(vt1.c0)))AND(vt1.c0)) COLLATE RTRIM) IS TRUE)  as count FROM t0, vt1);
SELECT ALL * FROM t0 RIGHT OUTER JOIN vt1 ON (- ((NOT (vt1.c0)))) WHERE ((CAST(612994093 AS TEXT) IN ()));
SELECT SUM(count) FROM (SELECT (((CAST(612994093 AS TEXT) IN ())) IS TRUE)  as count FROM t0 RIGHT OUTER JOIN vt1 ON (- ((NOT (vt1.c0)))));
SELECT ALL * FROM vt1, t0 WHERE ((NOT (t0.c0))) ORDER BY t0.c0;
SELECT SUM(count) FROM (SELECT (((NOT (t0.c0))) IS TRUE)  as count FROM vt1, t0 ORDER BY t0.c0);
SELECT COUNT(*) FROM vt1 WHERE ((~ (0.7420114077899943))) ORDER BY NULL DESC;
SELECT SUM(count) FROM (SELECT (((~ (0.7420114077899943))) IS TRUE)  as count FROM vt1 ORDER BY NULL DESC);
SELECT COUNT(*) FROM vt1, t0 WHERE (((((vt1.c0)GLOB(t0.c0)))<<(((((0.11581352926616739)AND(vt1.c0)))AND(vt1.c0)))));
SELECT SUM(count) FROM (SELECT ((((((vt1.c0)GLOB(t0.c0)))<<(((((0.11581352926616739)AND(vt1.c0)))AND(vt1.c0))))) IS TRUE)  as count FROM vt1, t0);
SELECT ALL * FROM vt1 WHERE (CAST(((vt1.c0) NOTNULL) AS INTEGER));
SELECT SUM(count) FROM (SELECT ((CAST(((vt1.c0) NOTNULL) AS INTEGER)) IS TRUE)  as count FROM vt1);
SELECT * FROM vt1, t0 WHERE (((t0.c0)>(t0.c0)) COLLATE NOCASE) ORDER BY ((((NULL)IS NOT(vt1.c0)))<=((vt1.c0 IN ()))), (- ('-845053691')), ((CAST(t0.c0 AS TEXT))<<(((((t0.c0)AND('8_fb5ﰧn} ')))OR(t0.c0)))) ASC  NULLS LAST;
SELECT SUM(count) FROM (SELECT ((((t0.c0)>(t0.c0)) COLLATE NOCASE) IS TRUE)  as count FROM vt1, t0 ORDER BY ((((NULL)IS NOT(vt1.c0)))<=((vt1.c0 IN ()))), (- ('-845053691')), ((CAST(t0.c0 AS TEXT))<<(((((t0.c0)AND('8_fb5ﰧn} ')))OR(t0.c0)))) ASC  NULLS LAST);
SELECT * FROM vt1 WHERE (((((((((((vt1.c0)AND(vt1.c0)))OR(vt1.c0)))OR(vt1.c0)))AND(vt1.c0)))|((vt1.c0 IN (vt1.c0))))) ORDER BY vt1.c0  NULLS LAST;
SELECT SUM(count) FROM (SELECT ALL ((((((((((((vt1.c0)AND(vt1.c0)))OR(vt1.c0)))OR(vt1.c0)))AND(vt1.c0)))|((vt1.c0 IN (vt1.c0))))) IS TRUE)  as count FROM vt1 ORDER BY vt1.c0  NULLS LAST);
SELECT * FROM vt1 WHERE (((((((vt1.c0) BETWEEN (vt1.c0) AND (vt1.c0)))AND(((vt1.c0)>(vt1.c0)))))OR(((((vt1.c0)AND(0.15542159686193358)))AND(vt1.c0))))) ORDER BY ((((vt1.c0) IS FALSE)) IS TRUE) ASC  NULLS LAST;
SELECT SUM(count) FROM (SELECT ALL ((((((((vt1.c0) BETWEEN (vt1.c0) AND (vt1.c0)))AND(((vt1.c0)>(vt1.c0)))))OR(((((vt1.c0)AND(0.15542159686193358)))AND(vt1.c0))))) IS TRUE)  as count FROM vt1 ORDER BY ((((vt1.c0) IS FALSE)) IS TRUE) ASC  NULLS LAST);
SELECT ALL * FROM t0 NATURAL JOIN vt1 WHERE ((((''))>((((vt1.c0)GLOB(t0.c0))))));
SELECT SUM(count) FROM (SELECT (((((''))>((((vt1.c0)GLOB(t0.c0)))))) IS TRUE)  as count FROM t0 NATURAL JOIN vt1);
SELECT COUNT(*) FROM t0, vt1 WHERE (((CAST(t0.c0 AS INTEGER)) IS FALSE));
SELECT SUM(count) FROM (SELECT ALL ((((CAST(t0.c0 AS INTEGER)) IS FALSE)) IS TRUE)  as count FROM t0, vt1);
SELECT * FROM vt1, t0 WHERE ((CASE WHEN t0.c0 THEN t0.c0 WHEN vt1.c0 THEN x'' WHEN t0.c0 THEN vt1.c0 ELSE vt1.c0 END IN ((NOT (t0.c0))))) ORDER BY NULL  NULLS LAST, NULL ASC;
SELECT SUM(count) FROM (SELECT ALL (((CASE WHEN t0.c0 THEN t0.c0 WHEN vt1.c0 THEN x'' WHEN t0.c0 THEN vt1.c0 ELSE vt1.c0 END IN ((NOT (t0.c0))))) IS TRUE)  as count FROM vt1, t0 ORDER BY NULL  NULLS LAST, NULL ASC);
SELECT ALL COUNT(*) FROM vt1, t0 WHERE ((((vt1.c0)-(t0.c0)) IN ()));
SELECT SUM(count) FROM (SELECT ALL (((((vt1.c0)-(t0.c0)) IN ())) IS TRUE)  as count FROM vt1, t0);
SELECT * FROM vt1, t0 WHERE (((((vt1.c0))>((t0.c0))) IN ()));
SELECT SUM(count) FROM (SELECT ((((((vt1.c0))>((t0.c0))) IN ())) IS TRUE)  as count FROM vt1, t0);
SELECT ALL * FROM vt1, t0 WHERE (x'');
SELECT SUM(count) FROM (SELECT ALL ((x'') IS TRUE)  as count FROM vt1, t0);
SELECT * FROM vt1 WHERE (HEX(DISTINCT ((vt1.c0)<(vt1.c0)))) ORDER BY CAST(((vt1.c0)+('0.4699461809383261')) AS TEXT);
SELECT SUM(count) FROM (SELECT ((HEX(DISTINCT ((vt1.c0)<(vt1.c0)))) IS TRUE)  as count FROM vt1 ORDER BY CAST(((vt1.c0)+('0.4699461809383261')) AS TEXT));
SELECT ALL COUNT(*) FROM vt1 WHERE ((CASE WHEN NULL THEN vt1.c0 END IN ()));
SELECT SUM(count) FROM (SELECT (((CASE WHEN NULL THEN vt1.c0 END IN ())) IS TRUE)  as count FROM vt1);
SELECT * FROM vt1 RIGHT OUTER JOIN t0 ON (((((vt1.c0))>=((vt1.c0)))) IS TRUE) WHERE (CASE ((t0.c0)<<(t0.c0))  WHEN (((vt1.c0))=((t0.c0))) THEN x'112e' ELSE CAST(vt1.c0 AS TEXT) END) ORDER BY (((((t0.c0))<((t0.c0)))) ISNULL);
SELECT SUM(count) FROM (SELECT ((CASE ((t0.c0)<<(t0.c0))  WHEN (((vt1.c0))=((t0.c0))) THEN x'112e' ELSE CAST(vt1.c0 AS TEXT) END) IS TRUE)  as count FROM vt1 RIGHT OUTER JOIN t0 ON (((((vt1.c0))>=((vt1.c0)))) IS TRUE) ORDER BY (((((t0.c0))<((t0.c0)))) ISNULL));
SELECT ALL COUNT(*) FROM t0 WHERE (((CASE t0.c0  WHEN t0.c0 THEN t0.c0 ELSE t0.c0 END) NOT BETWEEN (t0.c0 COLLATE NOCASE) AND (CAST(t0.c0 AS NUMERIC))));
SELECT SUM(count) FROM (SELECT ((((CASE t0.c0  WHEN t0.c0 THEN t0.c0 ELSE t0.c0 END) NOT BETWEEN (t0.c0 COLLATE NOCASE) AND (CAST(t0.c0 AS NUMERIC)))) IS TRUE)  as count FROM t0);
SELECT ALL COUNT(*) FROM vt1, t0 WHERE ((+ (CAST(0xfffffffffb783a6c AS REAL)))) ORDER BY CAST(CASE WHEN vt1.c0 THEN t0.c0 ELSE t0.c0 END AS INTEGER) ASC  NULLS LAST;
SELECT SUM(count) FROM (SELECT ALL (((+ (CAST(0xfffffffffb783a6c AS REAL)))) IS TRUE)  as count FROM vt1, t0 ORDER BY CAST(CASE WHEN vt1.c0 THEN t0.c0 ELSE t0.c0 END AS INTEGER) ASC  NULLS LAST);
SELECT * FROM vt1, t0 WHERE (((t0.c0 COLLATE BINARY) NOT BETWEEN (((vt1.c0) NOT NULL)) AND ((((t0.c0)) NOT BETWEEN ((t0.c0)) AND ((vt1.c0))))));
SELECT SUM(count) FROM (SELECT ((((t0.c0 COLLATE BINARY) NOT BETWEEN (((vt1.c0) NOT NULL)) AND ((((t0.c0)) NOT BETWEEN ((t0.c0)) AND ((vt1.c0)))))) IS TRUE)  as count FROM vt1, t0);
SELECT ALL * FROM vt1 WHERE ((~ (vt1.c0))) ORDER BY ((((vt1.c0))>((vt1.c0))) IN ()) ASC  NULLS LAST;
SELECT SUM(count) FROM (SELECT ALL (((~ (vt1.c0))) IS TRUE)  as count FROM vt1 ORDER BY ((((vt1.c0))>((vt1.c0))) IN ()) ASC  NULLS LAST);
SELECT ALL COUNT(*) FROM t0 WHERE (((t0.c0) NOT NULL) COLLATE BINARY);
SELECT SUM(count) FROM (SELECT ALL ((((t0.c0) NOT NULL) COLLATE BINARY) IS TRUE)  as count FROM t0);
SELECT ALL COUNT(*) FROM vt1 WHERE ((~ ((~ (vt1.c0)))));
SELECT SUM(count) FROM (SELECT (((~ ((~ (vt1.c0))))) IS TRUE)  as count FROM vt1);
SELECT ALL COUNT(*) FROM t0 WHERE (((((t0.c0) NOT BETWEEN (t0.c0) AND (t0.c0)))*(CAST(t0.c0 AS REAL))));
SELECT SUM(count) FROM (SELECT ((((((t0.c0) NOT BETWEEN (t0.c0) AND (t0.c0)))*(CAST(t0.c0 AS REAL)))) IS TRUE)  as count FROM t0);
SELECT COUNT(*) FROM vt1 WHERE ((NOT (vt1.c0 COLLATE BINARY)));
SELECT SUM(count) FROM (SELECT (((NOT (vt1.c0 COLLATE BINARY))) IS TRUE)  as count FROM vt1);
SELECT ALL COUNT(*) FROM t0, vt1 WHERE ((+ (CASE WHEN t0.c0 THEN vt1.c0 END)));
SELECT SUM(count) FROM (SELECT ALL (((+ (CASE WHEN t0.c0 THEN vt1.c0 END))) IS TRUE)  as count FROM t0, vt1);
SELECT ALL * FROM vt1 WHERE (CAST(((((vt1.c0)OR(vt1.c0)))AND('-173948263')) AS REAL));
SELECT SUM(count) FROM (SELECT ((CAST(((((vt1.c0)OR(vt1.c0)))AND('-173948263')) AS REAL)) IS TRUE)  as count FROM vt1);
SELECT ALL * FROM t0 WHERE ((((t0.c0)) BETWEEN ((0.6859464659843341)) AND ((((((((((t0.c0)OR(t0.c0)))OR(t0.c0)))AND(t0.c0)))OR(x''))))));
SELECT SUM(count) FROM (SELECT ALL (((((t0.c0)) BETWEEN ((0.6859464659843341)) AND ((((((((((t0.c0)OR(t0.c0)))OR(t0.c0)))AND(t0.c0)))OR(x'')))))) IS TRUE)  as count FROM t0);
SELECT COUNT(*) FROM t0, vt1 WHERE (t0.c0);
SELECT SUM(count) FROM (SELECT ((t0.c0) IS TRUE)  as count FROM t0, vt1);
SELECT COUNT(*) FROM vt1, t0 WHERE (((t0.c0) NOT BETWEEN (((((((((t0.c0)AND(t0.c0)))AND(t0.c0)))OR(t0.c0)))OR(vt1.c0))) AND (t0.c0)));
SELECT SUM(count) FROM (SELECT ((((t0.c0) NOT BETWEEN (((((((((t0.c0)AND(t0.c0)))AND(t0.c0)))OR(t0.c0)))OR(vt1.c0))) AND (t0.c0))) IS TRUE)  as count FROM vt1, t0);
SELECT ALL COUNT(*) FROM vt1, t0 WHERE (((vt1.c0) NOT NULL) COLLATE NOCASE);
SELECT SUM(count) FROM (SELECT ((((vt1.c0) NOT NULL) COLLATE NOCASE) IS TRUE)  as count FROM vt1, t0);
SELECT ALL COUNT(*) FROM t0, vt1 WHERE ((- ((((t0.c0)) NOT BETWEEN ((vt1.c0)) AND ((t0.c0)))))) ORDER BY (((((((vt1.c0)AND(t0.c0)))OR(vt1.c0))))>((((t0.c0) BETWEEN (vt1.c0) AND (vt1.c0))))) ASC;
SELECT SUM(count) FROM (SELECT ALL (((- ((((t0.c0)) NOT BETWEEN ((vt1.c0)) AND ((t0.c0)))))) IS TRUE)  as count FROM t0, vt1 ORDER BY (((((((vt1.c0)AND(t0.c0)))OR(vt1.c0))))>((((t0.c0) BETWEEN (vt1.c0) AND (vt1.c0))))) ASC);
SELECT COUNT(*) FROM t0 LEFT OUTER JOIN vt1 ON (((((vt1.c0)) BETWEEN ((t0.c0)) AND ((t0.c0)))) NOTNULL) WHERE (((t0.c0)|(((vt1.c0)>>(t0.c0)))));
SELECT SUM(count) FROM (SELECT ALL ((((t0.c0)|(((vt1.c0)>>(t0.c0))))) IS TRUE)  as count FROM t0 LEFT OUTER JOIN vt1 ON (((((vt1.c0)) BETWEEN ((t0.c0)) AND ((t0.c0)))) NOTNULL));
SELECT * FROM t0 WHERE (((((((t0.c0) NOT BETWEEN (t0.c0) AND (t0.c0)))AND(((t0.c0)%(t0.c0)))))OR(((t0.c0)*(x''))))) ORDER BY ((LOWER(t0.c0))>(((t0.c0)<(t0.c0))))  NULLS FIRST;
SELECT SUM(count) FROM (SELECT ((((((((t0.c0) NOT BETWEEN (t0.c0) AND (t0.c0)))AND(((t0.c0)%(t0.c0)))))OR(((t0.c0)*(x''))))) IS TRUE)  as count FROM t0 ORDER BY ((LOWER(t0.c0))>(((t0.c0)<(t0.c0))))  NULLS FIRST);
SELECT ALL * FROM t0 WHERE (QUOTE(t0.c0 COLLATE NOCASE));
SELECT SUM(count) FROM (SELECT ALL ((QUOTE(t0.c0 COLLATE NOCASE)) IS TRUE)  as count FROM t0);
SELECT COUNT(*) FROM vt1, t0 NOT INDEXED WHERE ((CAST('脅?' AS REAL) IN ())) ORDER BY ((((((t0.c0)<=(vt1.c0)))OR((NOT (x'd4be')))))AND(((((t0.c0)OR(vt1.c0)))OR(t0.c0)))) ASC  NULLS LAST;
SELECT SUM(count) FROM (SELECT ALL (((CAST('脅?' AS REAL) IN ())) IS TRUE)  as count FROM vt1, t0 ORDER BY ((((((t0.c0)<=(vt1.c0)))OR((NOT (x'd4be')))))AND(((((t0.c0)OR(vt1.c0)))OR(t0.c0)))) ASC  NULLS LAST);
SELECT * FROM vt1 WHERE ((NOT (CAST(vt1.c0 AS BLOB)))) ORDER BY ((x'')LIKE(((vt1.c0)>=(vt1.c0))));
SELECT SUM(count) FROM (SELECT ALL (((NOT (CAST(vt1.c0 AS BLOB)))) IS TRUE)  as count FROM vt1 ORDER BY ((x'')LIKE(((vt1.c0)>=(vt1.c0)))));
SELECT * FROM vt1 WHERE (((((vt1.c0)/(vt1.c0))) BETWEEN (vt1.c0) AND (CASE WHEN vt1.c0 THEN vt1.c0 END)));
SELECT SUM(count) FROM (SELECT ALL ((((((vt1.c0)/(vt1.c0))) BETWEEN (vt1.c0) AND (CASE WHEN vt1.c0 THEN vt1.c0 END))) IS TRUE)  as count FROM vt1);
SELECT ALL * FROM vt1, t0 WHERE (UPPER(x''));
SELECT SUM(count) FROM (SELECT ALL ((UPPER(x'')) IS TRUE)  as count FROM vt1, t0);
SELECT ALL * FROM t0 WHERE ((NOT (t0.c0)));
SELECT SUM(count) FROM (SELECT (((NOT (t0.c0))) IS TRUE)  as count FROM t0);
SELECT ALL COUNT(*) FROM t0 WHERE (((t0.c0 COLLATE NOCASE)IS(((t0.c0) NOT BETWEEN (t0.c0) AND (t0.c0))))) ORDER BY LTRIM(((t0.c0)IS(t0.c0)), 'Y|') ASC  NULLS LAST;
SELECT SUM(count) FROM (SELECT ((((t0.c0 COLLATE NOCASE)IS(((t0.c0) NOT BETWEEN (t0.c0) AND (t0.c0))))) IS TRUE)  as count FROM t0 ORDER BY LTRIM(((t0.c0)IS(t0.c0)), 'Y|') ASC  NULLS LAST);
SELECT COUNT(*) FROM vt1, t0 WHERE (((((t0.c0)) NOT BETWEEN ((vt1.c0)) AND ((t0.c0))) IN ())) ORDER BY ((((- (vt1.c0)), ((((t0.c0)AND(NULL)))OR(t0.c0)), vt1.c0 COLLATE BINARY))==((CAST(vt1.c0 AS NUMERIC), json_array_length(vt1.c0, t0.c0), (t0.c0 IN ())))) ASC  NULLS LAST, CASE WHEN CASE WHEN vt1.c0 THEN vt1.c0 ELSE t0.c0 END THEN vt1.c0 WHEN json_remove(vt1.c0, t0.c0) THEN SUBSTR(t0.c0, t0.c0) WHEN ((((vt1.c0)AND(0.3009456065477194)))OR(t0.c0)) THEN t0.c0 END ASC, x'';
SELECT SUM(count) FROM (SELECT ((((((t0.c0)) NOT BETWEEN ((vt1.c0)) AND ((t0.c0))) IN ())) IS TRUE)  as count FROM vt1, t0 ORDER BY ((((- (vt1.c0)), ((((t0.c0)AND(NULL)))OR(t0.c0)), vt1.c0 COLLATE BINARY))=((CAST(vt1.c0 AS NUMERIC), json_array_length(vt1.c0, t0.c0), (t0.c0 IN ())))) ASC  NULLS LAST, CASE WHEN CASE WHEN vt1.c0 THEN vt1.c0 ELSE t0.c0 END THEN vt1.c0 WHEN json_remove(vt1.c0, t0.c0) THEN SUBSTR(t0.c0, t0.c0) WHEN ((((vt1.c0)AND(0.3009456065477194)))OR(t0.c0)) THEN t0.c0 END ASC, x'');
SELECT ALL * FROM t0 WHERE (json_array_length(((t0.c0)>(t0.c0)), (t0.c0 IN ())));
SELECT SUM(count) FROM (SELECT ((json_array_length(((t0.c0)>(t0.c0)), (t0.c0 IN ()))) IS TRUE)  as count FROM t0);
SELECT * FROM t0 FULL OUTER JOIN vt1 ON (CASE WHEN vt1.c0 THEN t0.c0 ELSE t0.c0 END IN ()) WHERE (vt1.c0);
SELECT SUM(count) FROM (SELECT ALL ((vt1.c0) IS TRUE)  as count FROM t0 FULL OUTER JOIN vt1 ON (CASE WHEN vt1.c0 THEN t0.c0 ELSE t0.c0 END IN ()));
SELECT ALL COUNT(*) FROM t0 WHERE (((((((t0.c0) IS FALSE))OR((t0.c0 IN ()))))OR(CAST(t0.c0 AS REAL)))) ORDER BY (((CAST(t0.c0 AS REAL)))<>(((+ (t0.c0))))) DESC  NULLS LAST;
SELECT SUM(count) FROM (SELECT ((((((((t0.c0) IS FALSE))OR((t0.c0 IN ()))))OR(CAST(t0.c0 AS REAL)))) IS TRUE)  as count FROM t0 ORDER BY (((CAST(t0.c0 AS REAL)))<>(((+ (t0.c0))))) DESC  NULLS LAST);
SELECT * FROM t0, vt1 WHERE (((((((((((((CAST(x'' AS REAL))AND(vt1.c0 COLLATE RTRIM)))AND(926336450)))AND(((t0.c0)=(t0.c0)))))OR(((NULL)<=(t0.c0)))))OR((NOT (t0.c0)))))OR(((t0.c0)*('-50205380'))))) ORDER BY CASE t0.c0 COLLATE RTRIM  WHEN ((t0.c0) NOT BETWEEN (vt1.c0) AND (vt1.c0)) THEN ((t0.c0) IS FALSE) WHEN CASE t0.c0  WHEN t0.c0 THEN vt1.c0 WHEN '-722914074' THEN '1751756732' WHEN vt1.c0 THEN t0.c0 END THEN ((vt1.c0)!=(vt1.c0)) WHEN (((t0.c0)) BETWEEN ((vt1.c0)) AND ((vt1.c0))) THEN (vt1.c0 IN ()) ELSE CASE t0.c0  WHEN t0.c0 THEN vt1.c0 WHEN vt1.c0 THEN vt1.c0 WHEN t0.c0 THEN t0.c0 END END DESC  NULLS FIRST;
SELECT SUM(count) FROM (SELECT ((((((((((((((CAST(x'' AS REAL))AND(vt1.c0 COLLATE RTRIM)))AND(926336450)))AND(((t0.c0)=(t0.c0)))))OR(((NULL)<=(t0.c0)))))OR((NOT (t0.c0)))))OR(((t0.c0)*('-50205380'))))) IS TRUE)  as count FROM t0, vt1 ORDER BY CASE t0.c0 COLLATE RTRIM  WHEN ((t0.c0) NOT BETWEEN (vt1.c0) AND (vt1.c0)) THEN ((t0.c0) IS FALSE) WHEN CASE t0.c0  WHEN t0.c0 THEN vt1.c0 WHEN '-722914074' THEN '1751756732' WHEN vt1.c0 THEN t0.c0 END THEN ((vt1.c0)<>(vt1.c0)) WHEN (((t0.c0)) BETWEEN ((vt1.c0)) AND ((vt1.c0))) THEN (vt1.c0 IN ()) ELSE CASE t0.c0  WHEN t0.c0 THEN vt1.c0 WHEN vt1.c0 THEN vt1.c0 WHEN t0.c0 THEN t0.c0 END END DESC  NULLS FIRST);
SELECT * FROM vt1, t0 WHERE (INSTR((((t0.c0, vt1.c0, vt1.c0)) NOT BETWEEN ((vt1.c0, vt1.c0, t0.c0)) AND ((t0.c0, vt1.c0, vt1.c0))), vt1.c0)) ORDER BY (vt1.c0 COLLATE NOCASE IN ());
SELECT SUM(count) FROM (SELECT ((INSTR((((t0.c0, vt1.c0, vt1.c0)) NOT BETWEEN ((vt1.c0, vt1.c0, t0.c0)) AND ((t0.c0, vt1.c0, vt1.c0))), vt1.c0)) IS TRUE)  as count FROM vt1, t0 ORDER BY (vt1.c0 COLLATE NOCASE IN ()));
SELECT * FROM t0, vt1 WHERE ((vt1.c0 COLLATE BINARY IN ())) ORDER BY CASE TYPEOF(vt1.c0)  WHEN ((((vt1.c0)AND(vt1.c0)))OR(t0.c0)) THEN ((t0.c0)=(vt1.c0)) WHEN ((0Xffffffffcbef317b)|(t0.c0)) THEN (((0.9112947854460633, t0.c0, vt1.c0)) BETWEEN ((vt1.c0, NULL, t0.c0)) AND ((vt1.c0, NULL, vt1.c0))) WHEN ((((vt1.c0)OR(t0.c0)))OR(vt1.c0)) THEN CAST(vt1.c0 AS TEXT) END  NULLS FIRST;
SELECT SUM(count) FROM (SELECT ALL (((vt1.c0 COLLATE BINARY IN ())) IS TRUE)  as count FROM t0, vt1 ORDER BY CASE TYPEOF(vt1.c0)  WHEN ((((vt1.c0)AND(vt1.c0)))OR(t0.c0)) THEN ((t0.c0)=(vt1.c0)) WHEN ((0xffffffffcbef317b)|(t0.c0)) THEN (((0.9112947854460633, t0.c0, vt1.c0)) BETWEEN ((vt1.c0, NULL, t0.c0)) AND ((vt1.c0, NULL, vt1.c0))) WHEN ((((vt1.c0)OR(t0.c0)))OR(vt1.c0)) THEN CAST(vt1.c0 AS TEXT) END  NULLS FIRST);
SELECT * FROM t0, vt1 WHERE (CAST(((t0.c0)<(t0.c0)) AS BLOB)) ORDER BY (((((vt1.c0)||('1035456869'))))<=(((vt1.c0 IN (t0.c0)))));
SELECT SUM(count) FROM (SELECT ALL ((CAST(((t0.c0)<(t0.c0)) AS BLOB)) IS TRUE)  as count FROM t0, vt1 ORDER BY (((((vt1.c0)||('1035456869'))))<=(((vt1.c0 IN (t0.c0))))));
SELECT * FROM vt1 WHERE (((((vt1.c0) IS TRUE)) ISNULL));
SELECT SUM(count) FROM (SELECT ALL ((((((vt1.c0) IS TRUE)) ISNULL)) IS TRUE)  as count FROM vt1);
SELECT * FROM t0 WHERE (((((t0.c0)AND(t0.c0)))AND(t0.c0)) COLLATE BINARY);
SELECT SUM(count) FROM (SELECT ((((((t0.c0)AND(t0.c0)))AND(t0.c0)) COLLATE BINARY) IS TRUE)  as count FROM t0);
SELECT ALL * FROM vt1, t0 WHERE (((((63562077) NOT BETWEEN (vt1.c0) AND (vt1.c0))) NOT BETWEEN (((vt1.c0)&(t0.c0))) AND (vt1.c0 COLLATE BINARY))) ORDER BY ((((vt1.c0)+(t0.c0)))GLOB(t0.c0 COLLATE NOCASE))  NULLS LAST, ((vt1.c0 COLLATE RTRIM)%((NULL IN ()))) ASC  NULLS FIRST;
SELECT SUM(count) FROM (SELECT ALL ((((((63562077) NOT BETWEEN (vt1.c0) AND (vt1.c0))) NOT BETWEEN (((vt1.c0)&(t0.c0))) AND (vt1.c0 COLLATE BINARY))) IS TRUE)  as count FROM vt1, t0 ORDER BY ((((vt1.c0)+(t0.c0)))GLOB(t0.c0 COLLATE NOCASE))  NULLS LAST, ((vt1.c0 COLLATE RTRIM)%((NULL IN ()))) ASC  NULLS FIRST);
SELECT COUNT(*) FROM vt1 WHERE (((vt1.c0)-(((vt1.c0)GLOB(vt1.c0))))) ORDER BY (~ (CAST(vt1.c0 AS NUMERIC))) ASC;
SELECT SUM(count) FROM (SELECT ((((vt1.c0)-(((vt1.c0)GLOB(vt1.c0))))) IS TRUE)  as count FROM vt1 ORDER BY (~ (CAST(vt1.c0 AS NUMERIC))) ASC);
SELECT ALL * FROM vt1 WHERE (((vt1.c0 COLLATE NOCASE)<>((('㡨K3TrNj*')/(vt1.c0)))));
SELECT SUM(count) FROM (SELECT ALL ((((vt1.c0 COLLATE NOCASE)<>((('㡨K3TrNj*')/(vt1.c0))))) IS TRUE)  as count FROM vt1);
SELECT COUNT(*) FROM t0, vt1 NOT INDEXED WHERE (((((t0.c0)&(t0.c0))) NOT BETWEEN (((t0.c0)LIKE(t0.c0))) AND (NULLIF(vt1.c0, vt1.c0))));
SELECT SUM(count) FROM (SELECT ALL ((((((t0.c0)&(t0.c0))) NOT BETWEEN (((t0.c0)LIKE(t0.c0))) AND (NULLIF(vt1.c0, vt1.c0)))) IS TRUE)  as count FROM t0, vt1);
SELECT ALL COUNT(*) FROM vt1 WHERE (((((vt1.c0) NOT NULL))LIKE(((((vt1.c0)OR(vt1.c0)))OR(vt1.c0)))));
SELECT SUM(count) FROM (SELECT ALL ((((((vt1.c0) NOT NULL))LIKE(((((vt1.c0)OR(vt1.c0)))OR(vt1.c0))))) IS TRUE)  as count FROM vt1);
SELECT * FROM t0 WHERE ((((CASE WHEN t0.c0 THEN t0.c0 ELSE t0.c0 END, ((t0.c0)&(t0.c0)), (+ (t0.c0))))!=(((((t0.c0, '', 1732493145))<>((t0.c0, t0.c0, t0.c0))), ((((t0.c0)AND(t0.c0)))OR(t0.c0)), -1.7976931348623157E308))));
SELECT SUM(count) FROM (SELECT (((((CASE WHEN t0.c0 THEN t0.c0 ELSE t0.c0 END, ((t0.c0)&(t0.c0)), (+ (t0.c0))))!=(((((t0.c0, '', 1732493145))<>((t0.c0, t0.c0, t0.c0))), ((((t0.c0)AND(t0.c0)))OR(t0.c0)), -1.7976931348623157E308)))) IS TRUE)  as count FROM t0);
SELECT COUNT(*) FROM vt1, t0 WHERE (CASE ((t0.c0)LIKE(t0.c0))  WHEN (x'' IN ()) THEN ((t0.c0)+(vt1.c0)) WHEN t0.c0 THEN vt1.c0 WHEN t0.c0 COLLATE NOCASE THEN CAST(vt1.c0 AS BLOB) ELSE ((t0.c0) NOT NULL) END) ORDER BY ((((t0.c0)<<(t0.c0)))/(((((vt1.c0)OR(vt1.c0)))OR(t0.c0))));
SELECT SUM(count) FROM (SELECT ((CASE ((t0.c0)LIKE(t0.c0))  WHEN (x'' IN ()) THEN ((t0.c0)+(vt1.c0)) WHEN t0.c0 THEN vt1.c0 WHEN t0.c0 COLLATE NOCASE THEN CAST(vt1.c0 AS BLOB) ELSE ((t0.c0) NOT NULL) END) IS TRUE)  as count FROM vt1, t0 ORDER BY ((((t0.c0)<<(t0.c0)))/(((((vt1.c0)OR(vt1.c0)))OR(t0.c0)))));
SELECT COUNT(*) FROM t0, vt1 WHERE (CAST(CASE vt1.c0  WHEN t0.c0 THEN vt1.c0 ELSE t0.c0 END AS TEXT)) ORDER BY (((vt1.c0, vt1.c0, t0.c0))<=((t0.c0, t0.c0, vt1.c0))) COLLATE NOCASE ASC;
SELECT SUM(count) FROM (SELECT ALL ((CAST(CASE vt1.c0  WHEN t0.c0 THEN vt1.c0 ELSE t0.c0 END AS TEXT)) IS TRUE)  as count FROM t0, vt1 ORDER BY (((vt1.c0, vt1.c0, t0.c0))<=((t0.c0, t0.c0, vt1.c0))) COLLATE NOCASE ASC);
SELECT ALL * FROM t0, vt1 WHERE (CASE WHEN ((((t0.c0)AND(0.5204581865655409)))OR(t0.c0)) THEN ((t0.c0)<>(t0.c0)) END) ORDER BY CAST(((((vt1.c0)AND(t0.c0)))AND('5')) AS NUMERIC) DESC;
SELECT SUM(count) FROM (SELECT ALL ((CASE WHEN ((((t0.c0)AND(0.5204581865655409)))OR(t0.c0)) THEN ((t0.c0)!=(t0.c0)) END) IS TRUE)  as count FROM t0, vt1 ORDER BY CAST(((((vt1.c0)AND(t0.c0)))AND('5')) AS NUMERIC) DESC);
SELECT * FROM t0, vt1 WHERE (CAST((vt1.c0 IN ()) AS REAL));
SELECT SUM(count) FROM (SELECT ALL ((CAST((vt1.c0 IN ()) AS REAL)) IS TRUE)  as count FROM t0, vt1);
SELECT ALL * FROM vt1 WHERE (((vt1.c0 COLLATE RTRIM) BETWEEN (((((((((vt1.c0)AND(vt1.c0)))OR('-152220370')))OR(0Xffffffffb1ffbc92)))AND(vt1.c0))) AND ((~ (NULL))))) ORDER BY (((((vt1.c0))==((vt1.c0))))IS NOT(CASE vt1.c0  WHEN vt1.c0 THEN vt1.c0 END)) DESC  NULLS LAST, '-672843108', vt1.c0 ASC  NULLS LAST;
SELECT SUM(count) FROM (SELECT ((((vt1.c0 COLLATE RTRIM) BETWEEN (((((((((vt1.c0)AND(vt1.c0)))OR('-152220370')))OR(0xffffffffb1ffbc92)))AND(vt1.c0))) AND ((~ (NULL))))) IS TRUE)  as count FROM vt1 ORDER BY (((((vt1.c0))=((vt1.c0))))IS NOT(CASE vt1.c0  WHEN vt1.c0 THEN vt1.c0 END)) DESC  NULLS LAST, '-672843108', vt1.c0 ASC  NULLS LAST);
SELECT ALL * FROM vt1 WHERE (((CAST(vt1.c0 AS BLOB)) BETWEEN (((vt1.c0) NOT NULL)) AND ((vt1.c0 IN ()))));
SELECT SUM(count) FROM (SELECT ALL ((((CAST(vt1.c0 AS BLOB)) BETWEEN (((vt1.c0) NOT NULL)) AND ((vt1.c0 IN ())))) IS TRUE)  as count FROM vt1);
SELECT ALL COUNT(*) FROM t0 WHERE (CASE WHEN t0.c0 COLLATE BINARY THEN ((0.4731797098430255) ISNULL) WHEN ((t0.c0)>>(t0.c0)) THEN NULL COLLATE NOCASE WHEN ((t0.c0) NOT NULL) THEN (t0.c0 IN (t0.c0)) ELSE (NOT (t0.c0)) END) ORDER BY (~ (CASE t0.c0  WHEN t0.c0 THEN t0.c0 END)) DESC  NULLS LAST;
SELECT SUM(count) FROM (SELECT ((CASE WHEN t0.c0 COLLATE BINARY THEN ((0.4731797098430255) ISNULL) WHEN ((t0.c0)>>(t0.c0)) THEN NULL COLLATE NOCASE WHEN ((t0.c0) NOT NULL) THEN (t0.c0 IN (t0.c0)) ELSE (NOT (t0.c0)) END) IS TRUE)  as count FROM t0 ORDER BY (~ (CASE t0.c0  WHEN t0.c0 THEN t0.c0 END)) DESC  NULLS LAST);
SELECT ALL COUNT(*) FROM t0, vt1 WHERE ((NOT (CASE t0.c0  WHEN vt1.c0 THEN vt1.c0 WHEN '' THEN vt1.c0 WHEN vt1.c0 THEN t0.c0 WHEN NULL THEN 0.2883007476905848 WHEN t0.c0 THEN t0.c0 ELSE vt1.c0 END)));
SELECT SUM(count) FROM (SELECT ALL (((NOT (CASE t0.c0  WHEN vt1.c0 THEN vt1.c0 WHEN '' THEN vt1.c0 WHEN vt1.c0 THEN t0.c0 WHEN NULL THEN 0.2883007476905848 WHEN t0.c0 THEN t0.c0 ELSE vt1.c0 END))) IS TRUE)  as count FROM t0, vt1);
SELECT COUNT(*) FROM vt1 WHERE (CAST(CASE WHEN vt1.c0 THEN vt1.c0 ELSE vt1.c0 END AS NUMERIC)) ORDER BY UNLIKELY(CAST(vt1.c0 AS INTEGER)) DESC;
SELECT SUM(count) FROM (SELECT ALL ((CAST(CASE WHEN vt1.c0 THEN vt1.c0 ELSE vt1.c0 END AS NUMERIC)) IS TRUE)  as count FROM vt1 ORDER BY UNLIKELY(CAST(vt1.c0 AS INTEGER)) DESC);
SELECT ALL COUNT(*) FROM vt1, t0 WHERE ((CAST(t0.c0 AS NUMERIC) IN ()));
SELECT SUM(count) FROM (SELECT ALL (((CAST(t0.c0 AS NUMERIC) IN ())) IS TRUE)  as count FROM vt1, t0);
SELECT * FROM t0, vt1 WHERE ((((vt1.c0 IN ())) NOT BETWEEN (((t0.c0)||(t0.c0))) AND (t0.c0)));
SELECT SUM(count) FROM (SELECT ALL (((((vt1.c0 IN ())) NOT BETWEEN (((t0.c0)||(t0.c0))) AND (t0.c0))) IS TRUE)  as count FROM t0 NOT INDEXED, vt1);
SELECT ALL COUNT(*) FROM t0 WHERE ((NOT (((t0.c0)&(t0.c0))))) ORDER BY (+ (((t0.c0) NOT BETWEEN (t0.c0) AND (t0.c0)))) DESC  NULLS FIRST, highlight(t0.c0 COLLATE BINARY, (- (t0.c0)), ((t0.c0)!=(t0.c0)), ((((((((t0.c0)OR(t0.c0)))OR(t0.c0)))AND(t0.c0)))OR(t0.c0))) DESC;
SELECT SUM(count) FROM (SELECT (((NOT (((t0.c0)&(t0.c0))))) IS TRUE)  as count FROM t0 ORDER BY (+ (((t0.c0) NOT BETWEEN (t0.c0) AND (t0.c0)))) DESC  NULLS FIRST, highlight(t0.c0 COLLATE BINARY, (- (t0.c0)), ((t0.c0)<>(t0.c0)), ((((((((t0.c0)OR(t0.c0)))OR(t0.c0)))AND(t0.c0)))OR(t0.c0))) DESC);
SELECT ALL COUNT(*) FROM vt1 WHERE (NULLIF(DISTINCT (vt1.c0 IN ('')), vt1.c0 COLLATE NOCASE)) ORDER BY vt1.c0 ASC  NULLS LAST;
SELECT SUM(count) FROM (SELECT ALL ((NULLIF(DISTINCT (vt1.c0 IN ('')), vt1.c0 COLLATE NOCASE)) IS TRUE)  as count FROM vt1 ORDER BY vt1.c0 ASC  NULLS LAST);
SELECT COUNT(*) FROM t0, vt1 WHERE ((((NOT (vt1.c0)))|(CASE t0.c0  WHEN t0.c0 THEN vt1.c0 ELSE vt1.c0 END)));
SELECT SUM(count) FROM (SELECT (((((NOT (vt1.c0)))|(CASE t0.c0  WHEN t0.c0 THEN vt1.c0 ELSE vt1.c0 END))) IS TRUE)  as count FROM t0, vt1);
SELECT * FROM vt1 NATURAL JOIN t0 WHERE (NULL COLLATE BINARY);
SELECT SUM(count) FROM (SELECT ((NULL COLLATE BINARY) IS TRUE)  as count FROM vt1 NATURAL JOIN t0);
SELECT ALL COUNT(*) FROM t0 WHERE (UNICODE((+ (t0.c0)))) ORDER BY (NOT ((((t0.c0)) NOT BETWEEN (('')) AND ((t0.c0)))))  NULLS FIRST;
SELECT SUM(count) FROM (SELECT ((UNICODE((+ (t0.c0)))) IS TRUE)  as count FROM t0 ORDER BY (NOT ((((t0.c0)) NOT BETWEEN (('')) AND ((t0.c0)))))  NULLS FIRST);
SELECT COUNT(*) FROM vt1 WHERE (((((vt1.c0)AND(TRIM(vt1.c0))))OR(CAST(vt1.c0 AS INTEGER)))) ORDER BY ABS(((vt1.c0) NOT BETWEEN (vt1.c0) AND (vt1.c0))) DESC;
SELECT SUM(count) FROM (SELECT ALL ((((((vt1.c0)AND(TRIM(vt1.c0))))OR(CAST(vt1.c0 AS INTEGER)))) IS TRUE)  as count FROM vt1 ORDER BY ABS(((vt1.c0) NOT BETWEEN (vt1.c0) AND (vt1.c0))) DESC);
SELECT ALL * FROM vt1 WHERE (CASE vt1.c0  WHEN CAST(vt1.c0 AS INTEGER) THEN CAST(vt1.c0 AS NUMERIC) ELSE vt1.c0 END) ORDER BY (- (CAST(vt1.c0 AS REAL))) ASC;
SELECT SUM(count) FROM (SELECT ALL ((CASE vt1.c0  WHEN CAST(vt1.c0 AS INTEGER) THEN CAST(vt1.c0 AS NUMERIC) ELSE vt1.c0 END) IS TRUE)  as count FROM vt1 ORDER BY (- (CAST(vt1.c0 AS REAL))) ASC);
SELECT COUNT(*) FROM vt1, t0 WHERE (((((t0.c0) NOT BETWEEN (t0.c0) AND (t0.c0)))/(CASE WHEN t0.c0 THEN vt1.c0 WHEN vt1.c0 THEN t0.c0 WHEN vt1.c0 THEN vt1.c0 END))) ORDER BY ((CASE vt1.c0  WHEN vt1.c0 THEN t0.c0 WHEN x'' THEN t0.c0 WHEN vt1.c0 THEN t0.c0 ELSE vt1.c0 END) NOTNULL) DESC  NULLS FIRST, CASE WHEN vt1.c0 THEN '1476197367' ELSE ((t0.c0) NOTNULL) END DESC  NULLS LAST;
SELECT SUM(count) FROM (SELECT ALL ((((((t0.c0) NOT BETWEEN (t0.c0) AND (t0.c0)))/(CASE WHEN t0.c0 THEN vt1.c0 WHEN vt1.c0 THEN t0.c0 WHEN vt1.c0 THEN vt1.c0 END))) IS TRUE)  as count FROM vt1, t0 ORDER BY ((CASE vt1.c0  WHEN vt1.c0 THEN t0.c0 WHEN x'' THEN t0.c0 WHEN vt1.c0 THEN t0.c0 ELSE vt1.c0 END) NOTNULL) DESC  NULLS FIRST, CASE WHEN vt1.c0 THEN '1476197367' ELSE ((t0.c0) NOTNULL) END DESC  NULLS LAST);
SELECT ALL * FROM vt1 WHERE (((LIKELY(vt1.c0)) NOT NULL)) ORDER BY ((((vt1.c0 IN ()), NULL, ((vt1.c0) IS TRUE)))>=((((((vt1.c0)OR(vt1.c0)))AND(vt1.c0)), CASE WHEN vt1.c0 THEN vt1.c0 ELSE vt1.c0 END, ((vt1.c0)<(vt1.c0))))) DESC, LIKELIHOOD(DISTINCT CASE WHEN vt1.c0 THEN vt1.c0 WHEN vt1.c0 THEN vt1.c0 WHEN vt1.c0 THEN vt1.c0 WHEN vt1.c0 THEN vt1.c0 WHEN vt1.c0 THEN vt1.c0 ELSE 1165833681 END, 0.621233491058202)  NULLS FIRST, (~ (CASE vt1.c0  WHEN vt1.c0 THEN vt1.c0 WHEN vt1.c0 THEN vt1.c0 WHEN vt1.c0 THEN vt1.c0 ELSE x'' END)) ASC  NULLS LAST;
SELECT SUM(count) FROM (SELECT ALL ((((LIKELY(vt1.c0)) NOT NULL)) IS TRUE)  as count FROM vt1 ORDER BY ((((vt1.c0 IN ()), NULL, ((vt1.c0) IS TRUE)))>=((((((vt1.c0)OR(vt1.c0)))AND(vt1.c0)), CASE WHEN vt1.c0 THEN vt1.c0 ELSE vt1.c0 END, ((vt1.c0)<(vt1.c0))))) DESC, LIKELIHOOD(DISTINCT CASE WHEN vt1.c0 THEN vt1.c0 WHEN vt1.c0 THEN vt1.c0 WHEN vt1.c0 THEN vt1.c0 WHEN vt1.c0 THEN vt1.c0 WHEN vt1.c0 THEN vt1.c0 ELSE 1165833681 END, 0.621233491058202)  NULLS FIRST, (~ (CASE vt1.c0  WHEN vt1.c0 THEN vt1.c0 WHEN vt1.c0 THEN vt1.c0 WHEN vt1.c0 THEN vt1.c0 ELSE x'' END)) ASC  NULLS LAST);
SELECT COUNT(*) FROM vt1, t0 WHERE (((vt1.c0)LIKE(vt1.c0)) COLLATE RTRIM) ORDER BY ((((t0.c0) NOT BETWEEN (vt1.c0) AND (vt1.c0))) IS TRUE);
SELECT SUM(count) FROM (SELECT ALL ((((vt1.c0)LIKE(vt1.c0)) COLLATE RTRIM) IS TRUE)  as count FROM vt1, t0 ORDER BY ((((t0.c0) NOT BETWEEN (vt1.c0) AND (vt1.c0))) IS TRUE));
SELECT * FROM vt1, t0 WHERE (((t0.c0 COLLATE RTRIM) BETWEEN ((vt1.c0 IN ())) AND ((((vt1.c0))<>(('')))))) ORDER BY ((t0.c0) BETWEEN (LIKELIHOOD(DISTINCT t0.c0, 0.24669940797134782)) AND (NULL)) ASC;
SELECT SUM(count) FROM (SELECT ALL ((((t0.c0 COLLATE RTRIM) BETWEEN ((vt1.c0 IN ())) AND ((((vt1.c0))!=(('')))))) IS TRUE)  as count FROM vt1, t0 ORDER BY ((t0.c0) BETWEEN (LIKELIHOOD(DISTINCT t0.c0, 0.24669940797134782)) AND (NULL)) ASC);
SELECT * FROM vt1 NOT INDEXED, t0 WHERE (((((t0.c0) BETWEEN (t0.c0) AND (vt1.c0)))IS(CASE vt1.c0  WHEN vt1.c0 THEN t0.c0 END))) ORDER BY ((x'ece9')<=((NOT (vt1.c0))))  NULLS FIRST;
SELECT SUM(count) FROM (SELECT ALL ((((((t0.c0) BETWEEN (t0.c0) AND (vt1.c0)))IS(CASE vt1.c0  WHEN vt1.c0 THEN t0.c0 END))) IS TRUE)  as count FROM vt1, t0 ORDER BY ((x'ece9')<=((NOT (vt1.c0))))  NULLS FIRST);
SELECT ALL * FROM t0 WHERE ((t0.c0 IN ()) COLLATE BINARY);
SELECT SUM(count) FROM (SELECT ALL (((t0.c0 IN ()) COLLATE BINARY) IS TRUE)  as count FROM t0);
SELECT ALL COUNT(*) FROM t0, vt1 WHERE (LOWER(CAST(vt1.c0 AS TEXT))) ORDER BY ((((((((vt1.c0 COLLATE NOCASE)AND(((vt1.c0) NOT BETWEEN (t0.c0) AND (t0.c0)))))AND((((vt1.c0, vt1.c0, t0.c0)) BETWEEN ((vt1.c0, t0.c0, t0.c0)) AND ((vt1.c0, t0.c0, vt1.c0))))))AND(((((((((vt1.c0)OR('133419120')))AND(t0.c0)))OR(t0.c0)))AND(vt1.c0)))))OR(SQLITE_SOURCE_ID()))  NULLS LAST;
SELECT SUM(count) FROM (SELECT ALL ((LOWER(CAST(vt1.c0 AS TEXT))) IS TRUE)  as count FROM t0, vt1 ORDER BY ((((((((vt1.c0 COLLATE NOCASE)AND(((vt1.c0) NOT BETWEEN (t0.c0) AND (t0.c0)))))AND((((vt1.c0, vt1.c0, t0.c0)) BETWEEN ((vt1.c0, t0.c0, t0.c0)) AND ((vt1.c0, t0.c0, vt1.c0))))))AND(((((((((vt1.c0)OR('133419120')))AND(t0.c0)))OR(t0.c0)))AND(vt1.c0)))))OR(SQLITE_SOURCE_ID()))  NULLS LAST);
SELECT COUNT(*) FROM vt1, t0 WHERE (UPPER(x'')) ORDER BY (t0.c0 IN ()) COLLATE BINARY, t0.c0 DESC  NULLS LAST, CAST(NULL AS NUMERIC);
SELECT SUM(count) FROM (SELECT ((UPPER(x'')) IS TRUE)  as count FROM vt1, t0 ORDER BY (t0.c0 IN ()) COLLATE BINARY, t0.c0 DESC  NULLS LAST, CAST(NULL AS NUMERIC));
SELECT ALL * FROM vt1, t0 WHERE ((NOT (((t0.c0) BETWEEN (t0.c0) AND (t0.c0))))) ORDER BY (+ (((((t0.c0)OR(t0.c0)))AND(x'd567'))))  NULLS FIRST, (((vt1.c0, t0.c0, t0.c0)) BETWEEN (((+ ('2116704423')), (t0.c0 IN ()), ((t0.c0) ISNULL))) AND ((-1015569210 COLLATE BINARY, ((t0.c0) NOT BETWEEN (vt1.c0) AND (t0.c0)), ((t0.c0)IS(vt1.c0)))))  NULLS FIRST;
SELECT SUM(count) FROM (SELECT ALL (((NOT (((t0.c0) BETWEEN (t0.c0) AND (t0.c0))))) IS TRUE)  as count FROM vt1, t0 ORDER BY (+ (((((t0.c0)OR(t0.c0)))AND(x'd567'))))  NULLS FIRST, (((vt1.c0, t0.c0, t0.c0)) BETWEEN (((+ ('2116704423')), (t0.c0 IN ()), ((t0.c0) ISNULL))) AND ((-1015569210 COLLATE BINARY, ((t0.c0) NOT BETWEEN (vt1.c0) AND (t0.c0)), ((t0.c0)IS(vt1.c0)))))  NULLS FIRST);
SELECT ALL * FROM vt1 LEFT OUTER JOIN t0 ON ((CASE WHEN t0.c0 THEN t0.c0 ELSE vt1.c0 END)<=(CAST(NULL AS BLOB))) WHERE (COALESCE(DISTINCT ((t0.c0) NOT NULL), ((vt1.c0) NOTNULL), ((vt1.c0) BETWEEN (vt1.c0) AND (t0.c0)), ((vt1.c0)OR(vt1.c0)))) ORDER BY CAST(t0.c0 AS NUMERIC) COLLATE BINARY  NULLS LAST, (((- (vt1.c0))) NOT NULL);
SELECT SUM(count) FROM (SELECT ALL ((COALESCE(DISTINCT ((t0.c0) NOT NULL), ((vt1.c0) NOTNULL), ((vt1.c0) BETWEEN (vt1.c0) AND (t0.c0)), ((vt1.c0)OR(vt1.c0)))) IS TRUE)  as count FROM vt1 LEFT OUTER JOIN t0 ON ((CASE WHEN t0.c0 THEN t0.c0 ELSE vt1.c0 END)<=(CAST(NULL AS BLOB))) ORDER BY CAST(t0.c0 AS NUMERIC) COLLATE BINARY  NULLS LAST, (((- (vt1.c0))) NOT NULL));
SELECT COUNT(*) FROM t0 WHERE ((~ ((t0.c0 IN ()))));
SELECT SUM(count) FROM (SELECT ALL (((~ ((t0.c0 IN ())))) IS TRUE)  as count FROM t0);
SELECT ALL COUNT(*) FROM vt1 WHERE ((((NULL)) BETWEEN ((CAST(vt1.c0 AS NUMERIC))) AND ((highlight(NULL, vt1.c0, vt1.c0, vt1.c0))))) ORDER BY CAST(((vt1.c0) IS FALSE) AS BLOB) ASC;
SELECT SUM(count) FROM (SELECT (((((NULL)) BETWEEN ((CAST(vt1.c0 AS NUMERIC))) AND ((highlight(NULL, vt1.c0, vt1.c0, vt1.c0))))) IS TRUE)  as count FROM vt1 ORDER BY CAST(((vt1.c0) IS FALSE) AS BLOB) ASC);
SELECT COUNT(*) FROM t0 WHERE ((((t0.c0)) BETWEEN ((t0.c0 COLLATE NOCASE)) AND ((CAST(t0.c0 AS BLOB)))));
SELECT SUM(count) FROM (SELECT (((((t0.c0)) BETWEEN ((t0.c0 COLLATE NOCASE)) AND ((CAST(t0.c0 AS BLOB))))) IS TRUE)  as count FROM t0);
SELECT * FROM t0 WHERE ((- (((t0.c0) NOTNULL))));
SELECT SUM(count) FROM (SELECT ALL (((- (((t0.c0) NOTNULL)))) IS TRUE)  as count FROM t0);
SELECT * FROM vt1 WHERE (((TRIM(DISTINCT vt1.c0)) NOT NULL));
SELECT SUM(count) FROM (SELECT ((((TRIM(DISTINCT vt1.c0)) NOT NULL)) IS TRUE)  as count FROM vt1);
SELECT COUNT(*) FROM vt1 WHERE ((~ (json_insert(vt1.c0, vt1.c0, vt1.c0, vt1.c0, vt1.c0))));
SELECT SUM(count) FROM (SELECT ALL (((~ (json_insert(vt1.c0, vt1.c0, vt1.c0, vt1.c0, vt1.c0)))) IS TRUE)  as count FROM vt1);
SELECT ALL COUNT(*) FROM vt1 WHERE (CASE ((vt1.c0)>>(vt1.c0))  WHEN vt1.c0 THEN (((vt1.c0)) NOT BETWEEN ((vt1.c0)) AND ((vt1.c0))) END) ORDER BY SQLITE_COMPILEOPTION_GET(((vt1.c0) IS TRUE));
SELECT SUM(count) FROM (SELECT ALL ((CASE ((vt1.c0)>>(vt1.c0))  WHEN vt1.c0 THEN (((vt1.c0)) NOT BETWEEN ((vt1.c0)) AND ((vt1.c0))) END) IS TRUE)  as count FROM vt1 ORDER BY SQLITE_COMPILEOPTION_GET(((vt1.c0) IS TRUE)));
SELECT COUNT(*) FROM t0, vt1 WHERE ((((t0.c0, vt1.c0, t0.c0, t0.c0, t0.c0)) BETWEEN ((vt1.c0, vt1.c0, t0.c0, t0.c0, t0.c0)) AND ((t0.c0, t0.c0, vt1.c0, t0.c0, vt1.c0))) COLLATE RTRIM) ORDER BY (((vt1.c0)) NOT BETWEEN (('-31972759')) AND (((NOT (t0.c0))))), NULL  NULLS LAST;
SELECT SUM(count) FROM (SELECT ALL (((((t0.c0, vt1.c0, t0.c0, t0.c0, t0.c0)) BETWEEN ((vt1.c0, vt1.c0, t0.c0, t0.c0, t0.c0)) AND ((t0.c0, t0.c0, vt1.c0, t0.c0, vt1.c0))) COLLATE RTRIM) IS TRUE)  as count FROM t0, vt1 ORDER BY (((vt1.c0)) NOT BETWEEN (('-31972759')) AND (((NOT (t0.c0))))), NULL  NULLS LAST);
SELECT ALL * FROM t0, vt1 WHERE ((((((vt1.c0))<=((NULL))))%(((((t0.c0)AND(vt1.c0)))AND(t0.c0))))) ORDER BY CASE LIKELY(t0.c0)  WHEN ((((t0.c0)OR(NULL)))AND(t0.c0)) THEN CASE WHEN vt1.c0 THEN vt1.c0 END END ASC, ((vt1.c0 COLLATE NOCASE) NOT BETWEEN ((- (vt1.c0))) AND ((((t0.c0, t0.c0, vt1.c0))>=((vt1.c0, t0.c0, vt1.c0)))))  NULLS LAST;
SELECT SUM(count) FROM (SELECT (((((((vt1.c0))<=((NULL))))%(((((t0.c0)AND(vt1.c0)))AND(t0.c0))))) IS TRUE)  as count FROM t0, vt1 ORDER BY CASE LIKELY(t0.c0)  WHEN ((((t0.c0)OR(NULL)))AND(t0.c0)) THEN CASE WHEN vt1.c0 THEN vt1.c0 END END ASC, ((vt1.c0 COLLATE NOCASE) NOT BETWEEN ((- (vt1.c0))) AND ((((t0.c0, t0.c0, vt1.c0))>=((vt1.c0, t0.c0, vt1.c0)))))  NULLS LAST);
SELECT ALL COUNT(*) FROM t0, vt1 WHERE (((((NULL) BETWEEN (vt1.c0) AND (vt1.c0)))IS(((vt1.c0) NOT BETWEEN (t0.c0) AND (vt1.c0))))) ORDER BY (((t0.c0)) BETWEEN (((~ ('-2113557007')))) AND ((((((t0.c0)OR(vt1.c0)))AND(vt1.c0)))));
SELECT SUM(count) FROM (SELECT ALL ((((((NULL) BETWEEN (vt1.c0) AND (vt1.c0)))IS(((vt1.c0) NOT BETWEEN (t0.c0) AND (vt1.c0))))) IS TRUE)  as count FROM t0, vt1 ORDER BY (((t0.c0)) BETWEEN (((~ ('-2113557007')))) AND ((((((t0.c0)OR(vt1.c0)))AND(vt1.c0))))));
SELECT ALL COUNT(*) FROM t0, vt1 WHERE (TRIM(DISTINCT vt1.c0) COLLATE BINARY);
SELECT SUM(count) FROM (SELECT ALL ((TRIM(DISTINCT vt1.c0) COLLATE BINARY) IS TRUE)  as count FROM t0, vt1);
SELECT * FROM vt1 WHERE (0.2882166388765518);
SELECT SUM(count) FROM (SELECT ALL ((0.2882166388765518) IS TRUE)  as count FROM vt1);
SELECT ALL * FROM vt1, t0 WHERE (((t0.c0) NOTNULL));
SELECT SUM(count) FROM (SELECT ALL ((((t0.c0) NOTNULL)) IS TRUE)  as count FROM vt1, t0);
SELECT ALL COUNT(*) FROM vt1, t0 WHERE ((t0.c0 COLLATE RTRIM IN ()));
SELECT SUM(count) FROM (SELECT ALL (((t0.c0 COLLATE RTRIM IN ())) IS TRUE)  as count FROM vt1, t0);
SELECT ALL COUNT(*) FROM t0, vt1 WHERE (RTRIM(CASE vt1.c0  WHEN vt1.c0 THEN t0.c0 END));
SELECT SUM(count) FROM (SELECT ALL ((RTRIM(CASE vt1.c0  WHEN vt1.c0 THEN t0.c0 END)) IS TRUE)  as count FROM t0, vt1);
SELECT * FROM vt1, t0 WHERE (((((vt1.c0) NOT NULL))LIKE((vt1.c0 IN (NULL)))));
SELECT SUM(count) FROM (SELECT ((((((vt1.c0) NOT NULL))LIKE((vt1.c0 IN (NULL))))) IS TRUE)  as count FROM vt1, t0);
SELECT ALL COUNT(*) FROM t0 WHERE ((((((((t0.c0, t0.c0, t0.c0)) BETWEEN ((t0.c0, t0.c0, t0.c0)) AND ((t0.c0, t0.c0, t0.c0))))AND((+ (t0.c0)))))OR(((((((((t0.c0)OR(t0.c0)))AND(t0.c0)))AND(t0.c0)))OR(t0.c0)))));
SELECT SUM(count) FROM (SELECT ALL (((((((((t0.c0, t0.c0, t0.c0)) BETWEEN ((t0.c0, t0.c0, t0.c0)) AND ((t0.c0, t0.c0, t0.c0))))AND((+ (t0.c0)))))OR(((((((((t0.c0)OR(t0.c0)))AND(t0.c0)))AND(t0.c0)))OR(t0.c0))))) IS TRUE)  as count FROM t0);
SELECT ALL COUNT(*) FROM t0 WHERE (((((t0.c0 COLLATE BINARY)OR((NOT (t0.c0)))))AND(CAST(t0.c0 AS REAL))));
SELECT SUM(count) FROM (SELECT ((((((t0.c0 COLLATE BINARY)OR((NOT (t0.c0)))))AND(CAST(t0.c0 AS REAL)))) IS TRUE)  as count FROM t0);
SELECT COUNT(*) FROM t0 INDEXED BY i82 WHERE (((((t0.c0)AND(t0.c0)))AND(t0.c0)) COLLATE BINARY) ORDER BY ((((((((((((((t0.c0) ISNULL))OR(((t0.c0) NOTNULL))))AND(t0.c0 COLLATE RTRIM)))AND(((t0.c0)*(t0.c0)))))OR('-75531365' COLLATE NOCASE)))OR(x'' COLLATE BINARY)))AND(CAST(t0.c0 AS INTEGER))) DESC, t0.c0 COLLATE BINARY COLLATE BINARY ASC  NULLS LAST;
SELECT SUM(count) FROM (SELECT ALL ((((((t0.c0)AND(t0.c0)))AND(t0.c0)) COLLATE BINARY) IS TRUE)  as count FROM t0 INDEXED BY i82 ORDER BY ((((((((((((((t0.c0) ISNULL))OR(((t0.c0) NOTNULL))))AND(t0.c0 COLLATE RTRIM)))AND(((t0.c0)*(t0.c0)))))OR('-75531365' COLLATE NOCASE)))OR(x'' COLLATE BINARY)))AND(CAST(t0.c0 AS INTEGER))) DESC, t0.c0 COLLATE BINARY COLLATE BINARY ASC  NULLS LAST);
SELECT ALL * FROM t0 WHERE ((('-1922671011') IS FALSE)) ORDER BY ((((((t0.c0) ISNULL))AND(CAST(NULL AS TEXT))))AND(((t0.c0)*(t0.c0)))) DESC  NULLS FIRST;
SELECT SUM(count) FROM (SELECT ALL (((('-1922671011') IS FALSE)) IS TRUE)  as count FROM t0 ORDER BY ((((((t0.c0) ISNULL))AND(CAST(NULL AS TEXT))))AND(((t0.c0)*(t0.c0)))) DESC  NULLS FIRST);
SELECT ALL COUNT(*) FROM t0 WHERE ((((((t0.c0)) BETWEEN ((t0.c0)) AND ((t0.c0))))IS NOT(((t0.c0) BETWEEN (0Xffffffffff00bfcc) AND ('-1360418963'))))) ORDER BY ((((((t0.c0)OR(t0.c0)))OR(t0.c0))) BETWEEN (((((t0.c0)OR(t0.c0)))OR(t0.c0))) AND (t0.c0 COLLATE NOCASE))  NULLS LAST, ((CASE WHEN t0.c0 THEN t0.c0 END) BETWEEN ((~ (t0.c0))) AND (t0.c0));
SELECT SUM(count) FROM (SELECT (((((((t0.c0)) BETWEEN ((t0.c0)) AND ((t0.c0))))IS NOT(((t0.c0) BETWEEN (0xffffffffff00bfcc) AND ('-1360418963'))))) IS TRUE)  as count FROM t0 ORDER BY ((((((t0.c0)OR(t0.c0)))OR(t0.c0))) BETWEEN (((((t0.c0)OR(t0.c0)))OR(t0.c0))) AND (t0.c0 COLLATE NOCASE))  NULLS LAST, ((CASE WHEN t0.c0 THEN t0.c0 END) BETWEEN ((~ (t0.c0))) AND (t0.c0)));
SELECT ALL * FROM t0 WHERE (CAST(t0.c0 AS NUMERIC)) ORDER BY (CASE WHEN t0.c0 THEN t0.c0 ELSE t0.c0 END IN ());
SELECT SUM(count) FROM (SELECT ALL ((CAST(t0.c0 AS NUMERIC)) IS TRUE)  as count FROM t0 ORDER BY (CASE WHEN t0.c0 THEN t0.c0 ELSE t0.c0 END IN ()));
SELECT COUNT(*) FROM vt1, t0 WHERE (((((((((((vt1.c0)OR(vt1.c0)))OR(vt1.c0)))OR(t0.c0)))OR(t0.c0)))+(CASE t0.c0  WHEN t0.c0 THEN t0.c0 END))) ORDER BY (((t0.c0)) NOT BETWEEN (((((vt1.c0))<=((t0.c0))))) AND ((QUOTE(t0.c0)))), ((CASE WHEN vt1.c0 THEN vt1.c0 ELSE t0.c0 END) NOT BETWEEN ((0Xffffffffd184b0b8 IN (t0.c0))) AND (((t0.c0) ISNULL))), (((((t0.c0)) BETWEEN ((t0.c0)) AND ((t0.c0))))IS NOT(COALESCE(DISTINCT vt1.c0, t0.c0)))  NULLS LAST;
SELECT SUM(count) FROM (SELECT ALL ((((((((((((vt1.c0)OR(vt1.c0)))OR(vt1.c0)))OR(t0.c0)))OR(t0.c0)))+(CASE t0.c0  WHEN t0.c0 THEN t0.c0 END))) IS TRUE)  as count FROM vt1, t0 ORDER BY (((t0.c0)) NOT BETWEEN (((((vt1.c0))<=((t0.c0))))) AND ((QUOTE(t0.c0)))), ((CASE WHEN vt1.c0 THEN vt1.c0 ELSE t0.c0 END) NOT BETWEEN ((0Xffffffffd184b0b8 IN (t0.c0))) AND (((t0.c0) ISNULL))), (((((t0.c0)) BETWEEN ((t0.c0)) AND ((t0.c0))))IS NOT(COALESCE(DISTINCT vt1.c0, t0.c0)))  NULLS LAST);
SELECT COUNT(*) FROM t0 WHERE (((CAST(t0.c0 AS NUMERIC))IS NOT(((t0.c0)<=(t0.c0))))) ORDER BY (((((t0.c0))=((t0.c0)))) IS FALSE) ASC  NULLS LAST, (((NOT (t0.c0))) NOTNULL) ASC  NULLS FIRST;
SELECT SUM(count) FROM (SELECT ((((CAST(t0.c0 AS NUMERIC))IS NOT(((t0.c0)<=(t0.c0))))) IS TRUE)  as count FROM t0 ORDER BY (((((t0.c0))=((t0.c0)))) IS FALSE) ASC  NULLS LAST, (((NOT (t0.c0))) NOTNULL) ASC  NULLS FIRST);
SELECT COUNT(*) FROM vt1 WHERE ((((x'')) BETWEEN ((((vt1.c0) NOT BETWEEN (vt1.c0) AND (vt1.c0)))) AND ((('' IN ()))))) ORDER BY ((((((((vt1.c0)OR(vt1.c0)))OR(vt1.c0)))AND(((((x'0820')OR(vt1.c0)))OR(vt1.c0)))))AND(((vt1.c0) NOTNULL))) ASC  NULLS LAST;
SELECT SUM(count) FROM (SELECT ALL (((((x'')) BETWEEN ((((vt1.c0) NOT BETWEEN (vt1.c0) AND (vt1.c0)))) AND ((('' IN ()))))) IS TRUE)  as count FROM vt1 ORDER BY ((((((((vt1.c0)OR(vt1.c0)))OR(vt1.c0)))AND(((((x'0820')OR(vt1.c0)))OR(vt1.c0)))))AND(((vt1.c0) NOTNULL))) ASC  NULLS LAST);
SELECT ALL * FROM t0 WHERE (((t0.c0 COLLATE RTRIM)<<(((((t0.c0)AND(t0.c0)))AND(0.11591728476147711))))) ORDER BY (+ (((((t0.c0)OR(t0.c0)))OR(t0.c0)))) ASC, (('u⬅') BETWEEN (x'') AND (CASE t0.c0  WHEN t0.c0 THEN t0.c0 ELSE t0.c0 END)) DESC  NULLS LAST, t0.c0 ASC;
SELECT SUM(count) FROM (SELECT ((((t0.c0 COLLATE RTRIM)<<(((((t0.c0)AND(t0.c0)))AND(0.11591728476147711))))) IS TRUE)  as count FROM t0 ORDER BY (+ (((((t0.c0)OR(t0.c0)))OR(t0.c0)))) ASC, (('u⬅') BETWEEN (x'') AND (CASE t0.c0  WHEN t0.c0 THEN t0.c0 ELSE t0.c0 END)) DESC  NULLS LAST, t0.c0 ASC);
SELECT ALL * FROM t0 WHERE (LOWER(UPPER(t0.c0)));
SELECT SUM(count) FROM (SELECT ALL ((LOWER(UPPER(t0.c0))) IS TRUE)  as count FROM t0);
SELECT COUNT(*) FROM t0, vt1 WHERE ((((t0.c0)) NOT BETWEEN ((vt1.c0)) AND ((0.2722029013140487))) COLLATE NOCASE) ORDER BY ((vt1.c0) NOT NULL)  NULLS FIRST;
SELECT SUM(count) FROM (SELECT ALL (((((t0.c0)) NOT BETWEEN ((vt1.c0)) AND ((0.2722029013140487))) COLLATE NOCASE) IS TRUE)  as count FROM t0, vt1 ORDER BY ((vt1.c0) NOT NULL)  NULLS FIRST);
SELECT COUNT(*) FROM t0, vt1 WHERE (LIKELIHOOD(DISTINCT CASE WHEN vt1.c0 THEN vt1.c0 WHEN t0.c0 THEN t0.c0 WHEN t0.c0 THEN 0.7151517559326038 ELSE vt1.c0 END, 0.3989909412996039)) ORDER BY ((t0.c0 COLLATE RTRIM) NOT BETWEEN (((t0.c0) NOT BETWEEN (t0.c0) AND (t0.c0))) AND (((vt1.c0)IS(t0.c0))));
SELECT SUM(count) FROM (SELECT ((LIKELIHOOD(DISTINCT CASE WHEN vt1.c0 THEN vt1.c0 WHEN t0.c0 THEN t0.c0 WHEN t0.c0 THEN 0.7151517559326038 ELSE vt1.c0 END, 0.3989909412996039)) IS TRUE)  as count FROM t0, vt1 ORDER BY ((t0.c0 COLLATE RTRIM) NOT BETWEEN (((t0.c0) NOT BETWEEN (t0.c0) AND (t0.c0))) AND (((vt1.c0)IS(t0.c0)))));
SELECT COUNT(*) FROM vt1 WHERE ((((vt1.c0)) NOT BETWEEN ((((vt1.c0) NOT BETWEEN (vt1.c0) AND (vt1.c0)))) AND (((vt1.c0 IN ())))));
SELECT SUM(count) FROM (SELECT ALL (((((vt1.c0)) NOT BETWEEN ((((vt1.c0) NOT BETWEEN (vt1.c0) AND (vt1.c0)))) AND (((vt1.c0 IN ()))))) IS TRUE)  as count FROM vt1);
SELECT ALL COUNT(*) FROM t0 FULL OUTER JOIN vt1 ON ((((vt1.c0)|('.u\')))/(NULL)) WHERE (((vt1.c0 COLLATE NOCASE) BETWEEN (('1122045649' IN ())) AND ('1449520380')));
SELECT SUM(count) FROM (SELECT ALL ((((vt1.c0 COLLATE NOCASE) BETWEEN (('1122045649' IN ())) AND ('1449520380'))) IS TRUE)  as count FROM t0 FULL OUTER JOIN vt1 ON ((((vt1.c0)|('.u\')))/(NULL)));
SELECT ALL * FROM t0, vt1 WHERE (CASE NULL  WHEN ((t0.c0) NOTNULL) THEN ((vt1.c0)<>(t0.c0)) END);
SELECT SUM(count) FROM (SELECT ((CASE NULL  WHEN ((t0.c0) NOTNULL) THEN ((vt1.c0)!=(t0.c0)) END) IS TRUE)  as count FROM t0, vt1);
SELECT ALL * FROM t0 WHERE (t0.c0) ORDER BY ((((t0.c0)=(t0.c0)))<>(t0.c0)), ((((t0.c0)-(t0.c0)))>>(t0.c0 COLLATE NOCASE)) ASC  NULLS FIRST;
SELECT SUM(count) FROM (SELECT ALL ((t0.c0) IS TRUE)  as count FROM t0 ORDER BY ((((t0.c0)=(t0.c0)))!=(t0.c0)), ((((t0.c0)-(t0.c0)))>>(t0.c0 COLLATE NOCASE)) ASC  NULLS FIRST);
SELECT ALL * FROM t0, vt1 WHERE (((((vt1.c0) BETWEEN (t0.c0) AND (vt1.c0)))<(((vt1.c0) ISNULL)))) ORDER BY CASE WHEN vt1.c0 THEN vt1.c0 WHEN vt1.c0 THEN t0.c0 WHEN t0.c0 THEN vt1.c0 END COLLATE NOCASE COLLATE NOCASE DESC  NULLS LAST;
SELECT SUM(count) FROM (SELECT ((((((vt1.c0) BETWEEN (t0.c0) AND (vt1.c0)))<(((vt1.c0) ISNULL)))) IS TRUE)  as count FROM t0, vt1 ORDER BY CASE WHEN vt1.c0 THEN vt1.c0 WHEN vt1.c0 THEN t0.c0 WHEN t0.c0 THEN vt1.c0 END COLLATE NOCASE COLLATE NOCASE DESC  NULLS LAST);
SELECT COUNT(*) FROM vt1 WHERE (CASE NULL  WHEN CASE vt1.c0  WHEN vt1.c0 THEN vt1.c0 ELSE vt1.c0 END THEN (vt1.c0 IN ('g-', vt1.c0)) END);
SELECT SUM(count) FROM (SELECT ((CASE NULL  WHEN CASE vt1.c0  WHEN vt1.c0 THEN vt1.c0 ELSE vt1.c0 END THEN (vt1.c0 IN ('g-', vt1.c0)) END) IS TRUE)  as count FROM vt1);
SELECT * FROM vt1, t0 WHERE (CASE (NOT (vt1.c0))  WHEN ((vt1.c0)OR(vt1.c0)) THEN CAST(t0.c0 AS REAL) WHEN (((t0.c0)) BETWEEN ((vt1.c0)) AND ((t0.c0))) THEN TRIM(DISTINCT '', t0.c0) WHEN ((vt1.c0) NOT BETWEEN (vt1.c0) AND (t0.c0)) THEN ((t0.c0)IS NOT(t0.c0)) ELSE ((((vt1.c0)OR(t0.c0)))AND(vt1.c0)) END) ORDER BY ((((t0.c0) IS FALSE))-(''))  NULLS FIRST, (((((vt1.c0, vt1.c0, x''))!=((t0.c0, vt1.c0, vt1.c0)))) BETWEEN ('-1206672478') AND (CAST(t0.c0 AS NUMERIC)))  NULLS FIRST;
SELECT SUM(count) FROM (SELECT ((CASE (NOT (vt1.c0))  WHEN ((vt1.c0)OR(vt1.c0)) THEN CAST(t0.c0 AS REAL) WHEN (((t0.c0)) BETWEEN ((vt1.c0)) AND ((t0.c0))) THEN TRIM(DISTINCT '', t0.c0) WHEN ((vt1.c0) NOT BETWEEN (vt1.c0) AND (t0.c0)) THEN ((t0.c0)IS NOT(t0.c0)) ELSE ((((vt1.c0)OR(t0.c0)))AND(vt1.c0)) END) IS TRUE)  as count FROM vt1, t0 ORDER BY ((((t0.c0) IS FALSE))-(''))  NULLS FIRST, (((((vt1.c0, vt1.c0, x''))<>((t0.c0, vt1.c0, vt1.c0)))) BETWEEN ('-1206672478') AND (CAST(t0.c0 AS NUMERIC)))  NULLS FIRST);
SELECT COUNT(*) FROM t0 WHERE ((((HEX(t0.c0)))<(((t0.c0 IN (t0.c0))))));
SELECT SUM(count) FROM (SELECT ALL (((((HEX(t0.c0)))<(((t0.c0 IN (t0.c0)))))) IS TRUE)  as count FROM t0);
SELECT ALL COUNT(*) FROM vt1 WHERE ((+ (((((((((vt1.c0)AND(vt1.c0)))AND(vt1.c0)))OR(vt1.c0)))OR(vt1.c0)))));
SELECT SUM(count) FROM (SELECT (((+ (((((((((vt1.c0)AND(vt1.c0)))AND(vt1.c0)))OR(vt1.c0)))OR(vt1.c0))))) IS TRUE)  as count FROM vt1);
SELECT ALL * FROM vt1, t0 WHERE (CAST(((t0.c0)>=(t0.c0)) AS REAL));
SELECT SUM(count) FROM (SELECT ALL ((CAST(((t0.c0)>=(t0.c0)) AS REAL)) IS TRUE)  as count FROM vt1, t0);
SELECT ALL COUNT(*) FROM vt1, t0 WHERE (HEX(CAST(vt1.c0 AS NUMERIC)));
SELECT SUM(count) FROM (SELECT ((HEX(CAST(vt1.c0 AS NUMERIC))) IS TRUE)  as count FROM vt1, t0);
SELECT COUNT(*) FROM vt1, t0 WHERE (vt1.c0) ORDER BY highlight(((t0.c0)+(t0.c0)), (~ (t0.c0)), t0.c0 COLLATE BINARY, 0.8136209631978164) ASC, ((((CAST(t0.c0 AS REAL))OR(x'')))AND(((((((((t0.c0)AND(vt1.c0)))AND(t0.c0)))AND(vt1.c0)))OR(vt1.c0)))) DESC  NULLS FIRST;
SELECT SUM(count) FROM (SELECT ((vt1.c0) IS TRUE)  as count FROM vt1, t0 ORDER BY highlight(((t0.c0)+(t0.c0)), (~ (t0.c0)), t0.c0 COLLATE BINARY, 0.8136209631978164) ASC, ((((CAST(t0.c0 AS REAL))OR(x'')))AND(((((((((t0.c0)AND(vt1.c0)))AND(t0.c0)))AND(vt1.c0)))OR(vt1.c0)))) DESC  NULLS FIRST);
SELECT ALL COUNT(*) FROM vt1 WHERE (((((((vt1.c0)OR(vt1.c0)))AND(vt1.c0))) BETWEEN ((((vt1.c0, vt1.c0, vt1.c0)) NOT BETWEEN ((vt1.c0, vt1.c0, NULL)) AND ((vt1.c0, vt1.c0, NULL)))) AND (x'42be')));
SELECT SUM(count) FROM (SELECT ((((((((vt1.c0)OR(vt1.c0)))AND(vt1.c0))) BETWEEN ((((vt1.c0, vt1.c0, vt1.c0)) NOT BETWEEN ((vt1.c0, vt1.c0, NULL)) AND ((vt1.c0, vt1.c0, NULL)))) AND (x'42be'))) IS TRUE)  as count FROM vt1);
SELECT * FROM t0, vt1 WHERE (CAST((- (vt1.c0)) AS REAL));
SELECT SUM(count) FROM (SELECT ALL ((CAST((- (vt1.c0)) AS REAL)) IS TRUE)  as count FROM t0, vt1);
SELECT ALL * FROM vt1 CROSS JOIN t0 ON ((((vt1.c0) NOT BETWEEN (vt1.c0) AND (t0.c0)))*(((t0.c0)=(vt1.c0)))) WHERE ((((t0.c0)||(vt1.c0)) IN (((t0.c0)-(vt1.c0)), ((vt1.c0)%(vt1.c0))))) ORDER BY t0.c0 ASC  NULLS LAST;
SELECT SUM(count) FROM (SELECT (((((t0.c0)||(vt1.c0)) IN (((t0.c0)-(vt1.c0)), ((vt1.c0)%(vt1.c0))))) IS TRUE)  as count FROM vt1 CROSS JOIN t0 ON ((((vt1.c0) NOT BETWEEN (vt1.c0) AND (t0.c0)))*(((t0.c0)==(vt1.c0)))) ORDER BY t0.c0 ASC  NULLS LAST);
SELECT COUNT(*) FROM vt1, t0 WHERE (((CAST(t0.c0 AS NUMERIC))%((((('')AND(vt1.c0)))OR(vt1.c0)))));
SELECT SUM(count) FROM (SELECT ALL ((((CAST(t0.c0 AS NUMERIC))%((((('')AND(vt1.c0)))OR(vt1.c0))))) IS TRUE)  as count FROM vt1, t0 NOT INDEXED);
SELECT COUNT(*) FROM t0, vt1 WHERE (CAST(((vt1.c0)LIKE(vt1.c0)) AS NUMERIC)) ORDER BY CASE WHEN ((t0.c0)>(t0.c0)) THEN CAST(t0.c0 AS NUMERIC) END DESC  NULLS LAST;
SELECT SUM(count) FROM (SELECT ALL ((CAST(((vt1.c0)LIKE(vt1.c0)) AS NUMERIC)) IS TRUE)  as count FROM t0, vt1 ORDER BY CASE WHEN ((t0.c0)>(t0.c0)) THEN CAST(t0.c0 AS NUMERIC) END DESC  NULLS LAST);
SELECT ALL COUNT(*) FROM vt1, t0 WHERE (vt1.c0);
SELECT SUM(count) FROM (SELECT ALL ((vt1.c0) IS TRUE)  as count FROM vt1, t0);
SELECT ALL * FROM t0, vt1 WHERE (CAST(((t0.c0) BETWEEN (vt1.c0) AND (vt1.c0)) AS INTEGER)) ORDER BY CASE t0.c0  WHEN json_array_length(t0.c0, vt1.c0) THEN vt1.c0 END  NULLS LAST;
SELECT SUM(count) FROM (SELECT ((CAST(((t0.c0) BETWEEN (vt1.c0) AND (vt1.c0)) AS INTEGER)) IS TRUE)  as count FROM t0, vt1 ORDER BY CASE t0.c0  WHEN json_array_length(t0.c0, vt1.c0) THEN vt1.c0 END  NULLS LAST);
SELECT * FROM vt1 CROSS JOIN t0 ON ((vt1.c0 COLLATE BINARY) ISNULL) WHERE (ABS(DISTINCT 0.12098355394102844)) ORDER BY 488184777;
SELECT SUM(count) FROM (SELECT ((ABS(DISTINCT 0.12098355394102844)) IS TRUE)  as count FROM vt1 CROSS JOIN t0 ON ((vt1.c0 COLLATE BINARY) ISNULL) ORDER BY 488184777);
SELECT ALL COUNT(*) FROM vt1, t0 WHERE (DATETIME('i\n' COLLATE RTRIM, ((t0.c0) ISNULL), ((t0.c0)||(t0.c0))));
SELECT SUM(count) FROM (SELECT ALL ((DATETIME('i\n' COLLATE RTRIM, ((t0.c0) ISNULL), ((t0.c0)||(t0.c0)))) IS TRUE)  as count FROM vt1, t0);
SELECT ALL * FROM vt1 WHERE (((((DATETIME(vt1.c0, vt1.c0, vt1.c0, vt1.c0, vt1.c0))AND(((vt1.c0)<(vt1.c0)))))AND((vt1.c0 IN ())))) ORDER BY vt1.c0 DESC, ((CASE vt1.c0  WHEN vt1.c0 THEN vt1.c0 ELSE vt1.c0 END)*(vt1.c0)) ASC  NULLS LAST;
SELECT SUM(count) FROM (SELECT ALL ((((((DATETIME(vt1.c0, vt1.c0, vt1.c0, vt1.c0, vt1.c0))AND(((vt1.c0)<(vt1.c0)))))AND((vt1.c0 IN ())))) IS TRUE)  as count FROM vt1 ORDER BY vt1.c0 DESC, ((CASE vt1.c0  WHEN vt1.c0 THEN vt1.c0 ELSE vt1.c0 END)*(vt1.c0)) ASC  NULLS LAST);
SELECT ALL * FROM t0, vt1 WHERE (((((CAST(vt1.c0 AS INTEGER))AND((NOT (t0.c0)))))OR(((vt1.c0)|(t0.c0))))) ORDER BY NULL ASC  NULLS FIRST;
SELECT SUM(count) FROM (SELECT ALL ((((((CAST(vt1.c0 AS INTEGER))AND((NOT (t0.c0)))))OR(((vt1.c0)|(t0.c0))))) IS TRUE)  as count FROM t0, vt1 ORDER BY NULL ASC  NULLS FIRST);
SELECT ALL COUNT(*) FROM vt1, t0 WHERE (HEX(vt1.c0) COLLATE BINARY) ORDER BY CAST(((vt1.c0)&(vt1.c0)) AS NUMERIC)  NULLS FIRST;
SELECT SUM(count) FROM (SELECT ((HEX(vt1.c0) COLLATE BINARY) IS TRUE)  as count FROM vt1, t0 ORDER BY CAST(((vt1.c0)&(vt1.c0)) AS NUMERIC)  NULLS FIRST);
SELECT * FROM t0 WHERE (((TRIM(t0.c0))*(((t0.c0)GLOB(t0.c0))))) ORDER BY ((((t0.c0)-(t0.c0))) NOT BETWEEN ((t0.c0 IN (t0.c0, x''))) AND ((t0.c0 IN ()))), ((~ (t0.c0)) IN (t0.c0 COLLATE NOCASE, (((t0.c0)) BETWEEN ((t0.c0)) AND ((t0.c0)))))  NULLS FIRST;
SELECT SUM(count) FROM (SELECT ((((TRIM(t0.c0))*(((t0.c0)GLOB(t0.c0))))) IS TRUE)  as count FROM t0 ORDER BY ((((t0.c0)-(t0.c0))) NOT BETWEEN ((t0.c0 IN (t0.c0, x''))) AND ((t0.c0 IN ()))), ((~ (t0.c0)) IN (t0.c0 COLLATE NOCASE, (((t0.c0)) BETWEEN ((t0.c0)) AND ((t0.c0)))))  NULLS FIRST);
SELECT * FROM t0, vt1 WHERE (((((((((LENGTH(t0.c0))OR(vt1.c0)))AND(NULL)))OR(((vt1.c0)<<(vt1.c0)))))OR(x'9224'))) ORDER BY ((((((t0.c0)AND(t0.c0)))AND(t0.c0))) NOT NULL) ASC  NULLS FIRST, ''  NULLS LAST;
SELECT SUM(count) FROM (SELECT ALL ((((((((((LENGTH(t0.c0))OR(vt1.c0)))AND(NULL)))OR(((vt1.c0)<<(vt1.c0)))))OR(x'9224'))) IS TRUE)  as count FROM t0, vt1 ORDER BY ((((((t0.c0)AND(t0.c0)))AND(t0.c0))) NOT NULL) ASC  NULLS FIRST, ''  NULLS LAST);
SELECT COUNT(*) FROM t0 WHERE (CASE WHEN ((((t0.c0)OR(t0.c0)))OR(t0.c0)) THEN (((t0.c0, t0.c0, t0.c0)) NOT BETWEEN ((t0.c0, t0.c0, x'')) AND ((t0.c0, t0.c0, t0.c0))) END);
SELECT SUM(count) FROM (SELECT ((CASE WHEN ((((t0.c0)OR(t0.c0)))OR(t0.c0)) THEN (((t0.c0, t0.c0, t0.c0)) NOT BETWEEN ((t0.c0, t0.c0, x'')) AND ((t0.c0, t0.c0, t0.c0))) END) IS TRUE)  as count FROM t0);
SELECT * FROM t0, vt1 WHERE (((t0.c0)&(t0.c0)) COLLATE BINARY);
SELECT SUM(count) FROM (SELECT ALL ((((t0.c0)&(t0.c0)) COLLATE BINARY) IS TRUE)  as count FROM t0, vt1);
SELECT ALL COUNT(*) FROM vt1, t0 WHERE (CASE (((vt1.c0)) BETWEEN ((t0.c0)) AND ((vt1.c0)))  WHEN ((vt1.c0)IS(vt1.c0)) THEN NULL END) ORDER BY ((((((((CAST(vt1.c0 AS TEXT))OR(vt1.c0)))AND(vt1.c0)))OR(((((vt1.c0)AND(NULL)))AND(t0.c0)))))AND(t0.c0 COLLATE RTRIM)) ASC;
SELECT SUM(count) FROM (SELECT ALL ((CASE (((vt1.c0)) BETWEEN ((t0.c0)) AND ((vt1.c0)))  WHEN ((vt1.c0)IS(vt1.c0)) THEN NULL END) IS TRUE)  as count FROM vt1, t0 ORDER BY ((((((((CAST(vt1.c0 AS TEXT))OR(vt1.c0)))AND(vt1.c0)))OR(((((vt1.c0)AND(NULL)))AND(t0.c0)))))AND(t0.c0 COLLATE RTRIM)) ASC);
SELECT COUNT(*) FROM t0 WHERE (CAST((('妕X')IS NOT(t0.c0)) AS NUMERIC));
SELECT SUM(count) FROM (SELECT ALL ((CAST((('妕X')IS NOT(t0.c0)) AS NUMERIC)) IS TRUE)  as count FROM t0);
SELECT ALL * FROM vt1 WHERE ((((vt1.c0)) NOT BETWEEN ((CAST(vt1.c0 AS TEXT))) AND (((+ (vt1.c0))))));
SELECT SUM(count) FROM (SELECT (((((vt1.c0)) NOT BETWEEN ((CAST(vt1.c0 AS TEXT))) AND (((+ (vt1.c0)))))) IS TRUE)  as count FROM vt1);
SELECT ALL COUNT(*) FROM vt1 WHERE (((((vt1.c0)>=(vt1.c0)))>((vt1.c0 IN ())))) ORDER BY UNLIKELY(DISTINCT (('') BETWEEN (vt1.c0) AND (vt1.c0))) ASC  NULLS LAST;
SELECT SUM(count) FROM (SELECT ALL ((((((vt1.c0)>=(vt1.c0)))>((vt1.c0 IN ())))) IS TRUE)  as count FROM vt1 ORDER BY UNLIKELY(DISTINCT (('') BETWEEN (vt1.c0) AND (vt1.c0))) ASC  NULLS LAST);
SELECT ALL * FROM t0 WHERE (((((t0.c0))<=((t0.c0))) IN ())) ORDER BY x'' ASC;
SELECT SUM(count) FROM (SELECT ((((((t0.c0))<=((t0.c0))) IN ())) IS TRUE)  as count FROM t0 ORDER BY x'' ASC);
SELECT * FROM t0, vt1 WHERE ((((vt1.c0)) BETWEEN ((CAST(t0.c0 AS TEXT))) AND ((((vt1.c0) NOT BETWEEN (t0.c0) AND (vt1.c0)))))) ORDER BY ((LIKELY(vt1.c0))GLOB(('n>K1P&0' IN ()))) DESC, (((ABS(DISTINCT vt1.c0), ((t0.c0) NOT NULL), ((vt1.c0) ISNULL)))=((0.27803800657165756, ((0.9082513568154772)%(vt1.c0)), vt1.c0))) ASC, CAST((((vt1.c0))<=((t0.c0))) AS INTEGER) ASC;
SELECT SUM(count) FROM (SELECT ALL (((((vt1.c0)) BETWEEN ((CAST(t0.c0 AS TEXT))) AND ((((vt1.c0) NOT BETWEEN (t0.c0) AND (vt1.c0)))))) IS TRUE)  as count FROM t0, vt1 ORDER BY ((LIKELY(vt1.c0))GLOB(('n>K1P&0' IN ()))) DESC, (((ABS(DISTINCT vt1.c0), ((t0.c0) NOT NULL), ((vt1.c0) ISNULL)))==((0.27803800657165756, ((0.9082513568154772)%(vt1.c0)), vt1.c0))) ASC, CAST((((vt1.c0))<=((t0.c0))) AS INTEGER) ASC);
SELECT * FROM t0 WHERE (t0.c0) ORDER BY CASE WHEN t0.c0 THEN ((t0.c0) BETWEEN (t0.c0) AND (t0.c0)) ELSE (t0.c0 IN ()) END ASC;
SELECT SUM(count) FROM (SELECT ALL ((t0.c0) IS TRUE)  as count FROM t0 ORDER BY CASE WHEN t0.c0 THEN ((t0.c0) BETWEEN (t0.c0) AND (t0.c0)) ELSE (t0.c0 IN ()) END ASC);
SELECT COUNT(*) FROM t0 WHERE ((((t0.c0)) NOT BETWEEN ((CASE t0.c0  WHEN t0.c0 THEN 'uABM' ELSE t0.c0 END)) AND ((CAST(t0.c0 AS NUMERIC)))));
SELECT SUM(count) FROM (SELECT ALL (((((t0.c0)) NOT BETWEEN ((CASE t0.c0  WHEN t0.c0 THEN 'uABM' ELSE t0.c0 END)) AND ((CAST(t0.c0 AS NUMERIC))))) IS TRUE)  as count FROM t0);
SELECT * FROM t0 NATURAL JOIN vt1 WHERE ((~ (((vt1.c0) NOT BETWEEN (vt1.c0) AND (NULL))))) ORDER BY CAST(t0.c0 AS TEXT) DESC;
SELECT SUM(count) FROM (SELECT ALL (((~ (((vt1.c0) NOT BETWEEN (vt1.c0) AND (NULL))))) IS TRUE)  as count FROM t0 NATURAL JOIN vt1 ORDER BY CAST(t0.c0 AS TEXT) DESC);
SELECT COUNT(*) FROM vt1, t0 WHERE ('\ln');
SELECT SUM(count) FROM (SELECT ALL (('\ln') IS TRUE)  as count FROM vt1, t0);
SELECT ALL * FROM vt1 WHERE ('p');
SELECT SUM(count) FROM (SELECT ALL (('p') IS TRUE)  as count FROM vt1);
SELECT * FROM vt1 WHERE (vt1.c0) ORDER BY CAST(((vt1.c0) NOTNULL) AS NUMERIC);
SELECT SUM(count) FROM (SELECT ((vt1.c0) IS TRUE)  as count FROM vt1 ORDER BY CAST(((vt1.c0) NOTNULL) AS NUMERIC));
SELECT ALL * FROM vt1, t0 WHERE (((CAST(vt1.c0 AS NUMERIC))OR((0xffffffffd79c0c10 IN ())))) ORDER BY (- (((vt1.c0)LIKE(t0.c0)))) DESC  NULLS FIRST, ((((vt1.c0)+(x'')))<((((t0.c0, vt1.c0, vt1.c0))<=((vt1.c0, t0.c0, vt1.c0))))) ASC  NULLS FIRST;
SELECT SUM(count) FROM (SELECT ALL ((((CAST(vt1.c0 AS NUMERIC))OR((0xffffffffd79c0c10 IN ())))) IS TRUE)  as count FROM vt1, t0 ORDER BY (- (((vt1.c0)LIKE(t0.c0)))) DESC  NULLS FIRST, ((((vt1.c0)+(x'')))<((((t0.c0, vt1.c0, vt1.c0))<=((vt1.c0, t0.c0, vt1.c0))))) ASC  NULLS FIRST);
SELECT ALL COUNT(*) FROM vt1 WHERE ((NOT (vt1.c0))) ORDER BY (((vt1.c0, vt1.c0, '-837300248')) BETWEEN (((((vt1.c0)) BETWEEN ((vt1.c0)) AND ((0.15660315913879141))), 'xJ-e^Y', ((((vt1.c0)OR(vt1.c0)))AND(vt1.c0)))) AND ((CAST(vt1.c0 AS INTEGER), (vt1.c0 IN (vt1.c0)), x'0fc8'))) DESC  NULLS LAST, CASE WHEN json_remove(vt1.c0, vt1.c0) THEN NULL WHEN ((((((((vt1.c0)AND(vt1.c0)))OR(vt1.c0)))AND(vt1.c0)))AND(vt1.c0)) THEN ((x'e6cb5b02')*(vt1.c0)) WHEN ((vt1.c0)GLOB(vt1.c0)) THEN LOWER(DISTINCT '') ELSE (((vt1.c0))>=((vt1.c0))) END, (- (((vt1.c0)-(vt1.c0)))) DESC, ((((CAST(vt1.c0 AS BLOB))AND(((vt1.c0) BETWEEN (vt1.c0) AND (vt1.c0)))))AND(LAST_INSERT_ROWID())) DESC  NULLS FIRST;
SELECT SUM(count) FROM (SELECT (((NOT (vt1.c0))) IS TRUE)  as count FROM vt1 ORDER BY (((vt1.c0, vt1.c0, '-837300248')) BETWEEN (((((vt1.c0)) BETWEEN ((vt1.c0)) AND ((0.15660315913879141))), 'xJ-e^Y', ((((vt1.c0)OR(vt1.c0)))AND(vt1.c0)))) AND ((CAST(vt1.c0 AS INTEGER), (vt1.c0 IN (vt1.c0)), x'0fc8'))) DESC  NULLS LAST, CASE WHEN json_remove(vt1.c0, vt1.c0) THEN NULL WHEN ((((((((vt1.c0)AND(vt1.c0)))OR(vt1.c0)))AND(vt1.c0)))AND(vt1.c0)) THEN ((x'e6cb5b02')*(vt1.c0)) WHEN ((vt1.c0)GLOB(vt1.c0)) THEN LOWER(DISTINCT '') ELSE (((vt1.c0))>=((vt1.c0))) END, (- (((vt1.c0)-(vt1.c0)))) DESC, ((((CAST(vt1.c0 AS BLOB))AND(((vt1.c0) BETWEEN (vt1.c0) AND (vt1.c0)))))AND(LAST_INSERT_ROWID())) DESC  NULLS FIRST);
SELECT ALL * FROM t0 WHERE (((HEX(DISTINCT t0.c0)) IS FALSE));
SELECT SUM(count) FROM (SELECT ALL ((((HEX(DISTINCT t0.c0)) IS FALSE)) IS TRUE)  as count FROM t0);
SELECT * FROM t0, vt1 WHERE ((CASE WHEN t0.c0 THEN t0.c0 END IN ()));
SELECT SUM(count) FROM (SELECT (((CASE WHEN t0.c0 THEN t0.c0 END IN ())) IS TRUE)  as count FROM t0, vt1);
SELECT ALL COUNT(*) FROM t0, vt1 WHERE (CAST(CAST(vt1.c0 AS TEXT) AS NUMERIC));
SELECT SUM(count) FROM (SELECT ((CAST(CAST(vt1.c0 AS TEXT) AS NUMERIC)) IS TRUE)  as count FROM t0, vt1);
SELECT * FROM vt1, t0 WHERE (0xffffffffc54c7996) ORDER BY CASE WHEN (+ (t0.c0)) THEN ((vt1.c0) BETWEEN (vt1.c0) AND (t0.c0)) WHEN ((t0.c0)IS NOT(t0.c0)) THEN (vt1.c0 IN ()) WHEN CASE t0.c0  WHEN t0.c0 THEN vt1.c0 ELSE vt1.c0 END THEN ((vt1.c0)<=(t0.c0)) END ASC  NULLS FIRST, CAST((vt1.c0 IN ()) AS INTEGER)  NULLS LAST;
SELECT SUM(count) FROM (SELECT ((0Xffffffffc54c7996) IS TRUE)  as count FROM vt1, t0 ORDER BY CASE WHEN (+ (t0.c0)) THEN ((vt1.c0) BETWEEN (vt1.c0) AND (t0.c0)) WHEN ((t0.c0)IS NOT(t0.c0)) THEN (vt1.c0 IN ()) WHEN CASE t0.c0  WHEN t0.c0 THEN vt1.c0 ELSE vt1.c0 END THEN ((vt1.c0)<=(t0.c0)) END ASC  NULLS FIRST, CAST((vt1.c0 IN ()) AS INTEGER)  NULLS LAST);
SELECT COUNT(*) FROM t0 NATURAL JOIN vt1 WHERE ((CASE WHEN vt1.c0 THEN t0.c0 ELSE t0.c0 END IN (t0.c0))) ORDER BY (CAST(t0.c0 AS REAL) IN ((t0.c0 IN ()), ((vt1.c0) BETWEEN (vt1.c0) AND (t0.c0)))) ASC  NULLS LAST;
SELECT SUM(count) FROM (SELECT ALL (((CASE WHEN vt1.c0 THEN t0.c0 ELSE t0.c0 END IN (t0.c0))) IS TRUE)  as count FROM t0 NATURAL JOIN vt1 ORDER BY (CAST(t0.c0 AS REAL) IN ((t0.c0 IN ()), ((vt1.c0) BETWEEN (vt1.c0) AND (t0.c0)))) ASC  NULLS LAST);
SELECT COUNT(*) FROM vt1 WHERE (0.030492581555727982) ORDER BY CASE UNLIKELY(vt1.c0)  WHEN '' THEN ((vt1.c0)-(x'')) WHEN CAST(0.38931908308765517 AS INTEGER) THEN (vt1.c0 IN ()) WHEN (vt1.c0 IN (vt1.c0, vt1.c0, vt1.c0)) THEN ((vt1.c0)>=(vt1.c0)) WHEN CASE vt1.c0  WHEN vt1.c0 THEN vt1.c0 ELSE vt1.c0 END THEN ((vt1.c0)=(vt1.c0)) WHEN ((vt1.c0) ISNULL) THEN ((vt1.c0) BETWEEN (vt1.c0) AND (vt1.c0)) ELSE (~ (vt1.c0)) END DESC  NULLS FIRST;
SELECT SUM(count) FROM (SELECT ALL ((0.030492581555727982) IS TRUE)  as count FROM vt1 ORDER BY CASE UNLIKELY(vt1.c0)  WHEN '' THEN ((vt1.c0)-(x'')) WHEN CAST(0.38931908308765517 AS INTEGER) THEN (vt1.c0 IN ()) WHEN (vt1.c0 IN (vt1.c0, vt1.c0, vt1.c0)) THEN ((vt1.c0)>=(vt1.c0)) WHEN CASE vt1.c0  WHEN vt1.c0 THEN vt1.c0 ELSE vt1.c0 END THEN ((vt1.c0)==(vt1.c0)) WHEN ((vt1.c0) ISNULL) THEN ((vt1.c0) BETWEEN (vt1.c0) AND (vt1.c0)) ELSE (~ (vt1.c0)) END DESC  NULLS FIRST);
SELECT * FROM t0, vt1 WHERE (((((t0.c0) BETWEEN (vt1.c0) AND (vt1.c0)))OR(vt1.c0))) ORDER BY LOWER((t0.c0 IN (vt1.c0))) ASC;
SELECT SUM(count) FROM (SELECT ((((((t0.c0) BETWEEN (vt1.c0) AND (vt1.c0)))OR(vt1.c0))) IS TRUE)  as count FROM t0, vt1 ORDER BY LOWER((t0.c0 IN (vt1.c0))) ASC);
SELECT ALL * FROM vt1 WHERE (CAST((- (vt1.c0)) AS INTEGER)) ORDER BY ((vt1.c0)/(vt1.c0)) COLLATE BINARY;
SELECT SUM(count) FROM (SELECT ALL ((CAST((- (vt1.c0)) AS INTEGER)) IS TRUE)  as count FROM vt1 ORDER BY ((vt1.c0)/(vt1.c0)) COLLATE BINARY);
SELECT * FROM t0, vt1 WHERE ((((vt1.c0 COLLATE RTRIM))>(((t0.c0 IN (vt1.c0)))))) ORDER BY ((t0.c0 COLLATE NOCASE) BETWEEN (((t0.c0)IS NOT(t0.c0))) AND (((t0.c0) ISNULL)))  NULLS FIRST, CASE (vt1.c0 IN ())  WHEN vt1.c0 COLLATE BINARY THEN LIKELY(t0.c0) ELSE ((t0.c0) BETWEEN (t0.c0) AND (t0.c0)) END  NULLS LAST;
SELECT SUM(count) FROM (SELECT ALL (((((vt1.c0 COLLATE RTRIM))>(((t0.c0 IN (vt1.c0)))))) IS TRUE)  as count FROM t0, vt1 ORDER BY ((t0.c0 COLLATE NOCASE) BETWEEN (((t0.c0)IS NOT(t0.c0))) AND (((t0.c0) ISNULL)))  NULLS FIRST, CASE (vt1.c0 IN ())  WHEN vt1.c0 COLLATE BINARY THEN LIKELY(t0.c0) ELSE ((t0.c0) BETWEEN (t0.c0) AND (t0.c0)) END  NULLS LAST);
SELECT ALL COUNT(*) FROM vt1 WHERE (INSTR(0.07580930422407872, ((vt1.c0)>>(vt1.c0))));
SELECT SUM(count) FROM (SELECT ALL ((INSTR(0.07580930422407872, ((vt1.c0)>>(vt1.c0)))) IS TRUE)  as count FROM vt1);
SELECT ALL COUNT(*) FROM t0 WHERE (((((t0.c0) ISNULL))%(CASE WHEN t0.c0 THEN t0.c0 WHEN t0.c0 THEN t0.c0 WHEN t0.c0 THEN '' ELSE x'd299' END)));
SELECT SUM(count) FROM (SELECT ALL ((((((t0.c0) ISNULL))%(CASE WHEN t0.c0 THEN t0.c0 WHEN t0.c0 THEN t0.c0 WHEN t0.c0 THEN '' ELSE x'd299' END))) IS TRUE)  as count FROM t0);
SELECT COUNT(*) FROM vt1 CROSS JOIN t0 ON CAST(x'' AS NUMERIC) WHERE (((((t0.c0) NOTNULL))&(((vt1.c0)>(t0.c0)))));
SELECT SUM(count) FROM (SELECT ALL ((((((t0.c0) NOTNULL))&(((vt1.c0)>(t0.c0))))) IS TRUE)  as count FROM vt1 CROSS JOIN t0 ON CAST(x'' AS NUMERIC));
SELECT ALL COUNT(*) FROM t0 WHERE ((NOT (INSTR(t0.c0, t0.c0)))) ORDER BY ((t0.c0) NOT BETWEEN (t0.c0) AND (t0.c0)) COLLATE BINARY ASC  NULLS FIRST;
SELECT SUM(count) FROM (SELECT ALL (((NOT (INSTR(t0.c0, t0.c0)))) IS TRUE)  as count FROM t0 ORDER BY ((t0.c0) NOT BETWEEN (t0.c0) AND (t0.c0)) COLLATE BINARY ASC  NULLS FIRST);
SELECT ALL COUNT(*) FROM vt1, t0 WHERE (((vt1.c0 COLLATE RTRIM) IS TRUE));
SELECT SUM(count) FROM (SELECT ((((vt1.c0 COLLATE RTRIM) IS TRUE)) IS TRUE)  as count FROM vt1, t0);
SELECT COUNT(*) FROM t0 WHERE ((UNLIKELY(DISTINCT t0.c0) IN ())) ORDER BY ((((t0.c0) NOTNULL))<((('凚9') NOT BETWEEN (t0.c0) AND (t0.c0))))  NULLS LAST, ((((NULL)OR(((t0.c0)&(t0.c0)))))OR((((t0.c0))>=((t0.c0))))) ASC  NULLS FIRST, (((t0.c0)) NOT BETWEEN ((LOWER(DISTINCT t0.c0))) AND ((((((((((t0.c0)AND(t0.c0)))OR(t0.c0)))AND(t0.c0)))OR(t0.c0)))));
SELECT SUM(count) FROM (SELECT (((UNLIKELY(DISTINCT t0.c0) IN ())) IS TRUE)  as count FROM t0 ORDER BY ((((t0.c0) NOTNULL))<((('凚9') NOT BETWEEN (t0.c0) AND (t0.c0))))  NULLS LAST, ((((NULL)OR(((t0.c0)&(t0.c0)))))OR((((t0.c0))>=((t0.c0))))) ASC  NULLS FIRST, (((t0.c0)) NOT BETWEEN ((LOWER(DISTINCT t0.c0))) AND ((((((((((t0.c0)AND(t0.c0)))OR(t0.c0)))AND(t0.c0)))OR(t0.c0))))));
SELECT ALL * FROM t0 CROSS JOIN vt1 ON CAST(((t0.c0)IS(t0.c0)) AS NUMERIC) WHERE (t0.c0) ORDER BY IFNULL(DISTINCT ((((t0.c0)AND(vt1.c0)))OR(t0.c0)), ((x'') NOT BETWEEN (vt1.c0) AND (t0.c0))) ASC  NULLS LAST;
SELECT SUM(count) FROM (SELECT ((t0.c0) IS TRUE)  as count FROM t0 CROSS JOIN vt1 ON CAST(((t0.c0)IS(t0.c0)) AS NUMERIC) ORDER BY IFNULL(DISTINCT ((((t0.c0)AND(vt1.c0)))OR(t0.c0)), ((x'') NOT BETWEEN (vt1.c0) AND (t0.c0))) ASC  NULLS LAST);
SELECT COUNT(*) FROM t0, vt1 WHERE (LIKELIHOOD(NULL, 0.3528524536528653)) ORDER BY ((((vt1.c0) NOTNULL))|(TYPEOF(t0.c0))), ((((CAST(t0.c0 AS TEXT))OR(x'' COLLATE NOCASE)))OR(((vt1.c0)LIKE(t0.c0))))  NULLS LAST, CASE WHEN t0.c0 THEN ((((t0.c0)AND(vt1.c0)))AND(vt1.c0)) ELSE ((vt1.c0)==(t0.c0)) END;
SELECT SUM(count) FROM (SELECT ALL ((LIKELIHOOD(NULL, 0.3528524536528653)) IS TRUE)  as count FROM t0, vt1 ORDER BY ((((vt1.c0) NOTNULL))|(TYPEOF(t0.c0))), ((((CAST(t0.c0 AS TEXT))OR(x'' COLLATE NOCASE)))OR(((vt1.c0)LIKE(t0.c0))))  NULLS LAST, CASE WHEN t0.c0 THEN ((((t0.c0)AND(vt1.c0)))AND(vt1.c0)) ELSE ((vt1.c0)==(t0.c0)) END);
SELECT ALL COUNT(*) FROM vt1 FULL OUTER JOIN t0 ON CASE WHEN LTRIM(vt1.c0) THEN ((vt1.c0)==(vt1.c0)) WHEN t0.c0 THEN t0.c0 WHEN CAST(t0.c0 AS BLOB) THEN CASE WHEN t0.c0 THEN vt1.c0 WHEN t0.c0 THEN vt1.c0 WHEN vt1.c0 THEN t0.c0 END ELSE vt1.c0 COLLATE NOCASE END WHERE (((TRIM(DISTINCT t0.c0, t0.c0))|(SQLITE_COMPILEOPTION_USED(NULL))));
SELECT SUM(count) FROM (SELECT ALL ((((TRIM(DISTINCT t0.c0, t0.c0))|(SQLITE_COMPILEOPTION_USED(NULL)))) IS TRUE)  as count FROM vt1 FULL OUTER JOIN t0 ON CASE WHEN LTRIM(vt1.c0) THEN ((vt1.c0)==(vt1.c0)) WHEN t0.c0 THEN t0.c0 WHEN CAST(t0.c0 AS BLOB) THEN CASE WHEN t0.c0 THEN vt1.c0 WHEN t0.c0 THEN vt1.c0 WHEN vt1.c0 THEN t0.c0 END ELSE vt1.c0 COLLATE NOCASE END);
SELECT ALL COUNT(*) FROM vt1 WHERE ((CASE vt1.c0  WHEN vt1.c0 THEN vt1.c0 END IN ()));
SELECT SUM(count) FROM (SELECT ALL (((CASE vt1.c0  WHEN vt1.c0 THEN vt1.c0 END IN ())) IS TRUE)  as count FROM vt1);
SELECT ALL COUNT(*) FROM vt1, t0 WHERE (((((NULL) BETWEEN (t0.c0) AND (vt1.c0)))<<((NOT (t0.c0)))));
SELECT SUM(count) FROM (SELECT ALL ((((((NULL) BETWEEN (t0.c0) AND (vt1.c0)))<<((NOT (t0.c0))))) IS TRUE)  as count FROM vt1, t0);
SELECT ALL COUNT(*) FROM vt1, t0 WHERE ((((~ (vt1.c0))) BETWEEN (((vt1.c0)>(t0.c0))) AND (((t0.c0)<>(t0.c0)))));
SELECT SUM(count) FROM (SELECT ALL (((((~ (vt1.c0))) BETWEEN (((vt1.c0)>(t0.c0))) AND (((t0.c0)!=(t0.c0))))) IS TRUE)  as count FROM vt1, t0);
SELECT * FROM t0 WHERE (((t0.c0) NOT NULL)) ORDER BY CAST(t0.c0 AS NUMERIC) COLLATE BINARY COLLATE RTRIM  NULLS LAST;
SELECT SUM(count) FROM (SELECT ((((t0.c0) NOT NULL)) IS TRUE)  as count FROM t0 ORDER BY CAST(t0.c0 AS NUMERIC) COLLATE BINARY COLLATE RTRIM  NULLS LAST);
SELECT ALL * FROM t0, vt1 WHERE (t0.c0);
SELECT SUM(count) FROM (SELECT ((t0.c0) IS TRUE)  as count FROM t0, vt1);
SELECT ALL COUNT(*) FROM vt1, t0 WHERE ((NOT (vt1.c0)));
SELECT SUM(count) FROM (SELECT (((NOT (vt1.c0))) IS TRUE)  as count FROM vt1, t0);
SELECT ALL COUNT(*) FROM vt1, t0 WHERE (CASE WHEN ((((vt1.c0)AND(NULL)))OR(t0.c0)) THEN CASE WHEN t0.c0 THEN vt1.c0 END WHEN ((0.5354447907661147)+('&WXS')) THEN t0.c0 WHEN ((vt1.c0) BETWEEN (t0.c0) AND (vt1.c0)) THEN ((vt1.c0) NOT BETWEEN (vt1.c0) AND (t0.c0)) ELSE ((t0.c0) NOTNULL) END) ORDER BY ((t0.c0) ISNULL) ASC, x''  NULLS FIRST;
SELECT SUM(count) FROM (SELECT ((CASE WHEN ((((vt1.c0)AND(NULL)))OR(t0.c0)) THEN CASE WHEN t0.c0 THEN vt1.c0 END WHEN ((0.5354447907661147)+('&WXS')) THEN t0.c0 WHEN ((vt1.c0) BETWEEN (t0.c0) AND (vt1.c0)) THEN ((vt1.c0) NOT BETWEEN (vt1.c0) AND (t0.c0)) ELSE ((t0.c0) NOTNULL) END) IS TRUE)  as count FROM vt1, t0 ORDER BY ((t0.c0) ISNULL) ASC, x''  NULLS FIRST);
SELECT ALL * FROM vt1 WHERE (((((vt1.c0)<=(vt1.c0)))%((~ (vt1.c0)))));
SELECT SUM(count) FROM (SELECT ALL ((((((vt1.c0)<=(vt1.c0)))%((~ (vt1.c0))))) IS TRUE)  as count FROM vt1);
SELECT COUNT(*) FROM vt1, t0 WHERE ('aLy') ORDER BY (((((vt1.c0, vt1.c0, t0.c0))<=((t0.c0, vt1.c0, t0.c0))))OR(vt1.c0 COLLATE NOCASE)), NULLIF(DISTINCT ((((vt1.c0)OR(vt1.c0)))AND(vt1.c0)), (- (vt1.c0))) DESC;
SELECT SUM(count) FROM (SELECT ALL (('aLy') IS TRUE)  as count FROM vt1, t0 ORDER BY (((((vt1.c0, vt1.c0, t0.c0))<=((t0.c0, vt1.c0, t0.c0))))OR(vt1.c0 COLLATE NOCASE)), NULLIF(DISTINCT ((((vt1.c0)OR(vt1.c0)))AND(vt1.c0)), (- (vt1.c0))) DESC);
SELECT * FROM vt1, t0 WHERE (CASE t0.c0 COLLATE RTRIM  WHEN (((t0.c0))==((t0.c0))) THEN ((t0.c0)==('-300328374')) ELSE (vt1.c0 IN ()) END) ORDER BY (- (vt1.c0));
SELECT SUM(count) FROM (SELECT ((CASE t0.c0 COLLATE RTRIM  WHEN (((t0.c0))==((t0.c0))) THEN ((t0.c0)==('-300328374')) ELSE (vt1.c0 IN ()) END) IS TRUE)  as count FROM vt1, t0 ORDER BY (- (vt1.c0)));
SELECT ALL * FROM t0, vt1 WHERE (((((t0.c0) NOT BETWEEN (vt1.c0) AND ('-749794413')))GLOB(CAST(t0.c0 AS REAL))));
SELECT SUM(count) FROM (SELECT ALL ((((((t0.c0) NOT BETWEEN (vt1.c0) AND ('-749794413')))GLOB(CAST(t0.c0 AS REAL)))) IS TRUE)  as count FROM t0, vt1);
SELECT ALL COUNT(*) FROM t0 NOT INDEXED WHERE (MIN(NULL, t0.c0));
SELECT SUM(count) FROM (SELECT ALL ((MIN(NULL, t0.c0)) IS TRUE)  as count FROM t0);
SELECT * FROM vt1 WHERE ((((((((((((vt1.c0))>=((vt1.c0))))AND(((vt1.c0)<=(vt1.c0)))))AND(CASE vt1.c0  WHEN vt1.c0 THEN vt1.c0 END)))AND((~ (vt1.c0)))))AND((vt1.c0 IN (vt1.c0, vt1.c0))))) ORDER BY ((((((((vt1.c0 COLLATE RTRIM)OR(vt1.c0)))AND(((vt1.c0)>>(vt1.c0)))))AND((vt1.c0 IN ()))))AND((vt1.c0 IN ()))) ASC  NULLS FIRST;
SELECT SUM(count) FROM (SELECT (((((((((((((vt1.c0))>=((vt1.c0))))AND(((vt1.c0)<=(vt1.c0)))))AND(CASE vt1.c0  WHEN vt1.c0 THEN vt1.c0 END)))AND((~ (vt1.c0)))))AND((vt1.c0 IN (vt1.c0, vt1.c0))))) IS TRUE)  as count FROM vt1 ORDER BY ((((((((vt1.c0 COLLATE RTRIM)OR(vt1.c0)))AND(((vt1.c0)>>(vt1.c0)))))AND((vt1.c0 IN ()))))AND((vt1.c0 IN ()))) ASC  NULLS FIRST);
SELECT * FROM vt1 WHERE (((CAST(vt1.c0 AS INTEGER))*((((vt1.c0, vt1.c0, vt1.c0))==((vt1.c0, vt1.c0, vt1.c0))))));
SELECT SUM(count) FROM (SELECT ALL ((((CAST(vt1.c0 AS INTEGER))*((((vt1.c0, vt1.c0, vt1.c0))=((vt1.c0, vt1.c0, vt1.c0)))))) IS TRUE)  as count FROM vt1);
SELECT * FROM vt1 WHERE (CAST(LIKELIHOOD(vt1.c0, 0.7167280342632008) AS NUMERIC));
SELECT SUM(count) FROM (SELECT ((CAST(LIKELIHOOD(vt1.c0, 0.7167280342632008) AS NUMERIC)) IS TRUE)  as count FROM vt1);
SELECT COUNT(*) FROM t0 WHERE (CAST(IFNULL(DISTINCT t0.c0, t0.c0) AS TEXT)) ORDER BY ((((((((((NULL) BETWEEN (t0.c0) AND (t0.c0)))AND(NULLIF(DISTINCT t0.c0, 1274504807))))AND(((t0.c0) NOT NULL))))AND((('&%') NOT BETWEEN (t0.c0) AND (t0.c0)))))OR(((0.8901963838762735) IS TRUE))) ASC;
SELECT SUM(count) FROM (SELECT ALL ((CAST(IFNULL(DISTINCT t0.c0, t0.c0) AS TEXT)) IS TRUE)  as count FROM t0 ORDER BY ((((((((((NULL) BETWEEN (t0.c0) AND (t0.c0)))AND(NULLIF(DISTINCT t0.c0, 1274504807))))AND(((t0.c0) NOT NULL))))AND((('&%') NOT BETWEEN (t0.c0) AND (t0.c0)))))OR(((0.8901963838762735) IS TRUE))) ASC);
SELECT COUNT(*) FROM vt1 LEFT OUTER JOIN t0 ON CASE json_insert(t0.c0, t0.c0, vt1.c0)  WHEN CAST(vt1.c0 AS REAL) THEN (t0.c0 IN ()) ELSE vt1.c0 END WHERE ((~ ((- (vt1.c0)))));
SELECT SUM(count) FROM (SELECT ALL (((~ ((- (vt1.c0))))) IS TRUE)  as count FROM vt1 LEFT OUTER JOIN t0 ON CASE json_insert(t0.c0, t0.c0, vt1.c0)  WHEN CAST(vt1.c0 AS REAL) THEN (t0.c0 IN ()) ELSE vt1.c0 END);
SELECT * FROM vt1, t0 WHERE (TRIM(DISTINCT ((t0.c0)*(x'')), ((vt1.c0) IS FALSE)));
SELECT SUM(count) FROM (SELECT ((TRIM(DISTINCT ((t0.c0)*(x'')), ((vt1.c0) IS FALSE))) IS TRUE)  as count FROM vt1, t0);
SELECT ALL COUNT(*) FROM t0 WHERE (t0.c0) ORDER BY ((NULLIF(t0.c0, t0.c0))=(((((((((((((t0.c0)OR(t0.c0)))AND(t0.c0)))OR(t0.c0)))AND(t0.c0)))AND(t0.c0)))AND(t0.c0)))) DESC, CAST((- (t0.c0)) AS INTEGER);
SELECT SUM(count) FROM (SELECT ALL ((t0.c0) IS TRUE)  as count FROM t0 ORDER BY ((NULLIF(t0.c0, t0.c0))==(((((((((((((t0.c0)OR(t0.c0)))AND(t0.c0)))OR(t0.c0)))AND(t0.c0)))AND(t0.c0)))AND(t0.c0)))) DESC, CAST((- (t0.c0)) AS INTEGER));
SELECT ALL COUNT(*) FROM t0, vt1 WHERE (NULL);
SELECT SUM(count) FROM (SELECT ((NULL) IS TRUE)  as count FROM t0, vt1);
SELECT ALL * FROM vt1, t0 WHERE ((- ('{W-Ar''')) COLLATE BINARY) ORDER BY t0.c0;
SELECT SUM(count) FROM (SELECT (((- ('{W-Ar''')) COLLATE BINARY) IS TRUE)  as count FROM vt1, t0 ORDER BY t0.c0);
SELECT * FROM vt1, t0 WHERE (((((vt1.c0)/(vt1.c0)))IS NOT(((vt1.c0) IS TRUE))));
SELECT SUM(count) FROM (SELECT ((((((vt1.c0)/(vt1.c0)))IS NOT(((vt1.c0) IS TRUE)))) IS TRUE)  as count FROM vt1, t0);
SELECT ALL COUNT(*) FROM vt1, t0 WHERE (((((t0.c0)AND(vt1.c0)))OR(vt1.c0)) COLLATE NOCASE);
SELECT SUM(count) FROM (SELECT ALL ((((((t0.c0)AND(vt1.c0)))OR(vt1.c0)) COLLATE NOCASE) IS TRUE)  as count FROM vt1, t0);
SELECT ALL COUNT(*) FROM t0, vt1 WHERE (CAST(t0.c0 COLLATE RTRIM AS BLOB));
SELECT SUM(count) FROM (SELECT ALL ((CAST(t0.c0 COLLATE RTRIM AS BLOB)) IS TRUE)  as count FROM t0, vt1);
SELECT ALL * FROM vt1 WHERE (433203834) ORDER BY (((((vt1.c0))==((vt1.c0))))+(((vt1.c0)+(vt1.c0)))) DESC  NULLS LAST, CASE WHEN (+ (vt1.c0)) THEN ((vt1.c0)==(vt1.c0)) WHEN ((vt1.c0) BETWEEN (vt1.c0) AND (vt1.c0)) THEN ('-583119837' IN (vt1.c0)) WHEN (vt1.c0 IN (vt1.c0)) THEN CAST(vt1.c0 AS NUMERIC) ELSE NULL END DESC  NULLS LAST, vt1.c0 ASC;
SELECT SUM(count) FROM (SELECT ((433203834) IS TRUE)  as count FROM vt1 ORDER BY (((((vt1.c0))==((vt1.c0))))+(((vt1.c0)+(vt1.c0)))) DESC  NULLS LAST, CASE WHEN (+ (vt1.c0)) THEN ((vt1.c0)=(vt1.c0)) WHEN ((vt1.c0) BETWEEN (vt1.c0) AND (vt1.c0)) THEN ('-583119837' IN (vt1.c0)) WHEN (vt1.c0 IN (vt1.c0)) THEN CAST(vt1.c0 AS NUMERIC) ELSE NULL END DESC  NULLS LAST, vt1.c0 ASC);
SELECT ALL COUNT(*) FROM vt1 WHERE (NULL) ORDER BY (((vt1.c0 IN ()))>=((+ (vt1.c0)))), ((((((((CAST(vt1.c0 AS REAL))AND(((vt1.c0)<<(vt1.c0)))))OR(CAST(vt1.c0 AS NUMERIC))))OR(CASE vt1.c0  WHEN vt1.c0 THEN vt1.c0 END)))AND(CASE WHEN vt1.c0 THEN vt1.c0 END))  NULLS LAST;
SELECT SUM(count) FROM (SELECT ((NULL) IS TRUE)  as count FROM vt1 ORDER BY (((vt1.c0 IN ()))>=((+ (vt1.c0)))), ((((((((CAST(vt1.c0 AS REAL))AND(((vt1.c0)<<(vt1.c0)))))OR(CAST(vt1.c0 AS NUMERIC))))OR(CASE vt1.c0  WHEN vt1.c0 THEN vt1.c0 END)))AND(CASE WHEN vt1.c0 THEN vt1.c0 END))  NULLS LAST);
SELECT ALL * FROM t0 WHERE ('-1780885653' COLLATE RTRIM) ORDER BY ((DATE(t0.c0, t0.c0, t0.c0)) NOT BETWEEN (((t0.c0) ISNULL)) AND (CASE t0.c0  WHEN t0.c0 THEN t0.c0 END)), CAST(CAST(t0.c0 AS INTEGER) AS INTEGER), ((t0.c0) BETWEEN (t0.c0) AND (x'5678')) COLLATE BINARY ASC  NULLS FIRST;
SELECT SUM(count) FROM (SELECT ALL (('-1780885653' COLLATE RTRIM) IS TRUE)  as count FROM t0 ORDER BY ((DATE(t0.c0, t0.c0, t0.c0)) NOT BETWEEN (((t0.c0) ISNULL)) AND (CASE t0.c0  WHEN t0.c0 THEN t0.c0 END)), CAST(CAST(t0.c0 AS INTEGER) AS INTEGER), ((t0.c0) BETWEEN (t0.c0) AND (x'5678')) COLLATE BINARY ASC  NULLS FIRST);
SELECT COUNT(*) FROM vt1 WHERE (((((vt1.c0, vt1.c0, vt1.c0))<=((vt1.c0, vt1.c0, vt1.c0))) IN ())) ORDER BY ((CAST(vt1.c0 AS BLOB))IS(vt1.c0 COLLATE NOCASE)) DESC  NULLS LAST;
SELECT SUM(count) FROM (SELECT ALL ((((((vt1.c0, vt1.c0, vt1.c0))<=((vt1.c0, vt1.c0, vt1.c0))) IN ())) IS TRUE)  as count FROM vt1 ORDER BY ((CAST(vt1.c0 AS BLOB))IS(vt1.c0 COLLATE NOCASE)) DESC  NULLS LAST);
SELECT COUNT(*) FROM vt1, t0 WHERE (CASE WHEN vt1.c0 THEN t0.c0 END COLLATE NOCASE);
SELECT SUM(count) FROM (SELECT ALL ((CASE WHEN vt1.c0 THEN t0.c0 END COLLATE NOCASE) IS TRUE)  as count FROM vt1, t0);
SELECT ALL * FROM t0, vt1 WHERE ((~ (CASE 0.4345301925325742  WHEN vt1.c0 THEN x'' ELSE t0.c0 END))) ORDER BY (((CAST(vt1.c0 AS REAL)))!=((vt1.c0 COLLATE NOCASE))) ASC  NULLS LAST, (CAST(vt1.c0 AS REAL) IN ()) DESC;
SELECT SUM(count) FROM (SELECT ALL (((~ (CASE 0.4345301925325742  WHEN vt1.c0 THEN x'' ELSE t0.c0 END))) IS TRUE)  as count FROM t0, vt1 ORDER BY (((CAST(vt1.c0 AS REAL)))!=((vt1.c0 COLLATE NOCASE))) ASC  NULLS LAST, (CAST(vt1.c0 AS REAL) IN ()) DESC);
SELECT COUNT(*) FROM t0, vt1 WHERE (0.39144312594045316);
SELECT SUM(count) FROM (SELECT ((0.39144312594045316) IS TRUE)  as count FROM t0, vt1);
SELECT * FROM vt1 RIGHT OUTER JOIN t0 ON ((vt1.c0) BETWEEN (t0.c0 COLLATE RTRIM) AND (LIKELY(vt1.c0))) WHERE (vt1.c0);
SELECT SUM(count) FROM (SELECT ALL ((vt1.c0) IS TRUE)  as count FROM vt1 RIGHT OUTER JOIN t0 ON ((vt1.c0) BETWEEN (t0.c0 COLLATE RTRIM) AND (LIKELY(vt1.c0))));
SELECT COUNT(*) FROM vt1 WHERE (((vt1.c0) NOT NULL) COLLATE NOCASE) ORDER BY '0.21688162727614024' ASC  NULLS FIRST, (((NOT (vt1.c0)))-(((vt1.c0)GLOB(vt1.c0)))) DESC, ((((vt1.c0) BETWEEN (vt1.c0) AND (vt1.c0)))/(((((vt1.c0)OR(vt1.c0)))OR(vt1.c0)))) DESC  NULLS LAST;
SELECT SUM(count) FROM (SELECT ALL ((((vt1.c0) NOT NULL) COLLATE NOCASE) IS TRUE)  as count FROM vt1 ORDER BY '0.21688162727614024' ASC  NULLS FIRST, (((NOT (vt1.c0)))-(((vt1.c0)GLOB(vt1.c0)))) DESC, ((((vt1.c0) BETWEEN (vt1.c0) AND (vt1.c0)))/(((((vt1.c0)OR(vt1.c0)))OR(vt1.c0)))) DESC  NULLS LAST);
SELECT ALL COUNT(*) FROM t0 WHERE ((((NOT (t0.c0)))LIKE(CASE WHEN t0.c0 THEN t0.c0 WHEN t0.c0 THEN t0.c0 WHEN t0.c0 THEN t0.c0 ELSE t0.c0 END))) ORDER BY ((LIKELY(DISTINCT t0.c0)) NOT NULL) ASC  NULLS LAST, CASE t0.c0  WHEN COALESCE(t0.c0, t0.c0) THEN CASE t0.c0  WHEN t0.c0 THEN t0.c0 END END  NULLS FIRST, (((((((('c	')OR((((('')AND(t0.c0)))OR(t0.c0)))))OR(LIKELY(DISTINCT t0.c0))))AND(t0.c0)))OR(t0.c0));
SELECT SUM(count) FROM (SELECT (((((NOT (t0.c0)))LIKE(CASE WHEN t0.c0 THEN t0.c0 WHEN t0.c0 THEN t0.c0 WHEN t0.c0 THEN t0.c0 ELSE t0.c0 END))) IS TRUE)  as count FROM t0 ORDER BY ((LIKELY(DISTINCT t0.c0)) NOT NULL) ASC  NULLS LAST, CASE t0.c0  WHEN COALESCE(t0.c0, t0.c0) THEN CASE t0.c0  WHEN t0.c0 THEN t0.c0 END END  NULLS FIRST, (((((((('c	')OR((((('')AND(t0.c0)))OR(t0.c0)))))OR(LIKELY(DISTINCT t0.c0))))AND(t0.c0)))OR(t0.c0)));
SELECT ALL COUNT(*) FROM t0, vt1 WHERE (vt1.c0);
SELECT SUM(count) FROM (SELECT ALL ((vt1.c0) IS TRUE)  as count FROM t0, vt1);
SELECT * FROM t0, vt1 WHERE ((QUOTE(vt1.c0) IN (t0.c0 COLLATE RTRIM)));
SELECT SUM(count) FROM (SELECT (((QUOTE(vt1.c0) IN (t0.c0 COLLATE RTRIM))) IS TRUE)  as count FROM t0, vt1);
SELECT ALL COUNT(*) FROM vt1 INNER JOIN t0 ON 0.7160137788352812 WHERE ((vt1.c0 IN (t0.c0 COLLATE NOCASE))) ORDER BY json_type(CAST(vt1.c0 AS INTEGER)) ASC  NULLS FIRST;
SELECT SUM(count) FROM (SELECT ALL (((vt1.c0 IN (t0.c0 COLLATE NOCASE))) IS TRUE)  as count FROM vt1 INNER JOIN t0 ON 0.7160137788352812 ORDER BY json_type(CAST(vt1.c0 AS INTEGER)) ASC  NULLS FIRST);
SELECT * FROM t0, vt1 WHERE ((t0.c0 IN (t0.c0, -1.901817911E9)) COLLATE NOCASE);
SELECT SUM(count) FROM (SELECT (((t0.c0 IN (t0.c0, -1.901817911E9)) COLLATE NOCASE) IS TRUE)  as count FROM t0, vt1);
SELECT ALL COUNT(*) FROM vt1 WHERE (((NULL) BETWEEN (vt1.c0 COLLATE NOCASE) AND ((((vt1.c0))<((vt1.c0)))))) ORDER BY ((((vt1.c0)AND(((vt1.c0) IS FALSE))))OR(CAST(vt1.c0 AS INTEGER)))  NULLS LAST;
SELECT SUM(count) FROM (SELECT ALL ((((NULL) BETWEEN (vt1.c0 COLLATE NOCASE) AND ((((vt1.c0))<((vt1.c0)))))) IS TRUE)  as count FROM vt1 ORDER BY ((((vt1.c0)AND(((vt1.c0) IS FALSE))))OR(CAST(vt1.c0 AS INTEGER)))  NULLS LAST);
SELECT COUNT(*) FROM vt1 WHERE ((+ (NULL))) ORDER BY (((vt1.c0 IN ()))*(((vt1.c0) IS FALSE)))  NULLS FIRST, NULLIF(CASE WHEN 0X7b511d51 THEN vt1.c0 END, NULL) ASC  NULLS FIRST;
SELECT SUM(count) FROM (SELECT (((+ (NULL))) IS TRUE)  as count FROM vt1 ORDER BY (((vt1.c0 IN ()))*(((vt1.c0) IS FALSE)))  NULLS FIRST, NULLIF(CASE WHEN 0x7b511d51 THEN vt1.c0 END, NULL) ASC  NULLS FIRST);
SELECT ALL * FROM vt1 WHERE (((LTRIM(vt1.c0, vt1.c0)) ISNULL)) ORDER BY (((vt1.c0, x'233d', vt1.c0)) NOT BETWEEN ((((vt1.c0)=(vt1.c0)), vt1.c0 COLLATE NOCASE, vt1.c0 COLLATE BINARY)) AND ((vt1.c0, (+ (vt1.c0)), (NOT (vt1.c0))))) DESC  NULLS FIRST;
SELECT SUM(count) FROM (SELECT ALL ((((LTRIM(vt1.c0, vt1.c0)) ISNULL)) IS TRUE)  as count FROM vt1 ORDER BY (((vt1.c0, x'233d', vt1.c0)) NOT BETWEEN ((((vt1.c0)=(vt1.c0)), vt1.c0 COLLATE NOCASE, vt1.c0 COLLATE BINARY)) AND ((vt1.c0, (+ (vt1.c0)), (NOT (vt1.c0))))) DESC  NULLS FIRST);
SELECT ALL COUNT(*) FROM t0 WHERE (CAST(((t0.c0) IS FALSE) AS NUMERIC));
SELECT SUM(count) FROM (SELECT ALL ((CAST(((t0.c0) IS FALSE) AS NUMERIC)) IS TRUE)  as count FROM t0);
SELECT * FROM vt1 WHERE (((((vt1.c0)GLOB(NULL))) NOT BETWEEN ((~ ('e쟁m\rxa뢫V'))) AND ((vt1.c0 IN (-1549218015, vt1.c0))))) ORDER BY TRIM(DISTINCT (vt1.c0 IN ()));
SELECT SUM(count) FROM (SELECT ALL ((((((vt1.c0)GLOB(NULL))) NOT BETWEEN ((~ ('e쟁m\rxa뢫V'))) AND ((vt1.c0 IN (-1549218015, vt1.c0))))) IS TRUE)  as count FROM vt1 ORDER BY TRIM(DISTINCT (vt1.c0 IN ())));
SELECT ALL * FROM vt1, t0 WHERE ((((((vt1.c0) BETWEEN (vt1.c0) AND (t0.c0))))<((CASE WHEN t0.c0 THEN t0.c0 WHEN vt1.c0 THEN t0.c0 WHEN t0.c0 THEN vt1.c0 END))));
SELECT SUM(count) FROM (SELECT ALL (((((((vt1.c0) BETWEEN (vt1.c0) AND (t0.c0))))<((CASE WHEN t0.c0 THEN t0.c0 WHEN vt1.c0 THEN t0.c0 WHEN t0.c0 THEN vt1.c0 END)))) IS TRUE)  as count FROM vt1, t0);
SELECT COUNT(*) FROM vt1 WHERE (((((((((((((vt1.c0)OR(vt1.c0)))AND(vt1.c0)))AND(vt1.c0)))AND(vt1.c0)))OR(vt1.c0 COLLATE NOCASE)))OR(((NULL)>>(vt1.c0)))));
SELECT SUM(count) FROM (SELECT ((((((((((((((vt1.c0)OR(vt1.c0)))AND(vt1.c0)))AND(vt1.c0)))AND(vt1.c0)))OR(vt1.c0 COLLATE NOCASE)))OR(((NULL)>>(vt1.c0))))) IS TRUE)  as count FROM vt1);
SELECT ALL * FROM t0, vt1 WHERE ((vt1.c0 COLLATE NOCASE IN ()));
SELECT SUM(count) FROM (SELECT ALL (((vt1.c0 COLLATE NOCASE IN ())) IS TRUE)  as count FROM t0, vt1);
SELECT * FROM t0, vt1 WHERE (((((t0.c0) BETWEEN (t0.c0) AND (x''))) IS TRUE)) ORDER BY (vt1.c0 COLLATE RTRIM IN ()) DESC  NULLS LAST;
SELECT SUM(count) FROM (SELECT ALL ((((((t0.c0) BETWEEN (t0.c0) AND (x''))) IS TRUE)) IS TRUE)  as count FROM t0, vt1 ORDER BY (vt1.c0 COLLATE RTRIM IN ()) DESC  NULLS LAST);
SELECT COUNT(*) FROM t0, vt1 WHERE (((((t0.c0)&(vt1.c0))) IS FALSE));
SELECT SUM(count) FROM (SELECT ALL ((((((t0.c0)&(vt1.c0))) IS FALSE)) IS TRUE)  as count FROM t0, vt1);
SELECT COUNT(*) FROM vt1 WHERE (((((((vt1.c0)AND(vt1.c0)))OR(0x175580e9))) NOT NULL));
SELECT SUM(count) FROM (SELECT ALL ((((((((vt1.c0)AND(vt1.c0)))OR(0X175580e9))) NOT NULL)) IS TRUE)  as count FROM vt1);
SELECT ALL * FROM t0 NOT INDEXED, vt1 WHERE ((((((((((((((vt1.c0 IN ()))OR((((t0.c0)) NOT BETWEEN ((t0.c0)) AND ((vt1.c0))))))OR(NULL)))AND(((t0.c0)>>(vt1.c0)))))AND(t0.c0 COLLATE BINARY)))AND((vt1.c0 IN ()))))OR(CAST(vt1.c0 AS BLOB))));
SELECT SUM(count) FROM (SELECT (((((((((((((((vt1.c0 IN ()))OR((((t0.c0)) NOT BETWEEN ((t0.c0)) AND ((vt1.c0))))))OR(NULL)))AND(((t0.c0)>>(vt1.c0)))))AND(t0.c0 COLLATE BINARY)))AND((vt1.c0 IN ()))))OR(CAST(vt1.c0 AS BLOB)))) IS TRUE)  as count FROM t0, vt1);
SELECT COUNT(*) FROM vt1 WHERE ('-1383386646') ORDER BY CASE WHEN vt1.c0 THEN vt1.c0 ELSE vt1.c0 END COLLATE RTRIM  NULLS LAST;
SELECT SUM(count) FROM (SELECT (('-1383386646') IS TRUE)  as count FROM vt1 ORDER BY CASE WHEN vt1.c0 THEN vt1.c0 ELSE vt1.c0 END COLLATE RTRIM  NULLS LAST);
SELECT COUNT(*) FROM vt1, t0 WHERE ((((t0.c0, x'', t0.c0)) BETWEEN (((vt1.c0 IN ()), (t0.c0 IN ()), (vt1.c0 IN ()))) AND ((CASE WHEN vt1.c0 THEN t0.c0 ELSE t0.c0 END, ((vt1.c0) NOT BETWEEN (t0.c0) AND (vt1.c0)), t0.c0 COLLATE NOCASE))));
SELECT SUM(count) FROM (SELECT ALL (((((t0.c0, x'', t0.c0)) BETWEEN (((vt1.c0 IN ()), (t0.c0 IN ()), (vt1.c0 IN ()))) AND ((CASE WHEN vt1.c0 THEN t0.c0 ELSE t0.c0 END, ((vt1.c0) NOT BETWEEN (t0.c0) AND (vt1.c0)), t0.c0 COLLATE NOCASE)))) IS TRUE)  as count FROM vt1, t0);
SELECT * FROM t0, vt1 WHERE ((((((('-1723410741')OR(NULL)))OR(vt1.c0))) BETWEEN ((~ (t0.c0))) AND ((- (vt1.c0))))) ORDER BY (((NOT (t0.c0)))>(CAST(t0.c0 AS TEXT))) ASC, ((0.7964782067484951) NOT BETWEEN ('-677639152') AND (((vt1.c0)>(t0.c0)))) ASC, ((t0.c0) ISNULL) COLLATE NOCASE DESC  NULLS FIRST;
SELECT SUM(count) FROM (SELECT ALL (((((((('-1723410741')OR(NULL)))OR(vt1.c0))) BETWEEN ((~ (t0.c0))) AND ((- (vt1.c0))))) IS TRUE)  as count FROM t0, vt1 ORDER BY (((NOT (t0.c0)))>(CAST(t0.c0 AS TEXT))) ASC, ((0.7964782067484951) NOT BETWEEN ('-677639152') AND (((vt1.c0)>(t0.c0)))) ASC, ((t0.c0) ISNULL) COLLATE NOCASE DESC  NULLS FIRST);
SELECT ALL COUNT(*) FROM t0, vt1 WHERE (t0.c0);
SELECT SUM(count) FROM (SELECT ALL ((t0.c0) IS TRUE)  as count FROM t0, vt1);
SELECT COUNT(*) FROM vt1 CROSS JOIN t0 ON (((+ (t0.c0)))AND(((vt1.c0) NOT BETWEEN (vt1.c0) AND (t0.c0)))) WHERE ((((NULL))<=((((t0.c0) NOT BETWEEN (vt1.c0) AND (vt1.c0))))));
SELECT SUM(count) FROM (SELECT ALL (((((NULL))<=((((t0.c0) NOT BETWEEN (vt1.c0) AND (vt1.c0)))))) IS TRUE)  as count FROM vt1 CROSS JOIN t0 ON (((+ (t0.c0)))AND(((vt1.c0) NOT BETWEEN (vt1.c0) AND (t0.c0)))));
SELECT * FROM t0, vt1 WHERE (CAST(UNLIKELY(DISTINCT 'IUఐ\r') AS INTEGER)) ORDER BY NULLIF(vt1.c0, (((t0.c0))<>((t0.c0)))) ASC  NULLS FIRST;
SELECT SUM(count) FROM (SELECT ALL ((CAST(UNLIKELY(DISTINCT 'IUఐ\r') AS INTEGER)) IS TRUE)  as count FROM t0, vt1 ORDER BY NULLIF(vt1.c0, (((t0.c0))!=((t0.c0)))) ASC  NULLS FIRST);
SELECT ALL COUNT(*) FROM t0, vt1 WHERE (((CAST(vt1.c0 AS REAL))IS(CAST(t0.c0 AS INTEGER)))) ORDER BY ((MIN(x'', vt1.c0)) NOT BETWEEN (((t0.c0) IS FALSE)) AND (((t0.c0)*(t0.c0)))) ASC  NULLS FIRST;
SELECT SUM(count) FROM (SELECT ((((CAST(vt1.c0 AS REAL))IS(CAST(t0.c0 AS INTEGER)))) IS TRUE)  as count FROM t0, vt1 ORDER BY ((MIN(x'', vt1.c0)) NOT BETWEEN (((t0.c0) IS FALSE)) AND (((t0.c0)*(t0.c0)))) ASC  NULLS FIRST);
SELECT ALL * FROM t0 WHERE ((((((((((t0.c0 IN ()))OR(((t0.c0)<(t0.c0)))))OR(((t0.c0)<<(t0.c0)))))OR((+ (t0.c0)))))AND((('')<(t0.c0))))) ORDER BY ((UPPER(DISTINCT t0.c0)) IS FALSE) DESC  NULLS LAST, CASE CAST(t0.c0 AS INTEGER)  WHEN TYPEOF(DISTINCT t0.c0) THEN x'2f8c' ELSE (((t0.c0)) NOT BETWEEN ((t0.c0)) AND ((t0.c0))) END ASC  NULLS LAST, (((t0.c0))<(((((t0.c0, t0.c0, t0.c0)) NOT BETWEEN ((t0.c0, t0.c0, t0.c0)) AND ((0.30393237725452193, 0.19359626855042977, t0.c0)))))) ASC  NULLS LAST;
SELECT SUM(count) FROM (SELECT ALL (((((((((((t0.c0 IN ()))OR(((t0.c0)<(t0.c0)))))OR(((t0.c0)<<(t0.c0)))))OR((+ (t0.c0)))))AND((('')<(t0.c0))))) IS TRUE)  as count FROM t0 ORDER BY ((UPPER(DISTINCT t0.c0)) IS FALSE) DESC  NULLS LAST, CASE CAST(t0.c0 AS INTEGER)  WHEN TYPEOF(DISTINCT t0.c0) THEN x'2f8c' ELSE (((t0.c0)) NOT BETWEEN ((t0.c0)) AND ((t0.c0))) END ASC  NULLS LAST, (((t0.c0))<(((((t0.c0, t0.c0, t0.c0)) NOT BETWEEN ((t0.c0, t0.c0, t0.c0)) AND ((0.30393237725452193, 0.19359626855042977, t0.c0)))))) ASC  NULLS LAST);
SELECT ALL COUNT(*) FROM vt1 RIGHT OUTER JOIN t0 ON CASE ((vt1.c0)=(t0.c0))  WHEN ((t0.c0) BETWEEN (vt1.c0) AND (t0.c0)) THEN (NOT (vt1.c0)) END WHERE (t0.c0);
SELECT SUM(count) FROM (SELECT ALL ((t0.c0) IS TRUE)  as count FROM vt1 RIGHT OUTER JOIN t0 ON CASE ((vt1.c0)==(t0.c0))  WHEN ((t0.c0) BETWEEN (vt1.c0) AND (t0.c0)) THEN (NOT (vt1.c0)) END);
SELECT ALL COUNT(*) FROM t0 LEFT OUTER JOIN vt1 ON CASE ((vt1.c0)OR(vt1.c0))  WHEN CAST(t0.c0 AS TEXT) THEN ((vt1.c0) NOT BETWEEN (t0.c0) AND (NULL)) END WHERE ((((t0.c0)IS(t0.c0)) IN ())) ORDER BY CAST(t0.c0 COLLATE RTRIM AS BLOB);
SELECT SUM(count) FROM (SELECT (((((t0.c0)IS(t0.c0)) IN ())) IS TRUE)  as count FROM t0 LEFT OUTER JOIN vt1 ON CASE ((vt1.c0)OR(vt1.c0))  WHEN CAST(t0.c0 AS TEXT) THEN ((vt1.c0) NOT BETWEEN (t0.c0) AND (NULL)) END ORDER BY CAST(t0.c0 COLLATE RTRIM AS BLOB));
SELECT ALL * FROM vt1 WHERE (((((((((((vt1.c0) NOT BETWEEN ('kUf') AND (vt1.c0)))OR(((vt1.c0)GLOB(vt1.c0)))))OR(((vt1.c0)<(vt1.c0)))))OR(vt1.c0 COLLATE BINARY)))AND((~ (0.5344166359568404))))) ORDER BY ((vt1.c0 COLLATE RTRIM)<>(CAST(vt1.c0 AS INTEGER))), vt1.c0  NULLS LAST;
SELECT SUM(count) FROM (SELECT ((((((((((((vt1.c0) NOT BETWEEN ('kUf') AND (vt1.c0)))OR(((vt1.c0)GLOB(vt1.c0)))))OR(((vt1.c0)<(vt1.c0)))))OR(vt1.c0 COLLATE BINARY)))AND((~ (0.5344166359568404))))) IS TRUE)  as count FROM vt1 ORDER BY ((vt1.c0 COLLATE RTRIM)<>(CAST(vt1.c0 AS INTEGER))), vt1.c0  NULLS LAST);
SELECT ALL COUNT(*) FROM vt1, t0 WHERE (HEX(DISTINCT CAST(vt1.c0 AS TEXT))) ORDER BY ((((((t0.c0)|(vt1.c0)))OR(json_remove(vt1.c0, t0.c0, t0.c0, t0.c0))))AND(CAST(t0.c0 AS NUMERIC))) ASC;
SELECT SUM(count) FROM (SELECT ((HEX(DISTINCT CAST(vt1.c0 AS TEXT))) IS TRUE)  as count FROM vt1, t0 ORDER BY ((((((t0.c0)|(vt1.c0)))OR(json_remove(vt1.c0, t0.c0, t0.c0, t0.c0))))AND(CAST(t0.c0 AS NUMERIC))) ASC);
SELECT * FROM t0 WHERE ((((((t0.c0)) NOT BETWEEN ((t0.c0)) AND ((t0.c0))))/(UPPER(t0.c0))));
SELECT SUM(count) FROM (SELECT ALL (((((((t0.c0)) NOT BETWEEN ((t0.c0)) AND ((t0.c0))))/(UPPER(t0.c0)))) IS TRUE)  as count FROM t0);
SELECT COUNT(*) FROM vt1 WHERE (((CASE vt1.c0  WHEN vt1.c0 THEN vt1.c0 ELSE vt1.c0 END) IS FALSE)) ORDER BY vt1.c0 ASC, LOWER(DISTINCT 0.9661543684071617) DESC  NULLS FIRST;
SELECT SUM(count) FROM (SELECT ((((CASE vt1.c0  WHEN vt1.c0 THEN vt1.c0 ELSE vt1.c0 END) IS FALSE)) IS TRUE)  as count FROM vt1 ORDER BY vt1.c0 ASC, LOWER(DISTINCT 0.9661543684071617) DESC  NULLS FIRST);
SELECT ALL COUNT(*) FROM vt1 WHERE (CASE NULL  WHEN vt1.c0 THEN ((((vt1.c0)AND(vt1.c0)))OR(vt1.c0)) END) ORDER BY vt1.c0 DESC  NULLS FIRST;
SELECT SUM(count) FROM (SELECT ((CASE NULL  WHEN vt1.c0 THEN ((((vt1.c0)AND(vt1.c0)))OR(vt1.c0)) END) IS TRUE)  as count FROM vt1 ORDER BY vt1.c0 DESC  NULLS FIRST);
SELECT ALL COUNT(*) FROM t0 FULL OUTER JOIN vt1 ON CAST(x'013a' AS NUMERIC) WHERE (CASE 928442661  WHEN t0.c0 THEN t0.c0 WHEN vt1.c0 THEN t0.c0 WHEN vt1.c0 THEN vt1.c0 ELSE vt1.c0 END COLLATE NOCASE COLLATE BINARY);
SELECT SUM(count) FROM (SELECT ((CASE 928442661  WHEN t0.c0 THEN t0.c0 WHEN vt1.c0 THEN t0.c0 WHEN vt1.c0 THEN vt1.c0 ELSE vt1.c0 END COLLATE NOCASE COLLATE BINARY) IS TRUE)  as count FROM t0 FULL OUTER JOIN vt1 ON CAST(x'013a' AS NUMERIC));
SELECT COUNT(*) FROM t0 WHERE (LOWER(QUOTE(t0.c0))) ORDER BY CASE WHEN (((t0.c0, t0.c0, t0.c0))=((t0.c0, t0.c0, t0.c0))) THEN ((((t0.c0)OR(t0.c0)))OR(t0.c0)) ELSE UNLIKELY(DISTINCT t0.c0) END;
SELECT SUM(count) FROM (SELECT ALL ((LOWER(QUOTE(t0.c0))) IS TRUE)  as count FROM t0 ORDER BY CASE WHEN (((t0.c0, t0.c0, t0.c0))==((t0.c0, t0.c0, t0.c0))) THEN ((((t0.c0)OR(t0.c0)))OR(t0.c0)) ELSE UNLIKELY(DISTINCT t0.c0) END);
SELECT ALL COUNT(*) FROM t0, vt1 WHERE (TRIM(CAST(t0.c0 AS INTEGER), (NOT (t0.c0)))) ORDER BY INSTR((vt1.c0 IN (t0.c0)), ((t0.c0) NOTNULL)), SQLITE_COMPILEOPTION_GET(CASE WHEN t0.c0 THEN vt1.c0 END)  NULLS LAST;
SELECT SUM(count) FROM (SELECT ((TRIM(CAST(t0.c0 AS INTEGER), (NOT (t0.c0)))) IS TRUE)  as count FROM t0, vt1 ORDER BY INSTR((vt1.c0 IN (t0.c0)), ((t0.c0) NOTNULL)), SQLITE_COMPILEOPTION_GET(CASE WHEN t0.c0 THEN vt1.c0 END)  NULLS LAST);
SELECT COUNT(*) FROM vt1 WHERE ((((- (vt1.c0))) BETWEEN (((vt1.c0)<<(vt1.c0))) AND (((vt1.c0)LIKE(vt1.c0))))) ORDER BY ABS((~ (vt1.c0))) ASC;
SELECT SUM(count) FROM (SELECT ALL (((((- (vt1.c0))) BETWEEN (((vt1.c0)<<(vt1.c0))) AND (((vt1.c0)LIKE(vt1.c0))))) IS TRUE)  as count FROM vt1 ORDER BY ABS((~ (vt1.c0))) ASC);
SELECT COUNT(*) FROM t0 INNER JOIN vt1 ON ((((0.604435043423419)AND(((t0.c0)*('2108816944')))))AND(CASE WHEN vt1.c0 THEN t0.c0 WHEN t0.c0 THEN vt1.c0 WHEN t0.c0 THEN vt1.c0 WHEN t0.c0 THEN vt1.c0 WHEN vt1.c0 THEN vt1.c0 ELSE vt1.c0 END)) WHERE (((((vt1.c0)/(vt1.c0))) ISNULL)) ORDER BY CASE WHEN ((vt1.c0) BETWEEN (t0.c0) AND (vt1.c0)) THEN t0.c0 COLLATE NOCASE WHEN ((((t0.c0)OR(vt1.c0)))AND(0.45171507832824986)) THEN (vt1.c0 IN ()) WHEN (((t0.c0, vt1.c0, t0.c0, '-1327382042', t0.c0)) NOT BETWEEN ((t0.c0, vt1.c0, vt1.c0, t0.c0, vt1.c0)) AND ((x'', x'76a1', vt1.c0, t0.c0, vt1.c0))) THEN ((vt1.c0) ISNULL) END  NULLS FIRST;
SELECT SUM(count) FROM (SELECT ((((((vt1.c0)/(vt1.c0))) ISNULL)) IS TRUE)  as count FROM t0 INNER JOIN vt1 ON ((((0.604435043423419)AND(((t0.c0)*('2108816944')))))AND(CASE WHEN vt1.c0 THEN t0.c0 WHEN t0.c0 THEN vt1.c0 WHEN t0.c0 THEN vt1.c0 WHEN t0.c0 THEN vt1.c0 WHEN vt1.c0 THEN vt1.c0 ELSE vt1.c0 END)) ORDER BY CASE WHEN ((vt1.c0) BETWEEN (t0.c0) AND (vt1.c0)) THEN t0.c0 COLLATE NOCASE WHEN ((((t0.c0)OR(vt1.c0)))AND(0.45171507832824986)) THEN (vt1.c0 IN ()) WHEN (((t0.c0, vt1.c0, t0.c0, '-1327382042', t0.c0)) NOT BETWEEN ((t0.c0, vt1.c0, vt1.c0, t0.c0, vt1.c0)) AND ((x'', x'76a1', vt1.c0, t0.c0, vt1.c0))) THEN ((vt1.c0) ISNULL) END  NULLS FIRST);
SELECT COUNT(*) FROM t0 WHERE (t0.c0);
SELECT SUM(count) FROM (SELECT ((t0.c0) IS TRUE)  as count FROM t0);
SELECT ALL COUNT(*) FROM vt1 WHERE (CAST(((((vt1.c0)OR(vt1.c0)))OR(vt1.c0)) AS BLOB)) ORDER BY ((((vt1.c0)AND(vt1.c0 COLLATE BINARY)))AND(((vt1.c0)AND(vt1.c0)))) DESC;
SELECT SUM(count) FROM (SELECT ALL ((CAST(((((vt1.c0)OR(vt1.c0)))OR(vt1.c0)) AS BLOB)) IS TRUE)  as count FROM vt1 ORDER BY ((((vt1.c0)AND(vt1.c0 COLLATE BINARY)))AND(((vt1.c0)AND(vt1.c0)))) DESC);
SELECT * FROM t0 WHERE (((((((t0.c0) IS TRUE))AND(((((((((t0.c0)OR(t0.c0)))AND(t0.c0)))OR('1263751026')))AND(t0.c0)))))OR(((t0.c0)OR(t0.c0)))));
SELECT SUM(count) FROM (SELECT ALL ((((((((t0.c0) IS TRUE))AND(((((((((t0.c0)OR(t0.c0)))AND(t0.c0)))OR('1263751026')))AND(t0.c0)))))OR(((t0.c0)OR(t0.c0))))) IS TRUE)  as count FROM t0);
SELECT COUNT(*) FROM t0 WHERE (((((((t0.c0)AND(t0.c0)))OR(t0.c0)))>=(((t0.c0)<<(t0.c0))))) ORDER BY CAST((NOT (t0.c0)) AS NUMERIC) ASC;
SELECT SUM(count) FROM (SELECT ((((((((t0.c0)AND(t0.c0)))OR(t0.c0)))>=(((t0.c0)<<(t0.c0))))) IS TRUE)  as count FROM t0 ORDER BY CAST((NOT (t0.c0)) AS NUMERIC) ASC);
SELECT ALL COUNT(*) FROM t0 WHERE ('_\n\');
SELECT SUM(count) FROM (SELECT ALL (('_\n\') IS TRUE)  as count FROM t0);
SELECT * FROM t0 WHERE (((((((((t0.c0 COLLATE NOCASE)OR((- (t0.c0)))))OR(t0.c0)))AND(((t0.c0) IS TRUE))))OR((t0.c0 IN ()))));
SELECT SUM(count) FROM (SELECT ((((((((((t0.c0 COLLATE NOCASE)OR((- (t0.c0)))))OR(t0.c0)))AND(((t0.c0) IS TRUE))))OR((t0.c0 IN ())))) IS TRUE)  as count FROM t0);
SELECT * FROM vt1 WHERE (0.6313251123556841);
SELECT SUM(count) FROM (SELECT ALL ((0.6313251123556841) IS TRUE)  as count FROM vt1);
SELECT COUNT(*) FROM vt1, t0 WHERE (CASE (vt1.c0 IN ())  WHEN (t0.c0 IN (vt1.c0)) THEN (vt1.c0 IN (t0.c0)) ELSE ((((vt1.c0)AND(t0.c0)))AND(vt1.c0)) END) ORDER BY (CAST(t0.c0 AS BLOB) IN ())  NULLS FIRST;
SELECT SUM(count) FROM (SELECT ((CASE (vt1.c0 IN ())  WHEN (t0.c0 IN (vt1.c0)) THEN (vt1.c0 IN (t0.c0)) ELSE ((((vt1.c0)AND(t0.c0)))AND(vt1.c0)) END) IS TRUE)  as count FROM vt1, t0 ORDER BY (CAST(t0.c0 AS BLOB) IN ())  NULLS FIRST);
SELECT ALL COUNT(*) FROM vt1 INDEXED BY i93 WHERE (((vt1.c0 COLLATE BINARY) NOT BETWEEN (vt1.c0 COLLATE RTRIM) AND ((((vt1.c0, vt1.c0, vt1.c0)) BETWEEN ((vt1.c0, vt1.c0, vt1.c0)) AND ((vt1.c0, vt1.c0, vt1.c0))))));
SELECT SUM(count) FROM (SELECT ALL ((((vt1.c0 COLLATE BINARY) NOT BETWEEN (vt1.c0 COLLATE RTRIM) AND ((((vt1.c0, vt1.c0, vt1.c0)) BETWEEN ((vt1.c0, vt1.c0, vt1.c0)) AND ((vt1.c0, vt1.c0, vt1.c0)))))) IS TRUE)  as count FROM vt1 INDEXED BY i93);
SELECT * FROM t0 NATURAL JOIN vt1 WHERE (CAST('-555848006' AS NUMERIC));
SELECT SUM(count) FROM (SELECT ALL ((CAST('-555848006' AS NUMERIC)) IS TRUE)  as count FROM t0 NATURAL JOIN vt1);
SELECT COUNT(*) FROM t0, vt1 WHERE (LENGTH(CASE WHEN t0.c0 THEN t0.c0 ELSE '' END));
SELECT SUM(count) FROM (SELECT ALL ((LENGTH(CASE WHEN t0.c0 THEN t0.c0 ELSE '' END)) IS TRUE)  as count FROM t0, vt1);
SELECT ALL * FROM t0 WHERE ((((- (t0.c0))) NOT NULL));
SELECT SUM(count) FROM (SELECT ALL (((((- (t0.c0))) NOT NULL)) IS TRUE)  as count FROM t0);
SELECT COUNT(*) FROM t0, vt1 WHERE (((x'') ISNULL)) ORDER BY ((((((((CAST(vt1.c0 AS BLOB))OR(((((vt1.c0)AND(x'')))AND(t0.c0)))))OR(((vt1.c0) IS TRUE))))OR(((vt1.c0) IS FALSE))))AND(((vt1.c0)<<(t0.c0)))) DESC;
SELECT SUM(count) FROM (SELECT ((((x'') ISNULL)) IS TRUE)  as count FROM t0, vt1 ORDER BY ((((((((CAST(vt1.c0 AS BLOB))OR(((((vt1.c0)AND(x'')))AND(t0.c0)))))OR(((vt1.c0) IS TRUE))))OR(((vt1.c0) IS FALSE))))AND(((vt1.c0)<<(t0.c0)))) DESC);
SELECT COUNT(*) FROM vt1, t0 WHERE (((((t0.c0)<<(t0.c0))) IS FALSE));
SELECT SUM(count) FROM (SELECT ALL ((((((t0.c0)<<(t0.c0))) IS FALSE)) IS TRUE)  as count FROM vt1, t0);
SELECT COUNT(*) FROM vt1, t0 WHERE (CAST(t0.c0 AS TEXT) COLLATE RTRIM);
SELECT SUM(count) FROM (SELECT ALL ((CAST(t0.c0 AS TEXT) COLLATE RTRIM) IS TRUE)  as count FROM vt1, t0);
SELECT ALL * FROM t0, vt1 WHERE (CASE WHEN 90812085 THEN ((t0.c0) NOT BETWEEN (vt1.c0) AND (x'3d76')) END);
SELECT SUM(count) FROM (SELECT ((CASE WHEN 90812085 THEN ((t0.c0) NOT BETWEEN (vt1.c0) AND (x'3d76')) END) IS TRUE)  as count FROM t0, vt1);
SELECT ALL COUNT(*) FROM vt1 WHERE (CASE WHEN ((vt1.c0)IS(vt1.c0)) THEN CASE WHEN vt1.c0 THEN vt1.c0 WHEN vt1.c0 THEN x'' WHEN vt1.c0 THEN vt1.c0 END END);
SELECT SUM(count) FROM (SELECT ((CASE WHEN ((vt1.c0)IS(vt1.c0)) THEN CASE WHEN vt1.c0 THEN vt1.c0 WHEN vt1.c0 THEN x'' WHEN vt1.c0 THEN vt1.c0 END END) IS TRUE)  as count FROM vt1);
SELECT COUNT(*) FROM t0 WHERE (x'');
SELECT SUM(count) FROM (SELECT ALL ((x'') IS TRUE)  as count FROM t0);
SELECT ALL COUNT(*) FROM vt1, t0 WHERE ((((t0.c0 COLLATE RTRIM, CASE WHEN t0.c0 THEN t0.c0 END, ((((vt1.c0)OR(t0.c0)))AND(vt1.c0))))<>((((((vt1.c0)OR(x'')))AND(-7.22914074E8)), ((vt1.c0)=(t0.c0)), t0.c0 COLLATE RTRIM)))) ORDER BY (((0.44165436307989403))<((((t0.c0) BETWEEN (t0.c0) AND (t0.c0))))) ASC;
SELECT SUM(count) FROM (SELECT ALL (((((t0.c0 COLLATE RTRIM, CASE WHEN t0.c0 THEN t0.c0 END, ((((vt1.c0)OR(t0.c0)))AND(vt1.c0))))!=((((((vt1.c0)OR(x'')))AND(-7.22914074E8)), ((vt1.c0)==(t0.c0)), t0.c0 COLLATE RTRIM)))) IS TRUE)  as count FROM vt1, t0 ORDER BY (((0.44165436307989403))<((((t0.c0) BETWEEN (t0.c0) AND (t0.c0))))) ASC);
SELECT COUNT(*) FROM t0 CROSS JOIN vt1 ON (NOT (CASE x''  WHEN vt1.c0 THEN vt1.c0 ELSE t0.c0 END)) WHERE ((- (vt1.c0 COLLATE NOCASE))) ORDER BY IFNULL(t0.c0, t0.c0) COLLATE RTRIM  NULLS FIRST, ((UPPER(DISTINCT t0.c0))>=(((t0.c0) NOTNULL))) ASC  NULLS LAST, ((((((((((t0.c0) ISNULL))OR(((((t0.c0)AND(t0.c0)))AND(t0.c0)))))AND((((t0.c0))>((t0.c0))))))OR((vt1.c0 IN (vt1.c0)))))AND(vt1.c0))  NULLS FIRST;
SELECT SUM(count) FROM (SELECT ALL (((- (vt1.c0 COLLATE NOCASE))) IS TRUE)  as count FROM t0 CROSS JOIN vt1 ON (NOT (CASE x''  WHEN vt1.c0 THEN vt1.c0 ELSE t0.c0 END)) ORDER BY IFNULL(t0.c0, t0.c0) COLLATE RTRIM  NULLS FIRST, ((UPPER(DISTINCT t0.c0))>=(((t0.c0) NOTNULL))) ASC  NULLS LAST, ((((((((((t0.c0) ISNULL))OR(((((t0.c0)AND(t0.c0)))AND(t0.c0)))))AND((((t0.c0))>((t0.c0))))))OR((vt1.c0 IN (vt1.c0)))))AND(vt1.c0))  NULLS FIRST);
SELECT * FROM t0, vt1 WHERE (((((((((((NULL)>=(vt1.c0)))OR(((t0.c0)IS(t0.c0)))))AND((t0.c0 IN (vt1.c0)))))AND(TYPEOF(vt1.c0))))OR(CASE t0.c0  WHEN t0.c0 THEN vt1.c0 END)));
SELECT SUM(count) FROM (SELECT ALL ((((((((((((NULL)>=(vt1.c0)))OR(((t0.c0)IS(t0.c0)))))AND((t0.c0 IN (vt1.c0)))))AND(TYPEOF(vt1.c0))))OR(CASE t0.c0  WHEN t0.c0 THEN vt1.c0 END))) IS TRUE)  as count FROM t0, vt1);
SELECT * FROM vt1 WHERE ((- ((vt1.c0 IN (vt1.c0, vt1.c0))))) ORDER BY (((NULL, vt1.c0, vt1.c0, vt1.c0, x'5f4b')) NOT BETWEEN ((json_array_length(vt1.c0, vt1.c0), DATE(0.7780510608850644, vt1.c0, 0.604435043423419, vt1.c0, vt1.c0), CAST(vt1.c0 AS REAL), ((vt1.c0) BETWEEN (vt1.c0) AND ('jK|u*qTc')), NULL)) AND ((CAST(vt1.c0 AS TEXT), COALESCE(DISTINCT vt1.c0, vt1.c0, vt1.c0, vt1.c0, vt1.c0, vt1.c0), CASE vt1.c0  WHEN vt1.c0 THEN vt1.c0 WHEN vt1.c0 THEN vt1.c0 WHEN vt1.c0 THEN vt1.c0 WHEN vt1.c0 THEN vt1.c0 WHEN vt1.c0 THEN vt1.c0 WHEN vt1.c0 THEN vt1.c0 WHEN vt1.c0 THEN vt1.c0 ELSE vt1.c0 END, (- (vt1.c0)), CAST(vt1.c0 AS INTEGER)))) ASC;
SELECT SUM(count) FROM (SELECT (((- ((vt1.c0 IN (vt1.c0, vt1.c0))))) IS TRUE)  as count FROM vt1 ORDER BY (((NULL, vt1.c0, vt1.c0, vt1.c0, x'5f4b')) NOT BETWEEN ((json_array_length(vt1.c0, vt1.c0), DATE(0.7780510608850644, vt1.c0, 0.604435043423419, vt1.c0, vt1.c0), CAST(vt1.c0 AS REAL), ((vt1.c0) BETWEEN (vt1.c0) AND ('jK|u*qTc')), NULL)) AND ((CAST(vt1.c0 AS TEXT), COALESCE(DISTINCT vt1.c0, vt1.c0, vt1.c0, vt1.c0, vt1.c0, vt1.c0), CASE vt1.c0  WHEN vt1.c0 THEN vt1.c0 WHEN vt1.c0 THEN vt1.c0 WHEN vt1.c0 THEN vt1.c0 WHEN vt1.c0 THEN vt1.c0 WHEN vt1.c0 THEN vt1.c0 WHEN vt1.c0 THEN vt1.c0 WHEN vt1.c0 THEN vt1.c0 ELSE vt1.c0 END, (- (vt1.c0)), CAST(vt1.c0 AS INTEGER)))) ASC);
SELECT ALL COUNT(*) FROM t0 WHERE (((((t0.c0 IN (t0.c0))))>(((t0.c0 IN ()))))) ORDER BY LIKELIHOOD(((t0.c0)<=(t0.c0)), 0.17588483929714738) ASC  NULLS LAST;
SELECT SUM(count) FROM (SELECT ((((((t0.c0 IN (t0.c0))))>(((t0.c0 IN ()))))) IS TRUE)  as count FROM t0 ORDER BY LIKELIHOOD(((t0.c0)<=(t0.c0)), 0.17588483929714738) ASC  NULLS LAST);
SELECT COUNT(*) FROM vt1, t0 WHERE (((((((t0.c0)AND(vt1.c0)))AND(vt1.c0))) IS TRUE)) ORDER BY t0.c0, ((vt1.c0) IS FALSE), (((t0.c0)) NOT BETWEEN ((vt1.c0 COLLATE RTRIM)) AND ((((((((((vt1.c0)OR(t0.c0)))OR(t0.c0)))AND(x'')))OR(vt1.c0)))));
SELECT SUM(count) FROM (SELECT ALL ((((((((t0.c0)AND(vt1.c0)))AND(vt1.c0))) IS TRUE)) IS TRUE)  as count FROM vt1, t0 ORDER BY t0.c0, ((vt1.c0) IS FALSE), (((t0.c0)) NOT BETWEEN ((vt1.c0 COLLATE RTRIM)) AND ((((((((((vt1.c0)OR(t0.c0)))OR(t0.c0)))AND(x'')))OR(vt1.c0))))));
SELECT ALL * FROM vt1, t0 WHERE (CAST(((vt1.c0) BETWEEN (vt1.c0) AND (t0.c0)) AS NUMERIC));
SELECT SUM(count) FROM (SELECT ALL ((CAST(((vt1.c0) BETWEEN (vt1.c0) AND (t0.c0)) AS NUMERIC)) IS TRUE)  as count FROM vt1, t0);
SELECT * FROM vt1 LEFT OUTER JOIN t0 ON CAST(vt1.c0 AS NUMERIC) WHERE ((((t0.c0)) BETWEEN (('C3{兔U0CSf')) AND ((((((((((vt1.c0)OR(vt1.c0)))AND(vt1.c0)))AND(vt1.c0)))AND(vt1.c0))))));
SELECT SUM(count) FROM (SELECT ALL (((((t0.c0)) BETWEEN (('C3{兔U0CSf')) AND ((((((((((vt1.c0)OR(vt1.c0)))AND(vt1.c0)))AND(vt1.c0)))AND(vt1.c0)))))) IS TRUE)  as count FROM vt1 LEFT OUTER JOIN t0 ON CAST(vt1.c0 AS NUMERIC));
SELECT ALL COUNT(*) FROM vt1, t0 WHERE (((vt1.c0)==(t0.c0 COLLATE BINARY))) ORDER BY CAST(((x'')<(t0.c0)) AS TEXT) DESC  NULLS FIRST;
SELECT SUM(count) FROM (SELECT ((((vt1.c0)==(t0.c0 COLLATE BINARY))) IS TRUE)  as count FROM vt1, t0 ORDER BY CAST(((x'')<(t0.c0)) AS TEXT) DESC  NULLS FIRST);
SELECT ALL COUNT(*) FROM vt1, t0 WHERE (TYPEOF(((vt1.c0)AND(t0.c0)))) ORDER BY (((+ (vt1.c0)))IS NOT(CASE WHEN t0.c0 THEN t0.c0 END)) ASC;
SELECT SUM(count) FROM (SELECT ALL ((TYPEOF(((vt1.c0)AND(t0.c0)))) IS TRUE)  as count FROM vt1, t0 ORDER BY (((+ (vt1.c0)))IS NOT(CASE WHEN t0.c0 THEN t0.c0 END)) ASC);
SELECT ALL COUNT(*) FROM t0 RIGHT OUTER JOIN vt1 ON (((vt1.c0 IN ())) NOT BETWEEN ((((vt1.c0, NULL, x''))=((vt1.c0, vt1.c0, t0.c0)))) AND (((((((((vt1.c0)OR('-1805023257')))OR(t0.c0)))AND(t0.c0)))OR(t0.c0)))) WHERE (((((t0.c0) BETWEEN (t0.c0) AND (t0.c0))) IS TRUE)) ORDER BY 'X';
SELECT SUM(count) FROM (SELECT ALL ((((((t0.c0) BETWEEN (t0.c0) AND (t0.c0))) IS TRUE)) IS TRUE)  as count FROM t0 RIGHT OUTER JOIN vt1 ON (((vt1.c0 IN ())) NOT BETWEEN ((((vt1.c0, NULL, x''))==((vt1.c0, vt1.c0, t0.c0)))) AND (((((((((vt1.c0)OR('-1805023257')))OR(t0.c0)))AND(t0.c0)))OR(t0.c0)))) ORDER BY 'X');
SELECT * FROM t0 LEFT OUTER JOIN vt1 ON (((t0.c0 IN ())) ISNULL) WHERE (((((vt1.c0) IS TRUE)) IS TRUE));
SELECT SUM(count) FROM (SELECT ((((((vt1.c0) IS TRUE)) IS TRUE)) IS TRUE)  as count FROM t0 LEFT OUTER JOIN vt1 ON (((t0.c0 IN ())) ISNULL));
SELECT ALL * FROM vt1 WHERE (((((vt1.c0) NOT BETWEEN (vt1.c0) AND (vt1.c0)))==(((vt1.c0) NOT BETWEEN (vt1.c0) AND (vt1.c0)))));
SELECT SUM(count) FROM (SELECT ALL ((((((vt1.c0) NOT BETWEEN (vt1.c0) AND (vt1.c0)))=(((vt1.c0) NOT BETWEEN (vt1.c0) AND (vt1.c0))))) IS TRUE)  as count FROM vt1);
SELECT * FROM t0 WHERE (((((CAST(t0.c0 AS REAL))AND(0x6fc4b057)))AND(TRIM(t0.c0))));
SELECT SUM(count) FROM (SELECT ((((((CAST(t0.c0 AS REAL))AND(0x6fc4b057)))AND(TRIM(t0.c0)))) IS TRUE)  as count FROM t0);
SELECT ALL COUNT(*) FROM t0 WHERE ((((CAST(t0.c0 AS TEXT)))<((((t0.c0)<(t0.c0))))));
SELECT SUM(count) FROM (SELECT (((((CAST(t0.c0 AS TEXT)))<((((t0.c0)<(t0.c0)))))) IS TRUE)  as count FROM t0);
SELECT COUNT(*) FROM vt1, t0 WHERE ((NOT (vt1.c0 COLLATE RTRIM)));
SELECT SUM(count) FROM (SELECT ALL (((NOT (vt1.c0 COLLATE RTRIM))) IS TRUE)  as count FROM vt1, t0);
SELECT ALL COUNT(*) FROM vt1, t0 WHERE (0.5794592238493945);
SELECT SUM(count) FROM (SELECT ALL ((0.5794592238493945) IS TRUE)  as count FROM vt1, t0);
SELECT ALL COUNT(*) FROM vt1 INDEXED BY i82 WHERE (CAST((vt1.c0 IN ()) AS REAL));
SELECT SUM(count) FROM (SELECT ALL ((CAST((vt1.c0 IN ()) AS REAL)) IS TRUE)  as count FROM vt1 INDEXED BY i82);
SELECT ALL * FROM vt1, t0 WHERE (vt1.c0);
SELECT SUM(count) FROM (SELECT ALL ((vt1.c0) IS TRUE)  as count FROM vt1, t0);
SELECT * FROM vt1, t0 NOT INDEXED WHERE ((((((vt1.c0 IN ()))AND(((t0.c0) NOT BETWEEN (t0.c0) AND (t0.c0)))))AND(CAST(t0.c0 AS TEXT)))) ORDER BY ((((((((LAST_INSERT_ROWID())AND((~ (vt1.c0)))))AND(((t0.c0) IS FALSE))))OR(((vt1.c0) NOTNULL))))AND(((((t0.c0)OR(vt1.c0)))AND(vt1.c0)))) DESC  NULLS LAST;
SELECT SUM(count) FROM (SELECT ALL (((((((vt1.c0 IN ()))AND(((t0.c0) NOT BETWEEN (t0.c0) AND (t0.c0)))))AND(CAST(t0.c0 AS TEXT)))) IS TRUE)  as count FROM vt1, t0 ORDER BY ((((((((LAST_INSERT_ROWID())AND((~ (vt1.c0)))))AND(((t0.c0) IS FALSE))))OR(((vt1.c0) NOTNULL))))AND(((((t0.c0)OR(vt1.c0)))AND(vt1.c0)))) DESC  NULLS LAST);
SELECT * FROM vt1, t0 WHERE (t0.c0 COLLATE NOCASE);
SELECT SUM(count) FROM (SELECT ALL ((t0.c0 COLLATE NOCASE) IS TRUE)  as count FROM vt1, t0);
SELECT * FROM t0 WHERE (LIKELY(CASE WHEN -670408673 THEN t0.c0 END)) ORDER BY (~ (t0.c0)) COLLATE RTRIM;
SELECT SUM(count) FROM (SELECT ((LIKELY(CASE WHEN -670408673 THEN t0.c0 END)) IS TRUE)  as count FROM t0 ORDER BY (~ (t0.c0)) COLLATE RTRIM);
SELECT ALL COUNT(*) FROM t0, vt1 WHERE (t0.c0);
SELECT SUM(count) FROM (SELECT ((t0.c0) IS TRUE)  as count FROM t0, vt1);
SELECT ALL COUNT(*) FROM t0 WHERE (TRIM(DISTINCT t0.c0 COLLATE NOCASE, CAST(t0.c0 AS BLOB))) ORDER BY ((((t0.c0)>=(t0.c0))) NOT BETWEEN (t0.c0 COLLATE NOCASE) AND (CASE t0.c0  WHEN t0.c0 THEN t0.c0 ELSE t0.c0 END)) DESC  NULLS FIRST, NULL ASC  NULLS LAST, (((t0.c0) NOT BETWEEN (t0.c0) AND (t0.c0)) IN ())  NULLS FIRST;
SELECT SUM(count) FROM (SELECT ((TRIM(DISTINCT t0.c0 COLLATE NOCASE, CAST(t0.c0 AS BLOB))) IS TRUE)  as count FROM t0 ORDER BY ((((t0.c0)>=(t0.c0))) NOT BETWEEN (t0.c0 COLLATE NOCASE) AND (CASE t0.c0  WHEN t0.c0 THEN t0.c0 ELSE t0.c0 END)) DESC  NULLS FIRST, NULL ASC  NULLS LAST, (((t0.c0) NOT BETWEEN (t0.c0) AND (t0.c0)) IN ())  NULLS FIRST);
SELECT ALL COUNT(*) FROM t0 WHERE (NULL);
SELECT SUM(count) FROM (SELECT ALL ((NULL) IS TRUE)  as count FROM t0);
SELECT ALL COUNT(*) FROM vt1 WHERE ('') ORDER BY (NOT ((vt1.c0 IN ()))) DESC;
SELECT SUM(count) FROM (SELECT ALL (('') IS TRUE)  as count FROM vt1 ORDER BY (NOT ((vt1.c0 IN ()))) DESC);
SELECT ALL COUNT(*) FROM t0, vt1 WHERE (CASE ((t0.c0)IS NOT(t0.c0))  WHEN load_extension(t0.c0) THEN ((((t0.c0)OR(vt1.c0)))AND(t0.c0)) WHEN 0.20035270447455777 THEN x'' WHEN vt1.c0 COLLATE BINARY THEN ((vt1.c0)<=(vt1.c0)) WHEN ((t0.c0) ISNULL) THEN ((t0.c0) NOT BETWEEN (t0.c0) AND (t0.c0)) WHEN ((1.900532234E9)>(-1384315240)) THEN (- (t0.c0)) END) ORDER BY ((((((((t0.c0 COLLATE BINARY)OR(vt1.c0)))OR(((vt1.c0)>>(vt1.c0)))))OR(((t0.c0) NOTNULL))))AND((NOT (t0.c0))))  NULLS LAST;
SELECT SUM(count) FROM (SELECT ALL ((CASE ((t0.c0)IS NOT(t0.c0))  WHEN load_extension(t0.c0) THEN ((((t0.c0)OR(vt1.c0)))AND(t0.c0)) WHEN 0.20035270447455777 THEN x'' WHEN vt1.c0 COLLATE BINARY THEN ((vt1.c0)<=(vt1.c0)) WHEN ((t0.c0) ISNULL) THEN ((t0.c0) NOT BETWEEN (t0.c0) AND (t0.c0)) WHEN ((1.900532234E9)>(-1384315240)) THEN (- (t0.c0)) END) IS TRUE)  as count FROM t0, vt1 ORDER BY ((((((((t0.c0 COLLATE BINARY)OR(vt1.c0)))OR(((vt1.c0)>>(vt1.c0)))))OR(((t0.c0) NOTNULL))))AND((NOT (t0.c0))))  NULLS LAST);
SELECT ALL * FROM vt1 NOT INDEXED, t0 WHERE ('c	') ORDER BY 'hK<qD᰼'  NULLS FIRST;
SELECT SUM(count) FROM (SELECT ALL (('c	') IS TRUE)  as count FROM vt1, t0 ORDER BY 'hK<qD᰼'  NULLS FIRST);
SELECT ALL * FROM t0, vt1 WHERE ((vt1.c0 IN ()) COLLATE BINARY COLLATE RTRIM);
SELECT SUM(count) FROM (SELECT ALL (((vt1.c0 IN ()) COLLATE BINARY COLLATE RTRIM) IS TRUE)  as count FROM t0, vt1);
SELECT ALL * FROM t0 WHERE (CASE WHEN LIKELIHOOD(t0.c0, 0.9614992916010103) THEN CASE t0.c0  WHEN x'' THEN x'' WHEN t0.c0 THEN t0.c0 WHEN NULL THEN t0.c0 END WHEN (t0.c0 IN ()) THEN CASE WHEN t0.c0 THEN t0.c0 WHEN t0.c0 THEN t0.c0 WHEN t0.c0 THEN t0.c0 END WHEN ((t0.c0)GLOB(t0.c0)) THEN 'Q↊K{Z' END) ORDER BY (((t0.c0)/(t0.c0)) IN ())  NULLS FIRST;
SELECT SUM(count) FROM (SELECT ALL ((CASE WHEN LIKELIHOOD(t0.c0, 0.9614992916010103) THEN CASE t0.c0  WHEN x'' THEN x'' WHEN t0.c0 THEN t0.c0 WHEN NULL THEN t0.c0 END WHEN (t0.c0 IN ()) THEN CASE WHEN t0.c0 THEN t0.c0 WHEN t0.c0 THEN t0.c0 WHEN t0.c0 THEN t0.c0 END WHEN ((t0.c0)GLOB(t0.c0)) THEN 'Q↊K{Z' END) IS TRUE)  as count FROM t0 ORDER BY (((t0.c0)/(t0.c0)) IN ())  NULLS FIRST);
SELECT ALL COUNT(*) FROM t0 WHERE (((TRIM(DISTINCT t0.c0)) IS TRUE));
SELECT SUM(count) FROM (SELECT ((((TRIM(DISTINCT t0.c0)) IS TRUE)) IS TRUE)  as count FROM t0);
SELECT ALL COUNT(*) FROM vt1 WHERE (((((((vt1.c0)AND(vt1.c0)))AND(vt1.c0)))%(((vt1.c0) NOT BETWEEN (vt1.c0) AND (vt1.c0))))) ORDER BY IFNULL(DISTINCT vt1.c0, vt1.c0) COLLATE BINARY COLLATE NOCASE DESC;
SELECT SUM(count) FROM (SELECT ALL ((((((((vt1.c0)AND(vt1.c0)))AND(vt1.c0)))%(((vt1.c0) NOT BETWEEN (vt1.c0) AND (vt1.c0))))) IS TRUE)  as count FROM vt1 ORDER BY IFNULL(DISTINCT vt1.c0, vt1.c0) COLLATE BINARY COLLATE NOCASE DESC);
SELECT * FROM vt1, t0 WHERE (((vt1.c0) IS FALSE) COLLATE NOCASE);
SELECT SUM(count) FROM (SELECT ((((vt1.c0) IS FALSE) COLLATE NOCASE) IS TRUE)  as count FROM vt1, t0);
SELECT * FROM t0 WHERE (LIKELY(DISTINCT (~ (t0.c0))));
SELECT SUM(count) FROM (SELECT ALL ((LIKELY(DISTINCT (~ (t0.c0)))) IS TRUE)  as count FROM t0);
SELECT COUNT(*) FROM vt1, t0 WHERE (CAST(CASE t0.c0  WHEN t0.c0 THEN x'' ELSE t0.c0 END AS REAL)) ORDER BY (- (CAST(x'8bfd' AS BLOB)))  NULLS LAST;
SELECT SUM(count) FROM (SELECT ((CAST(CASE t0.c0  WHEN t0.c0 THEN x'' ELSE t0.c0 END AS REAL)) IS TRUE)  as count FROM vt1, t0 ORDER BY (- (CAST(x'8bfd' AS BLOB)))  NULLS LAST);
SELECT ALL * FROM t0 CROSS JOIN vt1 ON (((((vt1.c0)IS(vt1.c0)), IFNULL(t0.c0, vt1.c0), (t0.c0 IN ())))==(((~ (vt1.c0)), ((((((((x'')OR(x'')))OR(vt1.c0)))AND(t0.c0)))AND(vt1.c0)), (t0.c0 IN ())))) WHERE (((x'ca9e') NOT BETWEEN ((((t0.c0)) NOT BETWEEN ((vt1.c0)) AND ((t0.c0)))) AND (t0.c0 COLLATE BINARY)));
SELECT SUM(count) FROM (SELECT ALL ((((x'ca9e') NOT BETWEEN ((((t0.c0)) NOT BETWEEN ((vt1.c0)) AND ((t0.c0)))) AND (t0.c0 COLLATE BINARY))) IS TRUE)  as count FROM t0 CROSS JOIN vt1 ON (((((vt1.c0)IS(vt1.c0)), IFNULL(t0.c0, vt1.c0), (t0.c0 IN ())))=(((~ (vt1.c0)), ((((((((x'')OR(x'')))OR(vt1.c0)))AND(t0.c0)))AND(vt1.c0)), (t0.c0 IN ())))));
SELECT COUNT(*) FROM t0 WHERE (((((t0.c0 COLLATE NOCASE)AND(((((((((t0.c0)AND(t0.c0)))AND(t0.c0)))OR(t0.c0)))AND(t0.c0)))))AND(((t0.c0)|(t0.c0))))) ORDER BY CAST('' AS BLOB)  NULLS LAST;
SELECT SUM(count) FROM (SELECT ((((((t0.c0 COLLATE NOCASE)AND(((((((((t0.c0)AND(t0.c0)))AND(t0.c0)))OR(t0.c0)))AND(t0.c0)))))AND(((t0.c0)|(t0.c0))))) IS TRUE)  as count FROM t0 ORDER BY CAST('' AS BLOB)  NULLS LAST);
SELECT ALL COUNT(*) FROM t0 WHERE (((t0.c0 COLLATE BINARY) IS TRUE)) ORDER BY HEX(CASE t0.c0  WHEN t0.c0 THEN t0.c0 END) DESC;
SELECT SUM(count) FROM (SELECT ((((t0.c0 COLLATE BINARY) IS TRUE)) IS TRUE)  as count FROM t0 ORDER BY HEX(CASE t0.c0  WHEN t0.c0 THEN t0.c0 END) DESC);
SELECT * FROM t0 WHERE (((((t0.c0)) BETWEEN ((t0.c0)) AND ((t0.c0))) IN ((((x'b867', t0.c0, t0.c0, t0.c0, t0.c0)) NOT BETWEEN ((t0.c0, t0.c0, NULL, t0.c0, t0.c0)) AND ((0.18467606720708651, t0.c0, t0.c0, t0.c0, t0.c0))), ((((t0.c0)OR(t0.c0)))AND(t0.c0)))));
SELECT SUM(count) FROM (SELECT ALL ((((((t0.c0)) BETWEEN ((t0.c0)) AND ((t0.c0))) IN ((((x'b867', t0.c0, t0.c0, t0.c0, t0.c0)) NOT BETWEEN ((t0.c0, t0.c0, NULL, t0.c0, t0.c0)) AND ((0.18467606720708651, t0.c0, t0.c0, t0.c0, t0.c0))), ((((t0.c0)OR(t0.c0)))AND(t0.c0))))) IS TRUE)  as count FROM t0);
SELECT ALL COUNT(*) FROM vt1, t0 WHERE ((((t0.c0)) NOT BETWEEN ((vt1.c0 COLLATE BINARY)) AND ((0.35282389366223454))));
SELECT SUM(count) FROM (SELECT ALL (((((t0.c0)) NOT BETWEEN ((vt1.c0 COLLATE BINARY)) AND ((0.35282389366223454)))) IS TRUE)  as count FROM vt1, t0);
SELECT ALL * FROM t0 WHERE ((((t0.c0 IN ())) IS TRUE));
SELECT SUM(count) FROM (SELECT ALL (((((t0.c0 IN ())) IS TRUE)) IS TRUE)  as count FROM t0);
SELECT * FROM t0 WHERE ((+ (CAST(t0.c0 AS INTEGER))));
SELECT SUM(count) FROM (SELECT (((+ (CAST(t0.c0 AS INTEGER)))) IS TRUE)  as count FROM t0);
SELECT ALL COUNT(*) FROM vt1 NOT INDEXED NATURAL JOIN t0 WHERE (((vt1.c0 COLLATE BINARY)>(CASE t0.c0  WHEN vt1.c0 THEN t0.c0 ELSE '1747316827' END))) ORDER BY t0.c0;
SELECT SUM(count) FROM (SELECT ((((vt1.c0 COLLATE BINARY)>(CASE t0.c0  WHEN vt1.c0 THEN t0.c0 ELSE '1747316827' END))) IS TRUE)  as count FROM vt1 NATURAL JOIN t0 ORDER BY t0.c0);
SELECT COUNT(*) FROM t0 NATURAL JOIN vt1 WHERE ((vt1.c0 IN ())) ORDER BY (((((vt1.c0)) BETWEEN ((t0.c0)) AND ((t0.c0)))) BETWEEN (((((t0.c0)AND(t0.c0)))AND(t0.c0))) AND ((t0.c0 IN ())));
SELECT SUM(count) FROM (SELECT ALL (((vt1.c0 IN ())) IS TRUE)  as count FROM t0 NATURAL JOIN vt1 ORDER BY (((((vt1.c0)) BETWEEN ((t0.c0)) AND ((t0.c0)))) BETWEEN (((((t0.c0)AND(t0.c0)))AND(t0.c0))) AND ((t0.c0 IN ()))));
SELECT COUNT(*) FROM vt1, t0 WHERE (CAST(CASE WHEN t0.c0 THEN NULL ELSE t0.c0 END AS TEXT)) ORDER BY CAST(vt1.c0 AS NUMERIC) COLLATE BINARY DESC;
SELECT SUM(count) FROM (SELECT ((CAST(CASE WHEN t0.c0 THEN NULL ELSE t0.c0 END AS TEXT)) IS TRUE)  as count FROM vt1, t0 ORDER BY CAST(vt1.c0 AS NUMERIC) COLLATE BINARY DESC);
SELECT ALL COUNT(*) FROM t0 WHERE ((((((t0.c0)AND(t0.c0)))OR(t0.c0)) IN ())) ORDER BY ((((((t0.c0)<=(t0.c0)))OR(json_quote(NULL))))AND(CASE WHEN t0.c0 THEN t0.c0 ELSE t0.c0 END));
SELECT SUM(count) FROM (SELECT (((((((t0.c0)AND(t0.c0)))OR(t0.c0)) IN ())) IS TRUE)  as count FROM t0 ORDER BY ((((((t0.c0)<=(t0.c0)))OR(json_quote(NULL))))AND(CASE WHEN t0.c0 THEN t0.c0 ELSE t0.c0 END)));
SELECT ALL * FROM vt1, t0 WHERE ((((((vt1.c0 IN ()))OR((((vt1.c0))>=((t0.c0))))))OR(COALESCE(DISTINCT vt1.c0, vt1.c0)))) ORDER BY ((((vt1.c0)%(t0.c0)))OR(((vt1.c0) ISNULL))) DESC  NULLS LAST;
SELECT SUM(count) FROM (SELECT ALL (((((((vt1.c0 IN ()))OR((((vt1.c0))>=((t0.c0))))))OR(COALESCE(DISTINCT vt1.c0, vt1.c0)))) IS TRUE)  as count FROM vt1, t0 ORDER BY ((((vt1.c0)%(t0.c0)))OR(((vt1.c0) ISNULL))) DESC  NULLS LAST);
SELECT ALL * FROM vt1, t0 WHERE (((((t0.c0))<=((vt1.c0))) IN (((t0.c0) IS FALSE))));
SELECT SUM(count) FROM (SELECT ((((((t0.c0))<=((vt1.c0))) IN (((t0.c0) IS FALSE)))) IS TRUE)  as count FROM vt1, t0);
SELECT ALL COUNT(*) FROM vt1, t0 WHERE (CAST(((t0.c0) NOT BETWEEN (vt1.c0) AND ('')) AS REAL));
SELECT SUM(count) FROM (SELECT ALL ((CAST(((t0.c0) NOT BETWEEN (vt1.c0) AND ('')) AS REAL)) IS TRUE)  as count FROM vt1, t0);
SELECT * FROM t0 WHERE (CASE WHEN (t0.c0 IN ()) THEN ((t0.c0) NOT BETWEEN (t0.c0) AND (t0.c0)) END) ORDER BY TYPEOF(DISTINCT (+ (x'9142')));
SELECT SUM(count) FROM (SELECT ALL ((CASE WHEN (t0.c0 IN ()) THEN ((t0.c0) NOT BETWEEN (t0.c0) AND (t0.c0)) END) IS TRUE)  as count FROM t0 ORDER BY TYPEOF(DISTINCT (+ (x'9142'))));
SELECT COUNT(*) FROM vt1 RIGHT OUTER JOIN t0 ON ((t0.c0) NOT BETWEEN (t0.c0 COLLATE BINARY) AND (NULL)) WHERE (NULLIF(TRIM(DISTINCT '(5Ss0Infinity^us', NULL), ((vt1.c0) BETWEEN (t0.c0) AND (t0.c0)))) ORDER BY (NOT (((t0.c0)LIKE(vt1.c0)))), ((CAST(0X7058a0c8 AS INTEGER))IS NOT((t0.c0 IN ()))) DESC;
SELECT SUM(count) FROM (SELECT ((NULLIF(TRIM(DISTINCT '(5Ss0Infinity^us', NULL), ((vt1.c0) BETWEEN (t0.c0) AND (t0.c0)))) IS TRUE)  as count FROM vt1 RIGHT OUTER JOIN t0 ON ((t0.c0) NOT BETWEEN (t0.c0 COLLATE BINARY) AND (NULL)) ORDER BY (NOT (((t0.c0)LIKE(vt1.c0)))), ((CAST(0X7058a0c8 AS INTEGER))IS NOT((t0.c0 IN ()))) DESC);
SELECT ALL COUNT(*) FROM t0, vt1 WHERE (CAST(UNLIKELY(DISTINCT vt1.c0) AS NUMERIC));
SELECT SUM(count) FROM (SELECT ALL ((CAST(UNLIKELY(DISTINCT vt1.c0) AS NUMERIC)) IS TRUE)  as count FROM t0, vt1);
SELECT ALL * FROM vt1 WHERE (x'');
SELECT SUM(count) FROM (SELECT ALL ((x'') IS TRUE)  as count FROM vt1);
SELECT ALL * FROM t0, vt1 WHERE (CAST(CAST(t0.c0 AS INTEGER) AS NUMERIC)) ORDER BY 0.6625862479713573 COLLATE NOCASE, ((CAST(t0.c0 AS BLOB)) BETWEEN (t0.c0 COLLATE NOCASE) AND (t0.c0 COLLATE NOCASE)) ASC  NULLS LAST, (NOT ((t0.c0 IN (vt1.c0)))) DESC;
SELECT SUM(count) FROM (SELECT ALL ((CAST(CAST(t0.c0 AS INTEGER) AS NUMERIC)) IS TRUE)  as count FROM t0, vt1 ORDER BY 0.6625862479713573 COLLATE NOCASE, ((CAST(t0.c0 AS BLOB)) BETWEEN (t0.c0 COLLATE NOCASE) AND (t0.c0 COLLATE NOCASE)) ASC  NULLS LAST, (NOT ((t0.c0 IN (vt1.c0)))) DESC);
SELECT * FROM t0 NATURAL JOIN vt1 WHERE (vt1.c0) ORDER BY CAST(((t0.c0)||(t0.c0)) AS BLOB) DESC  NULLS FIRST;
SELECT SUM(count) FROM (SELECT ALL ((vt1.c0) IS TRUE)  as count FROM t0 NATURAL JOIN vt1 ORDER BY CAST(((t0.c0)||(t0.c0)) AS BLOB) DESC  NULLS FIRST);
SELECT ALL * FROM vt1 FULL OUTER JOIN t0 ON x'' WHERE ((~ (((vt1.c0)AND(t0.c0))))) ORDER BY CAST((+ (vt1.c0)) AS NUMERIC) DESC;
SELECT SUM(count) FROM (SELECT ALL (((~ (((vt1.c0)AND(t0.c0))))) IS TRUE)  as count FROM vt1 FULL OUTER JOIN t0 ON x'' ORDER BY CAST((+ (vt1.c0)) AS NUMERIC) DESC);
SELECT ALL COUNT(*) FROM vt1 CROSS JOIN t0 ON (((CAST(t0.c0 AS INTEGER)))>((CAST(vt1.c0 AS TEXT)))) WHERE (((((t0.c0)<(t0.c0)))IS NOT((((t0.c0)) NOT BETWEEN ((t0.c0)) AND ((t0.c0)))))) ORDER BY ((t0.c0 COLLATE BINARY)<=(CAST(vt1.c0 AS INTEGER))) ASC  NULLS FIRST, vt1.c0;
SELECT SUM(count) FROM (SELECT ((((((t0.c0)<(t0.c0)))IS NOT((((t0.c0)) NOT BETWEEN ((t0.c0)) AND ((t0.c0)))))) IS TRUE)  as count FROM vt1 CROSS JOIN t0 ON (((CAST(t0.c0 AS INTEGER)))>((CAST(vt1.c0 AS TEXT)))) ORDER BY ((t0.c0 COLLATE BINARY)<=(CAST(vt1.c0 AS INTEGER))) ASC  NULLS FIRST, vt1.c0);
SELECT * FROM vt1 RIGHT OUTER JOIN t0 ON ((vt1.c0 IN ()) IN ()) WHERE ((((((vt1.c0)) BETWEEN ((t0.c0)) AND ((0.03901170391903164))))>=(((vt1.c0)==(vt1.c0))))) ORDER BY ((CAST('-1957852035' AS TEXT)) BETWEEN (CAST(x'' AS TEXT)) AND (((t0.c0) NOT BETWEEN (vt1.c0) AND (vt1.c0))));
SELECT SUM(count) FROM (SELECT ALL (((((((vt1.c0)) BETWEEN ((t0.c0)) AND ((0.03901170391903164))))>=(((vt1.c0)=(vt1.c0))))) IS TRUE)  as count FROM vt1 RIGHT OUTER JOIN t0 ON ((vt1.c0 IN ()) IN ()) ORDER BY ((CAST('-1957852035' AS TEXT)) BETWEEN (CAST(x'' AS TEXT)) AND (((t0.c0) NOT BETWEEN (vt1.c0) AND (vt1.c0)))));
SELECT ALL COUNT(*) FROM vt1 WHERE (LOWER((((vt1.c0))!=((vt1.c0))))) ORDER BY (('妕X')=(((vt1.c0) IS TRUE))) DESC  NULLS FIRST, ((UNLIKELY(DISTINCT vt1.c0)) IS FALSE) DESC, '-960480767' ASC  NULLS FIRST;
SELECT SUM(count) FROM (SELECT ALL ((LOWER((((vt1.c0))!=((vt1.c0))))) IS TRUE)  as count FROM vt1 ORDER BY (('妕X')==(((vt1.c0) IS TRUE))) DESC  NULLS FIRST, ((UNLIKELY(DISTINCT vt1.c0)) IS FALSE) DESC, '-960480767' ASC  NULLS FIRST);
SELECT COUNT(*) FROM t0 WHERE ((t0.c0 COLLATE RTRIM IN ())) ORDER BY t0.c0  NULLS LAST;
SELECT SUM(count) FROM (SELECT (((t0.c0 COLLATE RTRIM IN ())) IS TRUE)  as count FROM t0 ORDER BY t0.c0  NULLS LAST);
SELECT COUNT(*) FROM vt1 RIGHT OUTER JOIN t0 ON ((((t0.c0)OR(NULL)))!=(((t0.c0) IS FALSE))) WHERE (((((t0.c0) BETWEEN (t0.c0) AND (vt1.c0))) NOT BETWEEN (TYPEOF(vt1.c0)) AND (vt1.c0)));
SELECT SUM(count) FROM (SELECT ALL ((((((t0.c0) BETWEEN (t0.c0) AND (vt1.c0))) NOT BETWEEN (TYPEOF(vt1.c0)) AND (vt1.c0))) IS TRUE)  as count FROM vt1 RIGHT OUTER JOIN t0 ON ((((t0.c0)OR(NULL)))!=(((t0.c0) IS FALSE))));
SELECT COUNT(*) FROM vt1, t0 WHERE (CASE t0.c0  WHEN CAST(vt1.c0 AS REAL) THEN CASE NULL  WHEN t0.c0 THEN vt1.c0 WHEN t0.c0 THEN vt1.c0 WHEN t0.c0 THEN vt1.c0 WHEN vt1.c0 THEN t0.c0 WHEN vt1.c0 THEN vt1.c0 ELSE t0.c0 END END);
SELECT SUM(count) FROM (SELECT ((CASE t0.c0  WHEN CAST(vt1.c0 AS REAL) THEN CASE NULL  WHEN t0.c0 THEN vt1.c0 WHEN t0.c0 THEN vt1.c0 WHEN t0.c0 THEN vt1.c0 WHEN vt1.c0 THEN t0.c0 WHEN vt1.c0 THEN vt1.c0 ELSE t0.c0 END END) IS TRUE)  as count FROM vt1, t0);
SELECT ALL COUNT(*) FROM t0 LEFT OUTER JOIN vt1 ON t0.c0 WHERE (t0.c0);
SELECT SUM(count) FROM (SELECT ALL ((t0.c0) IS TRUE)  as count FROM t0 LEFT OUTER JOIN vt1 ON t0.c0);
SELECT * FROM vt1 WHERE (((vt1.c0) BETWEEN (((((vt1.c0)OR(vt1.c0)))OR(vt1.c0))) AND (((vt1.c0)IS(vt1.c0)))));
SELECT SUM(count) FROM (SELECT ALL ((((vt1.c0) BETWEEN (((((vt1.c0)OR(vt1.c0)))OR(vt1.c0))) AND (((vt1.c0)IS(vt1.c0))))) IS TRUE)  as count FROM vt1);
SELECT COUNT(*) FROM vt1, t0 WHERE (t0.c0 COLLATE RTRIM COLLATE NOCASE COLLATE BINARY);
SELECT SUM(count) FROM (SELECT ((t0.c0 COLLATE RTRIM COLLATE NOCASE COLLATE BINARY) IS TRUE)  as count FROM vt1, t0);
SELECT COUNT(*) FROM vt1, t0 WHERE (CASE ((t0.c0) NOT NULL)  WHEN ((((((((((((vt1.c0)OR(vt1.c0)))AND(t0.c0)))OR(t0.c0)))AND(t0.c0)))AND(NULL)))AND(vt1.c0)) THEN ((((t0.c0)OR(t0.c0)))OR(t0.c0)) ELSE (((vt1.c0)) NOT BETWEEN ((t0.c0)) AND ((vt1.c0))) END);
SELECT SUM(count) FROM (SELECT ((CASE ((t0.c0) NOT NULL)  WHEN ((((((((((((vt1.c0)OR(vt1.c0)))AND(t0.c0)))OR(t0.c0)))AND(t0.c0)))AND(NULL)))AND(vt1.c0)) THEN ((((t0.c0)OR(t0.c0)))OR(t0.c0)) ELSE (((vt1.c0)) NOT BETWEEN ((t0.c0)) AND ((vt1.c0))) END) IS TRUE)  as count FROM vt1, t0);
SELECT ALL COUNT(*) FROM vt1 WHERE (((((vt1.c0)OR(PRINTF(vt1.c0))))AND(vt1.c0)));
SELECT SUM(count) FROM (SELECT ((((((vt1.c0)OR(PRINTF(vt1.c0))))AND(vt1.c0))) IS TRUE)  as count FROM vt1);
SELECT ALL * FROM t0, vt1 WHERE (((((((((((((CASE t0.c0  WHEN t0.c0 THEN vt1.c0 END)OR((((vt1.c0)) BETWEEN ((t0.c0)) AND ((vt1.c0))))))OR(t0.c0)))OR(((t0.c0)<>(vt1.c0)))))AND(t0.c0 COLLATE BINARY)))OR(t0.c0)))AND(((vt1.c0) IS TRUE))));
SELECT SUM(count) FROM (SELECT ((((((((((((((CASE t0.c0  WHEN t0.c0 THEN vt1.c0 END)OR((((vt1.c0)) BETWEEN ((t0.c0)) AND ((vt1.c0))))))OR(t0.c0)))OR(((t0.c0)!=(vt1.c0)))))AND(t0.c0 COLLATE BINARY)))OR(t0.c0)))AND(((vt1.c0) IS TRUE)))) IS TRUE)  as count FROM t0, vt1);
SELECT COUNT(*) FROM t0 WHERE (((((t0.c0) BETWEEN (t0.c0) AND (t0.c0))) BETWEEN (((((t0.c0)AND(t0.c0)))AND(t0.c0))) AND (t0.c0))) ORDER BY ((((t0.c0)/(t0.c0))) BETWEEN (t0.c0 COLLATE RTRIM) AND ((t0.c0 IN ('-399071720')))), (((((((((NOT (t0.c0)))AND((t0.c0 IN ()))))OR(((t0.c0)*(t0.c0)))))AND(t0.c0 COLLATE RTRIM)))OR(0.4932561161623742)) DESC  NULLS LAST;
SELECT SUM(count) FROM (SELECT ALL ((((((t0.c0) BETWEEN (t0.c0) AND (t0.c0))) BETWEEN (((((t0.c0)AND(t0.c0)))AND(t0.c0))) AND (t0.c0))) IS TRUE)  as count FROM t0 ORDER BY ((((t0.c0)/(t0.c0))) BETWEEN (t0.c0 COLLATE RTRIM) AND ((t0.c0 IN ('-399071720')))), (((((((((NOT (t0.c0)))AND((t0.c0 IN ()))))OR(((t0.c0)*(t0.c0)))))AND(t0.c0 COLLATE RTRIM)))OR(0.4932561161623742)) DESC  NULLS LAST);
SELECT ALL * FROM t0, vt1 WHERE (CAST(((NULL)<(t0.c0)) AS REAL));
SELECT SUM(count) FROM (SELECT ((CAST(((NULL)<(t0.c0)) AS REAL)) IS TRUE)  as count FROM t0, vt1);
SELECT ALL COUNT(*) FROM t0 FULL OUTER JOIN vt1 ON (- (NULL)) WHERE ((~ (((vt1.c0) ISNULL)))) ORDER BY ((('-1500847444')) NOT BETWEEN ((((vt1.c0)<>(t0.c0)))) AND ((((t0.c0)&(t0.c0))))) DESC, t0.c0  NULLS LAST;
SELECT SUM(count) FROM (SELECT ALL (((~ (((vt1.c0) ISNULL)))) IS TRUE)  as count FROM t0 FULL OUTER JOIN vt1 ON (- (NULL)) ORDER BY ((('-1500847444')) NOT BETWEEN ((((vt1.c0)<>(t0.c0)))) AND ((((t0.c0)&(t0.c0))))) DESC, t0.c0  NULLS LAST);
SELECT COUNT(*) FROM t0 CROSS JOIN vt1 ON CASE WHEN CAST(t0.c0 AS INTEGER) THEN (((t0.c0, t0.c0, t0.c0)) NOT BETWEEN ((vt1.c0, vt1.c0, t0.c0)) AND ((-1.394919318E9, t0.c0, t0.c0))) ELSE ((((((((t0.c0)OR(vt1.c0)))OR(t0.c0)))OR(vt1.c0)))AND(t0.c0)) END WHERE ((((((vt1.c0 IN ('8㨧')))AND(vt1.c0 COLLATE RTRIM)))AND(UNLIKELY(vt1.c0))));
SELECT SUM(count) FROM (SELECT ALL (((((((vt1.c0 IN ('8㨧')))AND(vt1.c0 COLLATE RTRIM)))AND(UNLIKELY(vt1.c0)))) IS TRUE)  as count FROM t0 CROSS JOIN vt1 ON CASE WHEN CAST(t0.c0 AS INTEGER) THEN (((t0.c0, t0.c0, t0.c0)) NOT BETWEEN ((vt1.c0, vt1.c0, t0.c0)) AND ((-1.394919318E9, t0.c0, t0.c0))) ELSE ((((((((t0.c0)OR(vt1.c0)))OR(t0.c0)))OR(vt1.c0)))AND(t0.c0)) END);
SELECT * FROM t0 WHERE (((t0.c0) NOT NULL));
SELECT SUM(count) FROM (SELECT ALL ((((t0.c0) NOT NULL)) IS TRUE)  as count FROM t0);
SELECT ALL * FROM vt1, t0 WHERE ((~ (((t0.c0)OR(t0.c0)))));
SELECT SUM(count) FROM (SELECT ALL (((~ (((t0.c0)OR(t0.c0))))) IS TRUE)  as count FROM vt1, t0);
SELECT ALL COUNT(*) FROM vt1, t0 WHERE (JULIANDAY(t0.c0, (((t0.c0, t0.c0, vt1.c0)) BETWEEN ((t0.c0, vt1.c0, t0.c0)) AND ((t0.c0, vt1.c0, vt1.c0))), vt1.c0)) ORDER BY ((((('V	N5A* \')) NOT BETWEEN ((t0.c0)) AND ((t0.c0)))) NOTNULL)  NULLS LAST;
SELECT SUM(count) FROM (SELECT ((JULIANDAY(t0.c0, (((t0.c0, t0.c0, vt1.c0)) BETWEEN ((t0.c0, vt1.c0, t0.c0)) AND ((t0.c0, vt1.c0, vt1.c0))), vt1.c0)) IS TRUE)  as count FROM vt1, t0 ORDER BY ((((('V	N5A* \')) NOT BETWEEN ((t0.c0)) AND ((t0.c0)))) NOTNULL)  NULLS LAST);
SELECT COUNT(*) FROM vt1 WHERE (CAST((~ (vt1.c0)) AS BLOB));
SELECT SUM(count) FROM (SELECT ALL ((CAST((~ (vt1.c0)) AS BLOB)) IS TRUE)  as count FROM vt1);
SELECT ALL COUNT(*) FROM vt1 RIGHT OUTER JOIN t0 ON ((CAST(0.624203261186644 AS INTEGER))!=((vt1.c0 IN ()))) WHERE (((((vt1.c0)GLOB(t0.c0)))*(((((((((vt1.c0)OR(vt1.c0)))OR(vt1.c0)))OR(vt1.c0)))OR(t0.c0))))) ORDER BY ((vt1.c0)>(t0.c0)) COLLATE NOCASE ASC;
SELECT SUM(count) FROM (SELECT ALL ((((((vt1.c0)GLOB(t0.c0)))*(((((((((vt1.c0)OR(vt1.c0)))OR(vt1.c0)))OR(vt1.c0)))OR(t0.c0))))) IS TRUE)  as count FROM vt1 RIGHT OUTER JOIN t0 ON ((CAST(0.624203261186644 AS INTEGER))<>((vt1.c0 IN ()))) ORDER BY ((vt1.c0)>(t0.c0)) COLLATE NOCASE ASC);
SELECT COUNT(*) FROM vt1, t0 WHERE ((+ (CAST(vt1.c0 AS NUMERIC))));
SELECT SUM(count) FROM (SELECT ALL (((+ (CAST(vt1.c0 AS NUMERIC)))) IS TRUE)  as count FROM vt1, t0);
SELECT ALL COUNT(*) FROM t0 CROSS JOIN vt1 ON (((vt1.c0, ((vt1.c0) NOTNULL), ((t0.c0) NOT BETWEEN (t0.c0) AND (vt1.c0))))<>((t0.c0, ((vt1.c0) IS FALSE), ((((((((t0.c0)AND(t0.c0)))AND(vt1.c0)))OR(vt1.c0)))OR(t0.c0))))) WHERE (CAST(((NULL) IS FALSE) AS BLOB));
SELECT SUM(count) FROM (SELECT ((CAST(((NULL) IS FALSE) AS BLOB)) IS TRUE)  as count FROM t0 CROSS JOIN vt1 ON (((vt1.c0, ((vt1.c0) NOTNULL), ((t0.c0) NOT BETWEEN (t0.c0) AND (vt1.c0))))<>((t0.c0, ((vt1.c0) IS FALSE), ((((((((t0.c0)AND(t0.c0)))AND(vt1.c0)))OR(vt1.c0)))OR(t0.c0))))));
SELECT * FROM vt1, t0 WHERE ((((vt1.c0 IN (vt1.c0, t0.c0))) BETWEEN (((('폆#'))<>((t0.c0)))) AND (((((vt1.c0)AND(vt1.c0)))AND(t0.c0)))));
SELECT SUM(count) FROM (SELECT ALL (((((vt1.c0 IN (vt1.c0, t0.c0))) BETWEEN (((('폆#'))!=((t0.c0)))) AND (((((vt1.c0)AND(vt1.c0)))AND(t0.c0))))) IS TRUE)  as count FROM vt1, t0);
SELECT COUNT(*) FROM vt1 WHERE (((((((vt1.c0)OR(0.9167543263712447)))AND(vt1.c0)))LIKE((((vt1.c0)) NOT BETWEEN ((vt1.c0)) AND ((vt1.c0)))))) ORDER BY ((HEX(vt1.c0)) BETWEEN (LOWER(vt1.c0)) AND (CASE 0.2290028735334242  WHEN vt1.c0 THEN vt1.c0 ELSE vt1.c0 END)) ASC;
SELECT SUM(count) FROM (SELECT ALL ((((((((vt1.c0)OR(0.9167543263712447)))AND(vt1.c0)))LIKE((((vt1.c0)) NOT BETWEEN ((vt1.c0)) AND ((vt1.c0)))))) IS TRUE)  as count FROM vt1 ORDER BY ((HEX(vt1.c0)) BETWEEN (LOWER(vt1.c0)) AND (CASE 0.2290028735334242  WHEN vt1.c0 THEN vt1.c0 ELSE vt1.c0 END)) ASC);
SELECT COUNT(*) FROM vt1 INNER JOIN t0 ON ((((vt1.c0) NOT NULL)) IS TRUE) WHERE ((((t0.c0 IN ())) BETWEEN (((((t0.c0)AND(vt1.c0)))OR(t0.c0))) AND (((x'7219')OR(t0.c0))))) ORDER BY (((NOT (t0.c0)))GLOB(((t0.c0) BETWEEN (t0.c0) AND (t0.c0)))) DESC  NULLS FIRST;
SELECT SUM(count) FROM (SELECT (((((t0.c0 IN ())) BETWEEN (((((t0.c0)AND(vt1.c0)))OR(t0.c0))) AND (((x'7219')OR(t0.c0))))) IS TRUE)  as count FROM vt1 INNER JOIN t0 ON ((((vt1.c0) NOT NULL)) IS TRUE) ORDER BY (((NOT (t0.c0)))GLOB(((t0.c0) BETWEEN (t0.c0) AND (t0.c0)))) DESC  NULLS FIRST);
SELECT COUNT(*) FROM t0, vt1 WHERE (vt1.c0) ORDER BY (((t0.c0)||(vt1.c0)) IN (CASE vt1.c0  WHEN vt1.c0 THEN vt1.c0 END)) DESC;
SELECT SUM(count) FROM (SELECT ALL ((vt1.c0) IS TRUE)  as count FROM t0, vt1 ORDER BY (((t0.c0)||(vt1.c0)) IN (CASE vt1.c0  WHEN vt1.c0 THEN vt1.c0 END)) DESC);
SELECT ALL COUNT(*) FROM vt1 WHERE ((((((vt1.c0, x'', vt1.c0)) BETWEEN ((vt1.c0, vt1.c0, vt1.c0)) AND ((vt1.c0, vt1.c0, vt1.c0))))>>((NULL IN ())))) ORDER BY CASE WHEN (vt1.c0 IN ()) THEN ((0.3654795588670492) NOT NULL) ELSE vt1.c0 COLLATE NOCASE END DESC  NULLS LAST;
SELECT SUM(count) FROM (SELECT (((((((vt1.c0, x'', vt1.c0)) BETWEEN ((vt1.c0, vt1.c0, vt1.c0)) AND ((vt1.c0, vt1.c0, vt1.c0))))>>((NULL IN ())))) IS TRUE)  as count FROM vt1 ORDER BY CASE WHEN (vt1.c0 IN ()) THEN ((0.3654795588670492) NOT NULL) ELSE vt1.c0 COLLATE NOCASE END DESC  NULLS LAST);
SELECT * FROM t0, vt1 WHERE (CASE 8.53695877E8  WHEN (((vt1.c0)) BETWEEN ((t0.c0)) AND ((t0.c0))) THEN (((vt1.c0, vt1.c0, vt1.c0, t0.c0, t0.c0)) BETWEEN ((t0.c0, t0.c0, t0.c0, NULL, vt1.c0)) AND ((x'1c1e5b9c', t0.c0, vt1.c0, t0.c0, vt1.c0))) END) ORDER BY ((((((vt1.c0)AND(t0.c0)))OR(vt1.c0))) NOT BETWEEN ((t0.c0 IN ())) AND (558296162)) ASC  NULLS FIRST;
SELECT SUM(count) FROM (SELECT ((CASE 8.53695877E8  WHEN (((vt1.c0)) BETWEEN ((t0.c0)) AND ((t0.c0))) THEN (((vt1.c0, vt1.c0, vt1.c0, t0.c0, t0.c0)) BETWEEN ((t0.c0, t0.c0, t0.c0, NULL, vt1.c0)) AND ((x'1c1e5b9c', t0.c0, vt1.c0, t0.c0, vt1.c0))) END) IS TRUE)  as count FROM t0, vt1 ORDER BY ((((((vt1.c0)AND(t0.c0)))OR(vt1.c0))) NOT BETWEEN ((t0.c0 IN ())) AND (558296162)) ASC  NULLS FIRST);
SELECT COUNT(*) FROM vt1, t0 WHERE ((ABS(DISTINCT t0.c0) IN ())) ORDER BY CASE ((vt1.c0)IS NOT(vt1.c0))  WHEN ((t0.c0)/(t0.c0)) THEN t0.c0 ELSE vt1.c0 END DESC;
SELECT SUM(count) FROM (SELECT (((ABS(DISTINCT t0.c0) IN ())) IS TRUE)  as count FROM vt1, t0 ORDER BY CASE ((vt1.c0)IS NOT(vt1.c0))  WHEN ((t0.c0)/(t0.c0)) THEN t0.c0 ELSE vt1.c0 END DESC);
SELECT COUNT(*) FROM vt1, t0 WHERE (((CASE WHEN t0.c0 THEN t0.c0 WHEN vt1.c0 THEN t0.c0 WHEN NULL THEN vt1.c0 END) ISNULL)) ORDER BY ((((((((t0.c0 COLLATE BINARY)AND(x'f959')))OR(NULL)))AND(CAST(vt1.c0 AS REAL))))OR(t0.c0 COLLATE BINARY)), (((t0.c0, vt1.c0, t0.c0)) BETWEEN ((json_remove(t0.c0, t0.c0), ((t0.c0)>=(vt1.c0)), ((t0.c0) ISNULL))) AND ((((((t0.c0)OR(vt1.c0)))OR(t0.c0)), 0.5544669321874522, (vt1.c0 IN ())))) ASC  NULLS LAST;
SELECT SUM(count) FROM (SELECT ALL ((((CASE WHEN t0.c0 THEN t0.c0 WHEN vt1.c0 THEN t0.c0 WHEN NULL THEN vt1.c0 END) ISNULL)) IS TRUE)  as count FROM vt1, t0 ORDER BY ((((((((t0.c0 COLLATE BINARY)AND(x'f959')))OR(NULL)))AND(CAST(vt1.c0 AS REAL))))OR(t0.c0 COLLATE BINARY)), (((t0.c0, vt1.c0, t0.c0)) BETWEEN ((json_remove(t0.c0, t0.c0), ((t0.c0)>=(vt1.c0)), ((t0.c0) ISNULL))) AND ((((((t0.c0)OR(vt1.c0)))OR(t0.c0)), 0.5544669321874522, (vt1.c0 IN ())))) ASC  NULLS LAST);
SELECT ALL COUNT(*) FROM t0, vt1 WHERE (CASE WHEN ((t0.c0) NOT BETWEEN (vt1.c0) AND (vt1.c0)) THEN ((vt1.c0)||(931624924)) WHEN NULLIF(t0.c0, vt1.c0) THEN ((vt1.c0) NOT NULL) WHEN ((t0.c0)!=(vt1.c0)) THEN CAST(vt1.c0 AS REAL) END) ORDER BY ((((CASE WHEN t0.c0 THEN vt1.c0 ELSE '12821152' END)OR((NOT (vt1.c0)))))AND(vt1.c0))  NULLS FIRST;
SELECT SUM(count) FROM (SELECT ((CASE WHEN ((t0.c0) NOT BETWEEN (vt1.c0) AND (vt1.c0)) THEN ((vt1.c0)||(931624924)) WHEN NULLIF(t0.c0, vt1.c0) THEN ((vt1.c0) NOT NULL) WHEN ((t0.c0)!=(vt1.c0)) THEN CAST(vt1.c0 AS REAL) END) IS TRUE)  as count FROM t0, vt1 ORDER BY ((((CASE WHEN t0.c0 THEN vt1.c0 ELSE '12821152' END)OR((NOT (vt1.c0)))))AND(vt1.c0))  NULLS FIRST);
SELECT COUNT(*) FROM t0 LEFT OUTER JOIN vt1 ON t0.c0 WHERE (IFNULL((((t0.c0)) BETWEEN ((t0.c0)) AND ((vt1.c0))), UNLIKELY(DISTINCT x'')));
SELECT SUM(count) FROM (SELECT ALL ((IFNULL((((t0.c0)) BETWEEN ((t0.c0)) AND ((vt1.c0))), UNLIKELY(DISTINCT x''))) IS TRUE)  as count FROM t0 LEFT OUTER JOIN vt1 ON t0.c0);
SELECT ALL * FROM t0 WHERE (((COALESCE(t0.c0, t0.c0))*(t0.c0 COLLATE RTRIM))) ORDER BY t0.c0  NULLS LAST;
SELECT SUM(count) FROM (SELECT ((((COALESCE(t0.c0, t0.c0))*(t0.c0 COLLATE RTRIM))) IS TRUE)  as count FROM t0 ORDER BY t0.c0  NULLS LAST);
SELECT COUNT(*) FROM t0 CROSS JOIN vt1 ON ((CAST(1029516555 AS BLOB)) ISNULL) WHERE ((((CAST('' AS BLOB)))>((((((((((t0.c0)AND(t0.c0)))OR(vt1.c0)))AND(vt1.c0)))AND(t0.c0))))));
SELECT SUM(count) FROM (SELECT (((((CAST('' AS BLOB)))>((((((((((t0.c0)AND(t0.c0)))OR(vt1.c0)))AND(vt1.c0)))AND(t0.c0)))))) IS TRUE)  as count FROM t0 CROSS JOIN vt1 ON ((CAST(1029516555 AS BLOB)) ISNULL));
SELECT ALL * FROM vt1, t0 WHERE (vt1.c0) ORDER BY (((t0.c0)) NOT BETWEEN ((((t0.c0)<(t0.c0)))) AND (('-2117563257'))), json_remove((+ (vt1.c0)), ((t0.c0) NOTNULL)) DESC  NULLS LAST, (((t0.c0)) BETWEEN ((((t0.c0)||(t0.c0)))) AND ((CAST(t0.c0 AS NUMERIC)))) ASC  NULLS LAST;
SELECT SUM(count) FROM (SELECT ((vt1.c0) IS TRUE)  as count FROM vt1, t0 ORDER BY (((t0.c0)) NOT BETWEEN ((((t0.c0)<(t0.c0)))) AND (('-2117563257'))), json_remove((+ (vt1.c0)), ((t0.c0) NOTNULL)) DESC  NULLS LAST, (((t0.c0)) BETWEEN ((((t0.c0)||(t0.c0)))) AND ((CAST(t0.c0 AS NUMERIC)))) ASC  NULLS LAST);
SELECT COUNT(*) FROM t0 FULL OUTER JOIN vt1 ON ((TRIM(t0.c0)) NOT NULL) WHERE (((((NULL)OR(((((((((t0.c0)AND(t0.c0)))AND('')))AND(vt1.c0)))OR(t0.c0)))))OR(NULLIF('-1761256874', t0.c0))));
SELECT SUM(count) FROM (SELECT ((((((NULL)OR(((((((((t0.c0)AND(t0.c0)))AND('')))AND(vt1.c0)))OR(t0.c0)))))OR(NULLIF('-1761256874', t0.c0)))) IS TRUE)  as count FROM t0 FULL OUTER JOIN vt1 ON ((TRIM(t0.c0)) NOT NULL));
SELECT ALL COUNT(*) FROM t0 CROSS JOIN vt1 ON (((vt1.c0))>=((t0.c0))) COLLATE NOCASE WHERE (((vt1.c0) NOT BETWEEN (CAST(t0.c0 AS NUMERIC)) AND (MAX(t0.c0, NULL)))) ORDER BY t0.c0  NULLS LAST;
SELECT SUM(count) FROM (SELECT ALL ((((vt1.c0) NOT BETWEEN (CAST(t0.c0 AS NUMERIC)) AND (MAX(t0.c0, NULL)))) IS TRUE)  as count FROM t0 CROSS JOIN vt1 ON (((vt1.c0))>=((t0.c0))) COLLATE NOCASE ORDER BY t0.c0  NULLS LAST);
SELECT ALL COUNT(*) FROM t0 WHERE (json_array((- (t0.c0)), t0.c0 COLLATE NOCASE));
SELECT SUM(count) FROM (SELECT ((json_array((- (t0.c0)), t0.c0 COLLATE NOCASE)) IS TRUE)  as count FROM t0);
SELECT * FROM vt1, t0 WHERE (json_type(0.16545537406623212));
SELECT SUM(count) FROM (SELECT ((json_type(0.16545537406623212)) IS TRUE)  as count FROM vt1, t0);
SELECT COUNT(*) FROM t0 WHERE ((~ ((~ (t0.c0))))) ORDER BY ((((((t0.c0)AND(t0.c0)))OR(CAST(t0.c0 AS TEXT))))AND(((((t0.c0)OR(t0.c0)))OR(t0.c0))));
SELECT SUM(count) FROM (SELECT ALL (((~ ((~ (t0.c0))))) IS TRUE)  as count FROM t0 ORDER BY ((((((t0.c0)AND(t0.c0)))OR(CAST(t0.c0 AS TEXT))))AND(((((t0.c0)OR(t0.c0)))OR(t0.c0)))));
SELECT ALL * FROM vt1 WHERE (((((((((CASE WHEN NULL THEN vt1.c0 WHEN -1140173480 THEN vt1.c0 WHEN vt1.c0 THEN vt1.c0 END)OR(((0xffffffffb720628f) ISNULL))))OR(CAST(vt1.c0 AS BLOB))))AND((((vt1.c0)) BETWEEN ((vt1.c0)) AND ((vt1.c0))))))OR(((vt1.c0) NOT BETWEEN (vt1.c0) AND (vt1.c0)))));
SELECT SUM(count) FROM (SELECT ALL ((((((((((CASE WHEN NULL THEN vt1.c0 WHEN -1140173480 THEN vt1.c0 WHEN vt1.c0 THEN vt1.c0 END)OR(((0xffffffffb720628f) ISNULL))))OR(CAST(vt1.c0 AS BLOB))))AND((((vt1.c0)) BETWEEN ((vt1.c0)) AND ((vt1.c0))))))OR(((vt1.c0) NOT BETWEEN (vt1.c0) AND (vt1.c0))))) IS TRUE)  as count FROM vt1);
SELECT ALL COUNT(*) FROM vt1 WHERE (UNLIKELY(DISTINCT vt1.c0)) ORDER BY ((((vt1.c0)/(vt1.c0))) NOT BETWEEN (((vt1.c0)%(vt1.c0))) AND (((vt1.c0) NOT BETWEEN (vt1.c0) AND (vt1.c0))))  NULLS FIRST;
SELECT SUM(count) FROM (SELECT ALL ((UNLIKELY(DISTINCT vt1.c0)) IS TRUE)  as count FROM vt1 ORDER BY ((((vt1.c0)/(vt1.c0))) NOT BETWEEN (((vt1.c0)%(vt1.c0))) AND (((vt1.c0) NOT BETWEEN (vt1.c0) AND (vt1.c0))))  NULLS FIRST);
SELECT ALL * FROM vt1 WHERE (CASE (((vt1.c0)) NOT BETWEEN ((vt1.c0)) AND ((vt1.c0)))  WHEN (vt1.c0 IN ()) THEN ((vt1.c0) IS FALSE) ELSE vt1.c0 END);
SELECT SUM(count) FROM (SELECT ALL ((CASE (((vt1.c0)) NOT BETWEEN ((vt1.c0)) AND ((vt1.c0)))  WHEN (vt1.c0 IN ()) THEN ((vt1.c0) IS FALSE) ELSE vt1.c0 END) IS TRUE)  as count FROM vt1);
SELECT ALL COUNT(*) FROM vt1, t0 WHERE (CASE t0.c0 COLLATE BINARY  WHEN CASE vt1.c0  WHEN vt1.c0 THEN t0.c0 END THEN (t0.c0 IN ()) ELSE ((((t0.c0)AND(vt1.c0)))OR(t0.c0)) END) ORDER BY ((vt1.c0) NOTNULL) COLLATE RTRIM  NULLS FIRST, (((t0.c0)) NOT BETWEEN (((((t0.c0)) BETWEEN ((NULL)) AND ((t0.c0))))) AND (((- (t0.c0))))) ASC;
SELECT SUM(count) FROM (SELECT ALL ((CASE t0.c0 COLLATE BINARY  WHEN CASE vt1.c0  WHEN vt1.c0 THEN t0.c0 END THEN (t0.c0 IN ()) ELSE ((((t0.c0)AND(vt1.c0)))OR(t0.c0)) END) IS TRUE)  as count FROM vt1, t0 ORDER BY ((vt1.c0) NOTNULL) COLLATE RTRIM  NULLS FIRST, (((t0.c0)) NOT BETWEEN (((((t0.c0)) BETWEEN ((NULL)) AND ((t0.c0))))) AND (((- (t0.c0))))) ASC);
SELECT * FROM t0, vt1 WHERE (((CAST(vt1.c0 AS INTEGER)) NOT NULL));
SELECT SUM(count) FROM (SELECT ALL ((((CAST(vt1.c0 AS INTEGER)) NOT NULL)) IS TRUE)  as count FROM t0, vt1);
SELECT ALL COUNT(*) FROM vt1 NATURAL JOIN t0 WHERE (CASE WHEN t0.c0 THEN (t0.c0 IN (t0.c0, vt1.c0)) WHEN CASE WHEN t0.c0 THEN t0.c0 ELSE vt1.c0 END THEN ((t0.c0)<=(NULL)) WHEN '-1446364151' THEN TYPEOF(vt1.c0) ELSE (- (vt1.c0)) END);
SELECT SUM(count) FROM (SELECT ((CASE WHEN t0.c0 THEN (t0.c0 IN (t0.c0, vt1.c0)) WHEN CASE WHEN t0.c0 THEN t0.c0 ELSE vt1.c0 END THEN ((t0.c0)<=(NULL)) WHEN '-1446364151' THEN TYPEOF(vt1.c0) ELSE (- (vt1.c0)) END) IS TRUE)  as count FROM vt1 NATURAL JOIN t0);
SELECT ALL * FROM t0 WHERE (rtreenode(((t0.c0)+(t0.c0)), ((t0.c0)<(t0.c0))));
SELECT SUM(count) FROM (SELECT ((rtreenode(((t0.c0)+(t0.c0)), ((t0.c0)<(t0.c0)))) IS TRUE)  as count FROM t0);
SELECT * FROM vt1 INDEXED BY i54, t0 WHERE (CAST(vt1.c0 AS TEXT) COLLATE NOCASE COLLATE RTRIM);
SELECT SUM(count) FROM (SELECT ((CAST(vt1.c0 AS TEXT) COLLATE NOCASE COLLATE RTRIM) IS TRUE)  as count FROM vt1 INDEXED BY i54, t0);
SELECT COUNT(*) FROM t0 WHERE (((t0.c0 COLLATE BINARY) NOT BETWEEN (((t0.c0)IS NOT(t0.c0))) AND ((NOT (t0.c0))))) ORDER BY CAST((NOT (t0.c0)) AS INTEGER);
SELECT SUM(count) FROM (SELECT ((((t0.c0 COLLATE BINARY) NOT BETWEEN (((t0.c0)IS NOT(t0.c0))) AND ((NOT (t0.c0))))) IS TRUE)  as count FROM t0 ORDER BY CAST((NOT (t0.c0)) AS INTEGER));
SELECT * FROM vt1, t0 WHERE (HEX(DISTINCT CASE vt1.c0  WHEN vt1.c0 THEN vt1.c0 END)) ORDER BY (('1924020735')OR(''));
SELECT SUM(count) FROM (SELECT ((HEX(DISTINCT CASE vt1.c0  WHEN vt1.c0 THEN vt1.c0 END)) IS TRUE)  as count FROM vt1, t0 ORDER BY (('1924020735')OR('')));
SELECT * FROM t0, vt1 WHERE (((t0.c0 COLLATE NOCASE)IS(CASE WHEN NULL THEN 0.14534064108301648 ELSE vt1.c0 END))) ORDER BY x'28ba' DESC  NULLS FIRST;
SELECT SUM(count) FROM (SELECT ((((t0.c0 COLLATE NOCASE)IS(CASE WHEN NULL THEN 0.14534064108301648 ELSE vt1.c0 END))) IS TRUE)  as count FROM t0, vt1 ORDER BY x'28ba' DESC  NULLS FIRST);
SELECT COUNT(*) FROM vt1 RIGHT OUTER JOIN t0 ON (((vt1.c0)) BETWEEN ((vt1.c0 COLLATE BINARY)) AND ((((4.88184777E8) NOT BETWEEN (t0.c0) AND (vt1.c0))))) WHERE (((vt1.c0 IN (vt1.c0)) IN (((vt1.c0) NOT BETWEEN (t0.c0) AND (vt1.c0))))) ORDER BY ((((((((((((((vt1.c0)!=(t0.c0)))AND(((vt1.c0) NOT NULL))))AND(((t0.c0) BETWEEN (t0.c0) AND (vt1.c0)))))AND((vt1.c0 IN ()))))OR(((t0.c0) NOT NULL))))OR(CASE t0.c0  WHEN t0.c0 THEN t0.c0 END)))AND(vt1.c0 COLLATE NOCASE)) ASC  NULLS LAST;
SELECT SUM(count) FROM (SELECT ALL ((((vt1.c0 IN (vt1.c0)) IN (((vt1.c0) NOT BETWEEN (t0.c0) AND (vt1.c0))))) IS TRUE)  as count FROM vt1 RIGHT OUTER JOIN t0 ON (((vt1.c0)) BETWEEN ((vt1.c0 COLLATE BINARY)) AND ((((4.88184777E8) NOT BETWEEN (t0.c0) AND (vt1.c0))))) ORDER BY ((((((((((((((vt1.c0)<>(t0.c0)))AND(((vt1.c0) NOT NULL))))AND(((t0.c0) BETWEEN (t0.c0) AND (vt1.c0)))))AND((vt1.c0 IN ()))))OR(((t0.c0) NOT NULL))))OR(CASE t0.c0  WHEN t0.c0 THEN t0.c0 END)))AND(vt1.c0 COLLATE NOCASE)) ASC  NULLS LAST);
SELECT * FROM t0 WHERE (((NULL) NOTNULL)) ORDER BY ((((CAST('-797357943' AS NUMERIC))AND(((t0.c0) NOT BETWEEN (t0.c0) AND (0X44677b7a)))))AND(NULL));
SELECT SUM(count) FROM (SELECT ALL ((((NULL) NOTNULL)) IS TRUE)  as count FROM t0 ORDER BY ((((CAST('-797357943' AS NUMERIC))AND(((t0.c0) NOT BETWEEN (t0.c0) AND (0x44677b7a)))))AND(NULL)));
SELECT ALL * FROM vt1 WHERE (((vt1.c0) BETWEEN (CAST(vt1.c0 AS BLOB)) AND (((((vt1.c0)AND(vt1.c0)))OR(vt1.c0)))));
SELECT SUM(count) FROM (SELECT ALL ((((vt1.c0) BETWEEN (CAST(vt1.c0 AS BLOB)) AND (((((vt1.c0)AND(vt1.c0)))OR(vt1.c0))))) IS TRUE)  as count FROM vt1);
SELECT * FROM t0 CROSS JOIN vt1 ON NULL WHERE (((CAST(vt1.c0 AS INTEGER))||(0.3674051660259411)));
SELECT SUM(count) FROM (SELECT ((((CAST(vt1.c0 AS INTEGER))||(0.3674051660259411))) IS TRUE)  as count FROM t0 CROSS JOIN vt1 ON NULL);
SELECT ALL * FROM vt1, t0 WHERE (((CASE WHEN vt1.c0 THEN vt1.c0 END) NOT BETWEEN ((~ (vt1.c0))) AND (t0.c0 COLLATE BINARY))) ORDER BY (- (((vt1.c0) NOTNULL))) ASC  NULLS FIRST;
SELECT SUM(count) FROM (SELECT ALL ((((CASE WHEN vt1.c0 THEN vt1.c0 END) NOT BETWEEN ((~ (vt1.c0))) AND (t0.c0 COLLATE BINARY))) IS TRUE)  as count FROM vt1, t0 ORDER BY (- (((vt1.c0) NOTNULL))) ASC  NULLS FIRST);
SELECT * FROM vt1 WHERE (((CAST(vt1.c0 AS BLOB))>(((vt1.c0) NOTNULL)))) ORDER BY ((((((((((vt1.c0)OR(vt1.c0)))AND(vt1.c0)))AND(vt1.c0)))AND(x''))) NOT NULL)  NULLS FIRST;
SELECT SUM(count) FROM (SELECT ((((CAST(vt1.c0 AS BLOB))>(((vt1.c0) NOTNULL)))) IS TRUE)  as count FROM vt1 ORDER BY ((((((((((vt1.c0)OR(vt1.c0)))AND(vt1.c0)))AND(vt1.c0)))AND(x''))) NOT NULL)  NULLS FIRST);
SELECT ALL * FROM vt1 CROSS JOIN t0 ON ((((((((((((((vt1.c0)AND(vt1.c0)))OR(t0.c0)))OR(vt1.c0)))OR(t0.c0)))OR(vt1.c0)))AND(vt1.c0))) IS TRUE) WHERE ((NOT ((NOT (t0.c0))))) ORDER BY ((CASE vt1.c0  WHEN vt1.c0 THEN vt1.c0 WHEN t0.c0 THEN vt1.c0 WHEN t0.c0 THEN vt1.c0 ELSE t0.c0 END) IS FALSE), (((((t0.c0)) BETWEEN ((vt1.c0)) AND ((t0.c0)))) NOT NULL) ASC, (t0.c0 IN ()) COLLATE NOCASE  NULLS FIRST;
SELECT SUM(count) FROM (SELECT ALL (((NOT ((NOT (t0.c0))))) IS TRUE)  as count FROM vt1 CROSS JOIN t0 ON ((((((((((((((vt1.c0)AND(vt1.c0)))OR(t0.c0)))OR(vt1.c0)))OR(t0.c0)))OR(vt1.c0)))AND(vt1.c0))) IS TRUE) ORDER BY ((CASE vt1.c0  WHEN vt1.c0 THEN vt1.c0 WHEN t0.c0 THEN vt1.c0 WHEN t0.c0 THEN vt1.c0 ELSE t0.c0 END) IS FALSE), (((((t0.c0)) BETWEEN ((vt1.c0)) AND ((t0.c0)))) NOT NULL) ASC, (t0.c0 IN ()) COLLATE NOCASE  NULLS FIRST);
SELECT ALL COUNT(*) FROM t0 WHERE (((t0.c0)OR(t0.c0)) COLLATE BINARY) ORDER BY CASE t0.c0 COLLATE BINARY  WHEN t0.c0 COLLATE NOCASE THEN t0.c0 COLLATE RTRIM END DESC, (((LAST_INSERT_ROWID()))==((COALESCE(t0.c0, 0.05116260323016508, t0.c0, t0.c0)))) DESC, (((((t0.c0, t0.c0, t0.c0))<=((t0.c0, t0.c0, t0.c0))))||((t0.c0 IN ()))) ASC  NULLS FIRST;
SELECT SUM(count) FROM (SELECT ((((t0.c0)OR(t0.c0)) COLLATE BINARY) IS TRUE)  as count FROM t0 ORDER BY CASE t0.c0 COLLATE BINARY  WHEN t0.c0 COLLATE NOCASE THEN t0.c0 COLLATE RTRIM END DESC, (((LAST_INSERT_ROWID()))=((COALESCE(t0.c0, 0.05116260323016508, t0.c0, t0.c0)))) DESC, (((((t0.c0, t0.c0, t0.c0))<=((t0.c0, t0.c0, t0.c0))))||((t0.c0 IN ()))) ASC  NULLS FIRST);
SELECT * FROM vt1 INNER JOIN t0 ON ((((vt1.c0)IS(vt1.c0))) IS FALSE) WHERE (CASE ((0.5078580617283512)<=(vt1.c0))  WHEN (((vt1.c0)) NOT BETWEEN ((vt1.c0)) AND ((vt1.c0))) THEN ((vt1.c0)<(t0.c0)) ELSE ((t0.c0) NOTNULL) END) ORDER BY (((((((((t0.c0)AND(t0.c0)))OR(t0.c0)))OR(t0.c0)))AND(vt1.c0)) IN (((t0.c0)GLOB(0.20339204573803238)))) ASC, CAST((vt1.c0 IN (vt1.c0, t0.c0)) AS TEXT) DESC  NULLS LAST;
SELECT SUM(count) FROM (SELECT ((CASE ((0.5078580617283512)<=(vt1.c0))  WHEN (((vt1.c0)) NOT BETWEEN ((vt1.c0)) AND ((vt1.c0))) THEN ((vt1.c0)<(t0.c0)) ELSE ((t0.c0) NOTNULL) END) IS TRUE)  as count FROM vt1 INNER JOIN t0 ON ((((vt1.c0)IS(vt1.c0))) IS FALSE) ORDER BY (((((((((t0.c0)AND(t0.c0)))OR(t0.c0)))OR(t0.c0)))AND(vt1.c0)) IN (((t0.c0)GLOB(0.20339204573803238)))) ASC, CAST((vt1.c0 IN (vt1.c0, t0.c0)) AS TEXT) DESC  NULLS LAST);
SELECT * FROM t0 WHERE (((- (t0.c0)) IN ())) ORDER BY ((((((t0.c0)AND(t0.c0)))AND(t0.c0)))GLOB(0xfffffffffa51502e))  NULLS FIRST, 0.3181667344768203 DESC, (((t0.c0 IN ())) BETWEEN ((((t0.c0, t0.c0, t0.c0, t0.c0, t0.c0))<=((t0.c0, t0.c0, t0.c0, t0.c0, t0.c0)))) AND (((t0.c0)<<(t0.c0)))) DESC;
SELECT SUM(count) FROM (SELECT ((((- (t0.c0)) IN ())) IS TRUE)  as count FROM t0 ORDER BY ((((((t0.c0)AND(t0.c0)))AND(t0.c0)))GLOB(0Xfffffffffa51502e))  NULLS FIRST, 0.3181667344768203 DESC, (((t0.c0 IN ())) BETWEEN ((((t0.c0, t0.c0, t0.c0, t0.c0, t0.c0))<=((t0.c0, t0.c0, t0.c0, t0.c0, t0.c0)))) AND (((t0.c0)<<(t0.c0)))) DESC);
SELECT * FROM t0 WHERE ('-1475894835' COLLATE BINARY) ORDER BY ((0.2848834709816257) NOT NULL) ASC  NULLS FIRST;
SELECT SUM(count) FROM (SELECT ALL (('-1475894835' COLLATE BINARY) IS TRUE)  as count FROM t0 ORDER BY ((0.2848834709816257) NOT NULL) ASC  NULLS FIRST);
SELECT ALL COUNT(*) FROM t0 WHERE (((((t0.c0) BETWEEN (t0.c0) AND (t0.c0))) NOT BETWEEN (t0.c0 COLLATE RTRIM) AND (((t0.c0) BETWEEN (t0.c0) AND (t0.c0)))));
SELECT SUM(count) FROM (SELECT ALL ((((((t0.c0) BETWEEN (t0.c0) AND (t0.c0))) NOT BETWEEN (t0.c0 COLLATE RTRIM) AND (((t0.c0) BETWEEN (t0.c0) AND (t0.c0))))) IS TRUE)  as count FROM t0);
SELECT * FROM vt1, t0 WHERE ((((vt1.c0)) NOT BETWEEN (((NOT (t0.c0)))) AND ((((t0.c0) NOT BETWEEN (t0.c0) AND (vt1.c0))))));
SELECT SUM(count) FROM (SELECT (((((vt1.c0)) NOT BETWEEN (((NOT (t0.c0)))) AND ((((t0.c0) NOT BETWEEN (t0.c0) AND (vt1.c0)))))) IS TRUE)  as count FROM vt1, t0);
SELECT ALL COUNT(*) FROM vt1 RIGHT OUTER JOIN t0 ON ((((((((CAST(NULL AS INTEGER))AND(((t0.c0) ISNULL))))AND((((vt1.c0, vt1.c0, t0.c0, t0.c0, t0.c0)) BETWEEN ((t0.c0, vt1.c0, vt1.c0, vt1.c0, t0.c0)) AND ((vt1.c0, t0.c0, vt1.c0, vt1.c0, t0.c0))))))AND((((t0.c0, vt1.c0, vt1.c0)) BETWEEN ((vt1.c0, vt1.c0, x'')) AND ((x'', t0.c0, t0.c0))))))AND(x'0d53bcde')) WHERE ((((vt1.c0 COLLATE NOCASE))!=(((NOT (vt1.c0))))));
SELECT SUM(count) FROM (SELECT ALL (((((vt1.c0 COLLATE NOCASE))<>(((NOT (vt1.c0)))))) IS TRUE)  as count FROM vt1 RIGHT OUTER JOIN t0 ON ((((((((CAST(NULL AS INTEGER))AND(((t0.c0) ISNULL))))AND((((vt1.c0, vt1.c0, t0.c0, t0.c0, t0.c0)) BETWEEN ((t0.c0, vt1.c0, vt1.c0, vt1.c0, t0.c0)) AND ((vt1.c0, t0.c0, vt1.c0, vt1.c0, t0.c0))))))AND((((t0.c0, vt1.c0, vt1.c0)) BETWEEN ((vt1.c0, vt1.c0, x'')) AND ((x'', t0.c0, t0.c0))))))AND(x'0d53bcde')));
SELECT ALL COUNT(*) FROM t0 WHERE (CAST((((t0.c0)) NOT BETWEEN ((t0.c0)) AND ((t0.c0))) AS INTEGER)) ORDER BY CAST((t0.c0 IN (t0.c0)) AS BLOB)  NULLS FIRST;
SELECT SUM(count) FROM (SELECT ALL ((CAST((((t0.c0)) NOT BETWEEN ((t0.c0)) AND ((t0.c0))) AS INTEGER)) IS TRUE)  as count FROM t0 ORDER BY CAST((t0.c0 IN (t0.c0)) AS BLOB)  NULLS FIRST);
SELECT ALL * FROM vt1 WHERE (vt1.c0);
SELECT SUM(count) FROM (SELECT ALL ((vt1.c0) IS TRUE)  as count FROM vt1);
SELECT ALL * FROM vt1 WHERE (CASE vt1.c0  WHEN vt1.c0 THEN vt1.c0 END COLLATE BINARY) ORDER BY load_extension(CASE WHEN vt1.c0 THEN vt1.c0 ELSE vt1.c0 END) ASC, (((NOT (vt1.c0))) BETWEEN (CAST(vt1.c0 AS REAL)) AND ((~ (vt1.c0)))) DESC;
SELECT SUM(count) FROM (SELECT ((CASE vt1.c0  WHEN vt1.c0 THEN vt1.c0 END COLLATE BINARY) IS TRUE)  as count FROM vt1 ORDER BY load_extension(CASE WHEN vt1.c0 THEN vt1.c0 ELSE vt1.c0 END) ASC, (((NOT (vt1.c0))) BETWEEN (CAST(vt1.c0 AS REAL)) AND ((~ (vt1.c0)))) DESC);
SELECT COUNT(*) FROM t0 WHERE ((((((t0.c0))>=((t0.c0)))) IS FALSE)) ORDER BY ((t0.c0)<=((t0.c0 IN ()))) ASC  NULLS LAST;
SELECT SUM(count) FROM (SELECT ALL (((((((t0.c0))>=((t0.c0)))) IS FALSE)) IS TRUE)  as count FROM t0 ORDER BY ((t0.c0)<=((t0.c0 IN ()))) ASC  NULLS LAST);
SELECT ALL * FROM t0, vt1 WHERE (((((((((ROUND(vt1.c0, ''))OR((t0.c0 IN ()))))OR(((((vt1.c0)AND(vt1.c0)))AND(t0.c0)))))AND(vt1.c0 COLLATE RTRIM)))OR(((((t0.c0)OR(t0.c0)))OR(t0.c0))))) ORDER BY ((((((((((t0.c0)OR(t0.c0)))OR(t0.c0)))OR(vt1.c0)))AND(t0.c0)))LIKE(((t0.c0)IS NOT(t0.c0)))), ((vt1.c0 COLLATE RTRIM)GLOB(((((vt1.c0)OR(vt1.c0)))AND(t0.c0))));
SELECT SUM(count) FROM (SELECT ((((((((((ROUND(vt1.c0, ''))OR((t0.c0 IN ()))))OR(((((vt1.c0)AND(vt1.c0)))AND(t0.c0)))))AND(vt1.c0 COLLATE RTRIM)))OR(((((t0.c0)OR(t0.c0)))OR(t0.c0))))) IS TRUE)  as count FROM t0, vt1 ORDER BY ((((((((((t0.c0)OR(t0.c0)))OR(t0.c0)))OR(vt1.c0)))AND(t0.c0)))LIKE(((t0.c0)IS NOT(t0.c0)))), ((vt1.c0 COLLATE RTRIM)GLOB(((((vt1.c0)OR(vt1.c0)))AND(t0.c0)))));
SELECT ALL * FROM t0, vt1 WHERE (CAST(t0.c0 AS BLOB) COLLATE NOCASE);
SELECT SUM(count) FROM (SELECT ALL ((CAST(t0.c0 AS BLOB) COLLATE NOCASE) IS TRUE)  as count FROM t0, vt1);
SELECT ALL COUNT(*) FROM vt1, t0 WHERE (((((((((((t0.c0)&(vt1.c0)))AND(CAST(NULL AS REAL))))AND((NOT (t0.c0)))))OR(((vt1.c0)&(vt1.c0)))))AND(0xfffffffffd01ed3c))) ORDER BY (((('\rPk(r')*(vt1.c0))) IS TRUE) ASC  NULLS FIRST;
SELECT SUM(count) FROM (SELECT ALL ((((((((((((t0.c0)&(vt1.c0)))AND(CAST(NULL AS REAL))))AND((NOT (t0.c0)))))OR(((vt1.c0)&(vt1.c0)))))AND(0xfffffffffd01ed3c))) IS TRUE)  as count FROM vt1, t0 ORDER BY (((('\rPk(r')*(vt1.c0))) IS TRUE) ASC  NULLS FIRST);
SELECT ALL * FROM vt1 WHERE (IFNULL((((vt1.c0)) BETWEEN ((vt1.c0)) AND ((NULL))), vt1.c0 COLLATE NOCASE));
SELECT SUM(count) FROM (SELECT ALL ((IFNULL((((vt1.c0)) BETWEEN ((vt1.c0)) AND ((NULL))), vt1.c0 COLLATE NOCASE)) IS TRUE)  as count FROM vt1);
SELECT ALL COUNT(*) FROM vt1, t0 WHERE (((((t0.c0) IS TRUE))IS('650897821')));
SELECT SUM(count) FROM (SELECT ALL ((((((t0.c0) IS TRUE))IS('650897821'))) IS TRUE)  as count FROM vt1, t0);
SELECT COUNT(*) FROM vt1 RIGHT OUTER JOIN t0 ON (((vt1.c0)) NOT BETWEEN ((((vt1.c0) ISNULL))) AND ((CASE t0.c0  WHEN t0.c0 THEN vt1.c0 ELSE t0.c0 END))) WHERE (json_array_length(t0.c0 COLLATE BINARY));
SELECT SUM(count) FROM (SELECT ALL ((json_array_length(t0.c0 COLLATE BINARY)) IS TRUE)  as count FROM vt1 RIGHT OUTER JOIN t0 ON (((vt1.c0)) NOT BETWEEN ((((vt1.c0) ISNULL))) AND ((CASE t0.c0  WHEN t0.c0 THEN vt1.c0 ELSE t0.c0 END))));
SELECT COUNT(*) FROM t0 WHERE (UPPER((((t0.c0, 0x6825f05b, t0.c0))<=((t0.c0, t0.c0, t0.c0)))));
SELECT SUM(count) FROM (SELECT ALL ((UPPER((((t0.c0, 0X6825f05b, t0.c0))<=((t0.c0, t0.c0, t0.c0))))) IS TRUE)  as count FROM t0);
SELECT ALL * FROM t0 FULL OUTER JOIN vt1 ON CASE WHEN CAST(vt1.c0 AS TEXT) THEN MIN(t0.c0, 'L', vt1.c0, vt1.c0) ELSE '' END WHERE ((~ (UPPER(t0.c0))));
SELECT SUM(count) FROM (SELECT ALL (((~ (UPPER(t0.c0)))) IS TRUE)  as count FROM t0 FULL OUTER JOIN vt1 ON CASE WHEN CAST(vt1.c0 AS TEXT) THEN MIN(t0.c0, 'L', vt1.c0, vt1.c0) ELSE '' END);
SELECT ALL COUNT(*) FROM t0 WHERE ((NOT ((+ (0.49991935899179696)))));
SELECT SUM(count) FROM (SELECT ALL (((NOT ((+ (0.49991935899179696))))) IS TRUE)  as count FROM t0);
SELECT * FROM t0 WHERE (CASE t0.c0  WHEN (t0.c0 IN (t0.c0)) THEN CAST(t0.c0 AS TEXT) WHEN ((t0.c0) IS FALSE) THEN NULL WHEN ((t0.c0)>=(t0.c0)) THEN (t0.c0 IN (t0.c0, t0.c0)) ELSE IFNULL(DISTINCT t0.c0, t0.c0) END) ORDER BY (((~ (t0.c0)))>((NOT (t0.c0))))  NULLS LAST;
SELECT SUM(count) FROM (SELECT ((CASE t0.c0  WHEN (t0.c0 IN (t0.c0)) THEN CAST(t0.c0 AS TEXT) WHEN ((t0.c0) IS FALSE) THEN NULL WHEN ((t0.c0)>=(t0.c0)) THEN (t0.c0 IN (t0.c0, t0.c0)) ELSE IFNULL(DISTINCT t0.c0, t0.c0) END) IS TRUE)  as count FROM t0 ORDER BY (((~ (t0.c0)))>((NOT (t0.c0))))  NULLS LAST);
SELECT COUNT(*) FROM t0 WHERE ('-944191040') ORDER BY t0.c0 DESC;
SELECT SUM(count) FROM (SELECT (('-944191040') IS TRUE)  as count FROM t0 ORDER BY t0.c0 DESC);
SELECT COUNT(*) FROM t0 WHERE (SQLITE_SOURCE_ID());
SELECT SUM(count) FROM (SELECT ALL ((SQLITE_SOURCE_ID()) IS TRUE)  as count FROM t0);
SELECT COUNT(*) FROM t0 LEFT OUTER JOIN vt1 ON ((CAST(vt1.c0 AS TEXT))<(((t0.c0)-(0.09894880256290817)))) WHERE ((NOT ((t0.c0 IN ())))) ORDER BY (- (((t0.c0) IS FALSE))) ASC;
SELECT SUM(count) FROM (SELECT (((NOT ((t0.c0 IN ())))) IS TRUE)  as count FROM t0 LEFT OUTER JOIN vt1 ON ((CAST(vt1.c0 AS TEXT))<(((t0.c0)-(0.09894880256290817)))) ORDER BY (- (((t0.c0) IS FALSE))) ASC);
SELECT COUNT(*) FROM t0, vt1 WHERE (CASE WHEN IFNULL(vt1.c0, t0.c0) THEN (((vt1.c0)) NOT BETWEEN ((vt1.c0)) AND ((t0.c0))) END) ORDER BY (((vt1.c0) NOT BETWEEN (t0.c0) AND (vt1.c0)) IN ()) ASC;
SELECT SUM(count) FROM (SELECT ((CASE WHEN IFNULL(vt1.c0, t0.c0) THEN (((vt1.c0)) NOT BETWEEN ((vt1.c0)) AND ((t0.c0))) END) IS TRUE)  as count FROM t0, vt1 ORDER BY (((vt1.c0) NOT BETWEEN (t0.c0) AND (vt1.c0)) IN ()) ASC);
SELECT COUNT(*) FROM vt1, t0 WHERE ((CHANGES() IN ())) ORDER BY ((((vt1.c0)<(x'')))=(t0.c0 COLLATE RTRIM)) ASC  NULLS FIRST;
SELECT SUM(count) FROM (SELECT (((CHANGES() IN ())) IS TRUE)  as count FROM vt1, t0 ORDER BY ((((vt1.c0)<(x'')))=(t0.c0 COLLATE RTRIM)) ASC  NULLS FIRST);
SELECT COUNT(*) FROM t0 WHERE (CAST((~ (t0.c0)) AS BLOB)) ORDER BY (json_type(t0.c0) IN ()) ASC  NULLS FIRST;
SELECT SUM(count) FROM (SELECT ALL ((CAST((~ (t0.c0)) AS BLOB)) IS TRUE)  as count FROM t0 ORDER BY (json_type(t0.c0) IN ()) ASC  NULLS FIRST);
SELECT * FROM t0, vt1 WHERE (CASE ((vt1.c0) NOT NULL)  WHEN (((t0.c0))>=((vt1.c0))) THEN CAST(t0.c0 AS INTEGER) END);
SELECT SUM(count) FROM (SELECT ((CASE ((vt1.c0) NOT NULL)  WHEN (((t0.c0))>=((vt1.c0))) THEN CAST(t0.c0 AS INTEGER) END) IS TRUE)  as count FROM t0, vt1);
SELECT * FROM vt1, t0 WHERE ((- (((t0.c0) NOT BETWEEN (t0.c0) AND (t0.c0)))));
SELECT SUM(count) FROM (SELECT (((- (((t0.c0) NOT BETWEEN (t0.c0) AND (t0.c0))))) IS TRUE)  as count FROM vt1, t0);
SELECT ALL * FROM t0, vt1 WHERE (CASE x'57db9ced'  WHEN (((vt1.c0)) NOT BETWEEN ((t0.c0)) AND ((t0.c0))) THEN CASE WHEN vt1.c0 THEN vt1.c0 ELSE t0.c0 END WHEN (NOT (t0.c0)) THEN ((t0.c0) NOT NULL) WHEN (t0.c0 IN ()) THEN ((t0.c0)%(vt1.c0)) ELSE ((vt1.c0) NOT BETWEEN (t0.c0) AND (t0.c0)) END);
SELECT SUM(count) FROM (SELECT ((CASE x'57db9ced'  WHEN (((vt1.c0)) NOT BETWEEN ((t0.c0)) AND ((t0.c0))) THEN CASE WHEN vt1.c0 THEN vt1.c0 ELSE t0.c0 END WHEN (NOT (t0.c0)) THEN ((t0.c0) NOT NULL) WHEN (t0.c0 IN ()) THEN ((t0.c0)%(vt1.c0)) ELSE ((vt1.c0) NOT BETWEEN (t0.c0) AND (t0.c0)) END) IS TRUE)  as count FROM t0, vt1);
SELECT * FROM t0, vt1 WHERE (((vt1.c0)AND(((t0.c0)/(t0.c0)))));
SELECT SUM(count) FROM (SELECT ALL ((((vt1.c0)AND(((t0.c0)/(t0.c0))))) IS TRUE)  as count FROM t0, vt1);
SELECT ALL COUNT(*) FROM t0, vt1 WHERE ((~ (((((((((t0.c0)OR(vt1.c0)))OR(t0.c0)))OR(432294174)))OR(x''))))) ORDER BY NULL DESC  NULLS LAST;
SELECT SUM(count) FROM (SELECT (((~ (((((((((t0.c0)OR(vt1.c0)))OR(t0.c0)))OR(432294174)))OR(x''))))) IS TRUE)  as count FROM t0, vt1 ORDER BY NULL DESC  NULLS LAST);
SELECT ALL COUNT(*) FROM t0 CROSS JOIN vt1 ON ((((vt1.c0) IS TRUE)) BETWEEN (((t0.c0) NOT BETWEEN (vt1.c0) AND (vt1.c0))) AND (((t0.c0)GLOB(t0.c0)))) WHERE (((vt1.c0)>=(t0.c0)) COLLATE NOCASE);
SELECT SUM(count) FROM (SELECT ((((vt1.c0)>=(t0.c0)) COLLATE NOCASE) IS TRUE)  as count FROM t0 CROSS JOIN vt1 ON ((((vt1.c0) IS TRUE)) BETWEEN (((t0.c0) NOT BETWEEN (vt1.c0) AND (vt1.c0))) AND (((t0.c0)GLOB(t0.c0)))));
SELECT ALL * FROM t0, vt1 WHERE (CAST((t0.c0 IN (t0.c0, vt1.c0)) AS NUMERIC));
SELECT SUM(count) FROM (SELECT ALL ((CAST((t0.c0 IN (t0.c0, vt1.c0)) AS NUMERIC)) IS TRUE)  as count FROM t0, vt1);
SELECT COUNT(*) FROM vt1, t0 WHERE (((0.999570324204097)LIKE((t0.c0 IN ())))) ORDER BY (((NULL)) BETWEEN (((((t0.c0)) BETWEEN ((t0.c0)) AND ((1.2821152E7))))) AND (((vt1.c0 IN ())))), (((t0.c0 IN (vt1.c0)))>=(((((((((((((vt1.c0)AND(vt1.c0)))AND(t0.c0)))OR(0Xffffffff871d2492)))AND(t0.c0)))AND(vt1.c0)))AND(-6.77639152E8))));
SELECT SUM(count) FROM (SELECT ((((0.999570324204097)LIKE((t0.c0 IN ())))) IS TRUE)  as count FROM vt1, t0 ORDER BY (((NULL)) BETWEEN (((((t0.c0)) BETWEEN ((t0.c0)) AND ((1.2821152E7))))) AND (((vt1.c0 IN ())))), (((t0.c0 IN (vt1.c0)))>=(((((((((((((vt1.c0)AND(vt1.c0)))AND(t0.c0)))OR(0xffffffff871d2492)))AND(t0.c0)))AND(vt1.c0)))AND(-6.77639152E8)))));
SELECT ALL * FROM vt1, t0 WHERE (CAST(vt1.c0 AS TEXT) COLLATE BINARY) ORDER BY x'0049' DESC  NULLS FIRST;
SELECT SUM(count) FROM (SELECT ((CAST(vt1.c0 AS TEXT) COLLATE BINARY) IS TRUE)  as count FROM vt1, t0 ORDER BY x'0049' DESC  NULLS FIRST);
SELECT * FROM t0 WHERE (CHAR((~ (t0.c0))));
SELECT SUM(count) FROM (SELECT ALL ((CHAR((~ (t0.c0)))) IS TRUE)  as count FROM t0);
SELECT COUNT(*) FROM vt1, t0 WHERE ((((t0.c0 IN ()))<=(HEX(vt1.c0))));
SELECT SUM(count) FROM (SELECT (((((t0.c0 IN ()))<=(HEX(vt1.c0)))) IS TRUE)  as count FROM vt1, t0);
SELECT ALL COUNT(*) FROM t0 WHERE ((t0.c0 COLLATE BINARY IN (((t0.c0)<<(t0.c0)), UNICODE(t0.c0)))) ORDER BY ((t0.c0)<=(t0.c0)) COLLATE RTRIM;
SELECT SUM(count) FROM (SELECT (((t0.c0 COLLATE BINARY IN (((t0.c0)<<(t0.c0)), UNICODE(t0.c0)))) IS TRUE)  as count FROM t0 ORDER BY ((t0.c0)<=(t0.c0)) COLLATE RTRIM);
SELECT * FROM vt1, t0 WHERE (CAST(CASE WHEN vt1.c0 THEN vt1.c0 ELSE -666405091 END AS TEXT));
SELECT SUM(count) FROM (SELECT ((CAST(CASE WHEN vt1.c0 THEN vt1.c0 ELSE -666405091 END AS TEXT)) IS TRUE)  as count FROM vt1, t0);
SELECT ALL * FROM vt1 FULL OUTER JOIN t0 ON CAST((NOT (vt1.c0)) AS INTEGER) WHERE ((((((((vt1.c0)AND(vt1.c0)))OR(vt1.c0))))<=((((((t0.c0)OR(vt1.c0)))OR(vt1.c0)))))) ORDER BY CASE vt1.c0  WHEN t0.c0 THEN x'c61c' WHEN vt1.c0 THEN vt1.c0 WHEN t0.c0 THEN t0.c0 END COLLATE NOCASE DESC  NULLS LAST;
SELECT SUM(count) FROM (SELECT ALL (((((((((vt1.c0)AND(vt1.c0)))OR(vt1.c0))))<=((((((t0.c0)OR(vt1.c0)))OR(vt1.c0)))))) IS TRUE)  as count FROM vt1 FULL OUTER JOIN t0 ON CAST((NOT (vt1.c0)) AS INTEGER) ORDER BY CASE vt1.c0  WHEN t0.c0 THEN x'c61c' WHEN vt1.c0 THEN vt1.c0 WHEN t0.c0 THEN t0.c0 END COLLATE NOCASE DESC  NULLS LAST);
SELECT * FROM vt1, t0 WHERE ((((vt1.c0 COLLATE RTRIM))==((((t0.c0) BETWEEN (t0.c0) AND (vt1.c0)))))) ORDER BY (((('967170459') NOT NULL)) BETWEEN ((vt1.c0 IN ())) AND ((((t0.c0)) BETWEEN ((t0.c0)) AND ((t0.c0)))))  NULLS LAST;
SELECT SUM(count) FROM (SELECT (((((vt1.c0 COLLATE RTRIM))=((((t0.c0) BETWEEN (t0.c0) AND (vt1.c0)))))) IS TRUE)  as count FROM vt1, t0 ORDER BY (((('967170459') NOT NULL)) BETWEEN ((vt1.c0 IN ())) AND ((((t0.c0)) BETWEEN ((t0.c0)) AND ((t0.c0)))))  NULLS LAST);
SELECT COUNT(*) FROM t0 FULL OUTER JOIN vt1 ON t0.c0 WHERE (t0.c0);
SELECT SUM(count) FROM (SELECT ((t0.c0) IS TRUE)  as count FROM t0 FULL OUTER JOIN vt1 ON t0.c0);
SELECT ALL * FROM vt1, t0 WHERE ((((+ (t0.c0)))OR((NOT (t0.c0)))));
SELECT SUM(count) FROM (SELECT (((((+ (t0.c0)))OR((NOT (t0.c0))))) IS TRUE)  as count FROM vt1, t0);
SELECT * FROM t0 FULL OUTER JOIN vt1 ON (((- (x''))) NOT BETWEEN (NULL) AND (((vt1.c0)&(vt1.c0)))) WHERE ('L/a');
SELECT SUM(count) FROM (SELECT (('L/a') IS TRUE)  as count FROM t0 FULL OUTER JOIN vt1 ON (((- (x''))) NOT BETWEEN (NULL) AND (((vt1.c0)&(vt1.c0)))));
SELECT COUNT(*) FROM t0 WHERE (((((t0.c0)OR(0.522729801301381)))+(CASE WHEN t0.c0 THEN t0.c0 ELSE t0.c0 END))) ORDER BY ((((((t0.c0)||(t0.c0)))AND((t0.c0 IN ()))))OR(UPPER(t0.c0)))  NULLS LAST;
SELECT SUM(count) FROM (SELECT ALL ((((((t0.c0)OR(0.522729801301381)))+(CASE WHEN t0.c0 THEN t0.c0 ELSE t0.c0 END))) IS TRUE)  as count FROM t0 ORDER BY ((((((t0.c0)||(t0.c0)))AND((t0.c0 IN ()))))OR(UPPER(t0.c0)))  NULLS LAST);
SELECT ALL * FROM t0 NATURAL JOIN vt1 WHERE ((CASE WHEN t0.c0 THEN '1951075553' ELSE t0.c0 END IN ())) ORDER BY (((NULL) NOT BETWEEN (t0.c0) AND (t0.c0)) IN (((vt1.c0)<=(t0.c0)), ((t0.c0)>>(t0.c0)))) DESC;
SELECT SUM(count) FROM (SELECT ALL (((CASE WHEN t0.c0 THEN '1951075553' ELSE t0.c0 END IN ())) IS TRUE)  as count FROM t0 NATURAL JOIN vt1 ORDER BY (((NULL) NOT BETWEEN (t0.c0) AND (t0.c0)) IN (((vt1.c0)<=(t0.c0)), ((t0.c0)>>(t0.c0)))) DESC);
SELECT COUNT(*) FROM vt1 WHERE ((((vt1.c0)GLOB(vt1.c0)) IN (CAST(vt1.c0 AS NUMERIC)))) ORDER BY CHANGES();
SELECT SUM(count) FROM (SELECT ALL (((((vt1.c0)GLOB(vt1.c0)) IN (CAST(vt1.c0 AS NUMERIC)))) IS TRUE)  as count FROM vt1 ORDER BY CHANGES());
SELECT * FROM vt1 LEFT OUTER JOIN t0 ON (- ((((vt1.c0, t0.c0, vt1.c0)) NOT BETWEEN ((0X45bf6700, t0.c0, vt1.c0)) AND ((t0.c0, t0.c0, t0.c0))))) WHERE (CAST(TYPEOF(DISTINCT t0.c0) AS NUMERIC)) ORDER BY (CAST(vt1.c0 AS REAL) IN ((NOT (vt1.c0)))) DESC  NULLS LAST;
SELECT SUM(count) FROM (SELECT ((CAST(TYPEOF(DISTINCT t0.c0) AS NUMERIC)) IS TRUE)  as count FROM vt1 LEFT OUTER JOIN t0 ON (- ((((vt1.c0, t0.c0, vt1.c0)) NOT BETWEEN ((0X45bf6700, t0.c0, vt1.c0)) AND ((t0.c0, t0.c0, t0.c0))))) ORDER BY (CAST(vt1.c0 AS REAL) IN ((NOT (vt1.c0)))) DESC  NULLS LAST);
SELECT ALL * FROM vt1 WHERE (((((vt1.c0) BETWEEN (vt1.c0) AND (vt1.c0)))-((((vt1.c0)) NOT BETWEEN ((vt1.c0)) AND ((vt1.c0))))));
SELECT SUM(count) FROM (SELECT ALL ((((((vt1.c0) BETWEEN (vt1.c0) AND (vt1.c0)))-((((vt1.c0)) NOT BETWEEN ((vt1.c0)) AND ((vt1.c0)))))) IS TRUE)  as count FROM vt1);
SELECT * FROM t0 WHERE (t0.c0);
SELECT SUM(count) FROM (SELECT ALL ((t0.c0) IS TRUE)  as count FROM t0);
SELECT COUNT(*) FROM vt1, t0 WHERE ((((CAST(t0.c0 AS INTEGER)))=(((~ (vt1.c0))))));
SELECT SUM(count) FROM (SELECT (((((CAST(t0.c0 AS INTEGER)))==(((~ (vt1.c0)))))) IS TRUE)  as count FROM vt1, t0);
SELECT * FROM vt1 WHERE ((((((vt1.c0)AND(vt1.c0)))AND(vt1.c0)) IN ())) ORDER BY ((((vt1.c0)==(vt1.c0)))*(load_extension(vt1.c0, vt1.c0))) ASC;
SELECT SUM(count) FROM (SELECT (((((((vt1.c0)AND(vt1.c0)))AND(vt1.c0)) IN ())) IS TRUE)  as count FROM vt1 ORDER BY ((((vt1.c0)=(vt1.c0)))*(load_extension(vt1.c0, vt1.c0))) ASC);
SELECT COUNT(*) FROM vt1 WHERE (((((((vt1.c0)OR(vt1.c0)))AND(vt1.c0)))IS('Sl6୐0L' COLLATE RTRIM))) ORDER BY (((~ (vt1.c0))) NOT BETWEEN (NULLIF(DISTINCT x'7145', vt1.c0)) AND ((+ (vt1.c0)))) ASC;
SELECT SUM(count) FROM (SELECT ((((((((vt1.c0)OR(vt1.c0)))AND(vt1.c0)))IS('Sl6୐0L' COLLATE RTRIM))) IS TRUE)  as count FROM vt1 ORDER BY (((~ (vt1.c0))) NOT BETWEEN (NULLIF(DISTINCT x'7145', vt1.c0)) AND ((+ (vt1.c0)))) ASC);
SELECT ALL COUNT(*) FROM vt1, t0 WHERE (STRFTIME(json_type(vt1.c0), ((vt1.c0)/(vt1.c0)), ((vt1.c0)|(vt1.c0))));
SELECT SUM(count) FROM (SELECT ((STRFTIME(json_type(vt1.c0), ((vt1.c0)/(vt1.c0)), ((vt1.c0)|(vt1.c0)))) IS TRUE)  as count FROM vt1, t0);
SELECT ALL COUNT(*) FROM vt1 WHERE ((vt1.c0 IN ('u{2wKMF'))) ORDER BY ((vt1.c0 COLLATE BINARY)<(((vt1.c0)/(vt1.c0))))  NULLS FIRST;
SELECT SUM(count) FROM (SELECT (((vt1.c0 IN ('u{2wKMF'))) IS TRUE)  as count FROM vt1 ORDER BY ((vt1.c0 COLLATE BINARY)<(((vt1.c0)/(vt1.c0))))  NULLS FIRST);
SELECT ALL * FROM t0 WHERE (LOWER((((t0.c0, t0.c0, t0.c0))==((t0.c0, t0.c0, t0.c0)))));
SELECT SUM(count) FROM (SELECT ((LOWER((((t0.c0, t0.c0, t0.c0))=((t0.c0, t0.c0, t0.c0))))) IS TRUE)  as count FROM t0);
SELECT ALL * FROM t0, vt1 WHERE (t0.c0 COLLATE NOCASE) ORDER BY (~ (LIKELY(vt1.c0))) DESC;
SELECT SUM(count) FROM (SELECT ALL ((t0.c0 COLLATE NOCASE) IS TRUE)  as count FROM t0, vt1 ORDER BY (~ (LIKELY(vt1.c0))) DESC);
SELECT ALL COUNT(*) FROM vt1 INDEXED BY i23 WHERE (NULL) ORDER BY (~ (0X5509f21e))  NULLS FIRST;
SELECT SUM(count) FROM (SELECT ALL ((NULL) IS TRUE)  as count FROM vt1 INDEXED BY i23 ORDER BY (~ (0X5509f21e))  NULLS FIRST);
SELECT * FROM t0, vt1 WHERE (CASE WHEN (- (t0.c0)) THEN ((t0.c0)|(t0.c0)) ELSE (('0.31588097402937965')LIKE(vt1.c0)) END);
SELECT SUM(count) FROM (SELECT ((CASE WHEN (- (t0.c0)) THEN ((t0.c0)|(t0.c0)) ELSE (('0.31588097402937965')LIKE(vt1.c0)) END) IS TRUE)  as count FROM t0, vt1);
SELECT ALL * FROM vt1, t0 WHERE ((((('-1446364151') NOT BETWEEN (t0.c0) AND (t0.c0))) IS FALSE));
SELECT SUM(count) FROM (SELECT ALL (((((('-1446364151') NOT BETWEEN (t0.c0) AND (t0.c0))) IS FALSE)) IS TRUE)  as count FROM vt1, t0);
SELECT ALL COUNT(*) FROM t0, vt1 WHERE (LTRIM(((((((((((((((((t0.c0)AND(t0.c0)))AND(t0.c0)))AND(vt1.c0)))AND(t0.c0)))AND(t0.c0)))AND(vt1.c0)))OR(vt1.c0)))AND(t0.c0))));
SELECT SUM(count) FROM (SELECT ALL ((LTRIM(((((((((((((((((t0.c0)AND(t0.c0)))AND(t0.c0)))AND(vt1.c0)))AND(t0.c0)))AND(t0.c0)))AND(vt1.c0)))OR(vt1.c0)))AND(t0.c0)))) IS TRUE)  as count FROM t0, vt1);
SELECT ALL COUNT(*) FROM vt1 WHERE (((NULL)*('')));
SELECT SUM(count) FROM (SELECT ALL ((((NULL)*(''))) IS TRUE)  as count FROM vt1);
SELECT * FROM vt1 INNER JOIN t0 ON TOTAL_CHANGES() WHERE (((CASE vt1.c0  WHEN vt1.c0 THEN vt1.c0 WHEN vt1.c0 THEN t0.c0 WHEN vt1.c0 THEN vt1.c0 ELSE t0.c0 END) BETWEEN (CASE vt1.c0  WHEN vt1.c0 THEN vt1.c0 ELSE vt1.c0 END) AND (((vt1.c0)AND(vt1.c0))))) ORDER BY CAST(CAST(vt1.c0 AS BLOB) AS TEXT)  NULLS FIRST;
SELECT SUM(count) FROM (SELECT ((((CASE vt1.c0  WHEN vt1.c0 THEN vt1.c0 WHEN vt1.c0 THEN t0.c0 WHEN vt1.c0 THEN vt1.c0 ELSE t0.c0 END) BETWEEN (CASE vt1.c0  WHEN vt1.c0 THEN vt1.c0 ELSE vt1.c0 END) AND (((vt1.c0)AND(vt1.c0))))) IS TRUE)  as count FROM vt1 INNER JOIN t0 ON TOTAL_CHANGES() ORDER BY CAST(CAST(vt1.c0 AS BLOB) AS TEXT)  NULLS FIRST);
SELECT COUNT(*) FROM t0 WHERE (SQLITE_COMPILEOPTION_GET(((t0.c0)-(t0.c0)))) ORDER BY json_array_length(t0.c0, t0.c0) COLLATE RTRIM  NULLS LAST;
SELECT SUM(count) FROM (SELECT ((SQLITE_COMPILEOPTION_GET(((t0.c0)-(t0.c0)))) IS TRUE)  as count FROM t0 ORDER BY json_array_length(t0.c0, t0.c0) COLLATE RTRIM  NULLS LAST);
SELECT COUNT(*) FROM vt1, t0 WHERE (NULLIF(SUBSTR(vt1.c0, vt1.c0), ((t0.c0) NOT BETWEEN (t0.c0) AND (t0.c0)))) ORDER BY (((x'9920'))>(((+ (vt1.c0))))), t0.c0 ASC  NULLS FIRST;
SELECT SUM(count) FROM (SELECT ALL ((NULLIF(SUBSTR(vt1.c0, vt1.c0), ((t0.c0) NOT BETWEEN (t0.c0) AND (t0.c0)))) IS TRUE)  as count FROM vt1, t0 ORDER BY (((x'9920'))>(((+ (vt1.c0))))), t0.c0 ASC  NULLS FIRST);
SELECT ALL * FROM vt1 WHERE (CAST(((vt1.c0)>(vt1.c0)) AS INTEGER)) ORDER BY vt1.c0 ASC;
SELECT SUM(count) FROM (SELECT ((CAST(((vt1.c0)>(vt1.c0)) AS INTEGER)) IS TRUE)  as count FROM vt1 ORDER BY vt1.c0 ASC);
SELECT COUNT(*) FROM vt1 WHERE (((TRIM(vt1.c0, vt1.c0)) NOT BETWEEN (((vt1.c0) NOTNULL)) AND (vt1.c0))) ORDER BY CASE vt1.c0 COLLATE RTRIM  WHEN (+ ('')) THEN CASE vt1.c0  WHEN vt1.c0 THEN vt1.c0 WHEN vt1.c0 THEN vt1.c0 WHEN vt1.c0 THEN vt1.c0 ELSE vt1.c0 END WHEN CAST(vt1.c0 AS INTEGER) THEN CASE vt1.c0  WHEN vt1.c0 THEN x'' END WHEN CASE WHEN vt1.c0 THEN vt1.c0 ELSE vt1.c0 END THEN ((vt1.c0) NOTNULL) ELSE (~ (x'3cb9')) END DESC  NULLS FIRST;
SELECT SUM(count) FROM (SELECT ((((TRIM(vt1.c0, vt1.c0)) NOT BETWEEN (((vt1.c0) NOTNULL)) AND (vt1.c0))) IS TRUE)  as count FROM vt1 ORDER BY CASE vt1.c0 COLLATE RTRIM  WHEN (+ ('')) THEN CASE vt1.c0  WHEN vt1.c0 THEN vt1.c0 WHEN vt1.c0 THEN vt1.c0 WHEN vt1.c0 THEN vt1.c0 ELSE vt1.c0 END WHEN CAST(vt1.c0 AS INTEGER) THEN CASE vt1.c0  WHEN vt1.c0 THEN x'' END WHEN CASE WHEN vt1.c0 THEN vt1.c0 ELSE vt1.c0 END THEN ((vt1.c0) NOTNULL) ELSE (~ (x'3cb9')) END DESC  NULLS FIRST);
SELECT ALL * FROM vt1, t0 WHERE ((((t0.c0) NOTNULL) IN (CASE t0.c0  WHEN vt1.c0 THEN vt1.c0 END))) ORDER BY ((((t0.c0)%(vt1.c0))) IS TRUE);
SELECT SUM(count) FROM (SELECT (((((t0.c0) NOTNULL) IN (CASE t0.c0  WHEN vt1.c0 THEN vt1.c0 END))) IS TRUE)  as count FROM vt1, t0 ORDER BY ((((t0.c0)%(vt1.c0))) IS TRUE));
SELECT * FROM vt1 WHERE ((((vt1.c0 COLLATE NOCASE))=((CAST(vt1.c0 AS BLOB))))) ORDER BY CASE ((vt1.c0) NOT BETWEEN (0.8311219468714429) AND (vt1.c0))  WHEN ((vt1.c0) NOT NULL) THEN (0.9695398475185367 IN ()) ELSE 0x5c353a27 END  NULLS LAST;
SELECT SUM(count) FROM (SELECT ALL (((((vt1.c0 COLLATE NOCASE))==((CAST(vt1.c0 AS BLOB))))) IS TRUE)  as count FROM vt1 ORDER BY CASE ((vt1.c0) NOT BETWEEN (0.8311219468714429) AND (vt1.c0))  WHEN ((vt1.c0) NOT NULL) THEN (0.9695398475185367 IN ()) ELSE 0X5c353a27 END  NULLS LAST);
SELECT COUNT(*) FROM vt1, t0 WHERE (((((vt1.c0)>>(t0.c0)))AND(((t0.c0) NOTNULL)))) ORDER BY CAST(((vt1.c0) BETWEEN (vt1.c0) AND (t0.c0)) AS NUMERIC) ASC  NULLS FIRST;
SELECT SUM(count) FROM (SELECT ALL ((((((vt1.c0)>>(t0.c0)))AND(((t0.c0) NOTNULL)))) IS TRUE)  as count FROM vt1, t0 ORDER BY CAST(((vt1.c0) BETWEEN (vt1.c0) AND (t0.c0)) AS NUMERIC) ASC  NULLS FIRST);
SELECT ALL COUNT(*) FROM t0, vt1 WHERE (TRIM(t0.c0));
SELECT SUM(count) FROM (SELECT ALL ((TRIM(t0.c0)) IS TRUE)  as count FROM t0, vt1);
SELECT ALL * FROM vt1, t0 WHERE ((((SQLITE_COMPILEOPTION_USED(vt1.c0)))>=(('484549818'))));
SELECT SUM(count) FROM (SELECT ALL (((((SQLITE_COMPILEOPTION_USED(vt1.c0)))>=(('484549818')))) IS TRUE)  as count FROM vt1, t0);
SELECT ALL * FROM t0 WHERE ((json_insert(t0.c0, t0.c0, t0.c0, t0.c0, t0.c0) IN ()));
SELECT SUM(count) FROM (SELECT ALL (((json_insert(t0.c0, t0.c0, t0.c0, t0.c0, t0.c0) IN ())) IS TRUE)  as count FROM t0);
SELECT COUNT(*) FROM t0 WHERE ((- (t0.c0 COLLATE BINARY))) ORDER BY ((CASE t0.c0  WHEN t0.c0 THEN t0.c0 ELSE t0.c0 END)<=(((t0.c0)<(t0.c0))))  NULLS LAST;
SELECT SUM(count) FROM (SELECT ALL (((- (t0.c0 COLLATE BINARY))) IS TRUE)  as count FROM t0 ORDER BY ((CASE t0.c0  WHEN t0.c0 THEN t0.c0 ELSE t0.c0 END)<=(((t0.c0)<(t0.c0))))  NULLS LAST);
SELECT ALL COUNT(*) FROM t0, vt1 WHERE ((+ (1838574445))) ORDER BY (((~ (t0.c0))) IS FALSE), json_array_length(((t0.c0) BETWEEN (NULL) AND (t0.c0))) DESC  NULLS LAST;
SELECT SUM(count) FROM (SELECT (((+ (1838574445))) IS TRUE)  as count FROM t0, vt1 ORDER BY (((~ (t0.c0))) IS FALSE), json_array_length(((t0.c0) BETWEEN (NULL) AND (t0.c0))) DESC  NULLS LAST);
SELECT ALL * FROM t0, vt1 WHERE (HEX(t0.c0));
SELECT SUM(count) FROM (SELECT ALL ((HEX(t0.c0)) IS TRUE)  as count FROM t0, vt1);
SELECT COUNT(*) FROM t0 CROSS JOIN vt1 ON (((t0.c0)) NOT BETWEEN ((CASE vt1.c0  WHEN t0.c0 THEN t0.c0 WHEN vt1.c0 THEN vt1.c0 WHEN t0.c0 THEN t0.c0 END)) AND ((vt1.c0))) WHERE (((((CASE WHEN t0.c0 THEN vt1.c0 ELSE t0.c0 END)AND((vt1.c0 IN (vt1.c0)))))AND(((vt1.c0)*(vt1.c0)))));
SELECT SUM(count) FROM (SELECT ALL ((((((CASE WHEN t0.c0 THEN vt1.c0 ELSE t0.c0 END)AND((vt1.c0 IN (vt1.c0)))))AND(((vt1.c0)*(vt1.c0))))) IS TRUE)  as count FROM t0 CROSS JOIN vt1 ON (((t0.c0)) NOT BETWEEN ((CASE vt1.c0  WHEN t0.c0 THEN t0.c0 WHEN vt1.c0 THEN vt1.c0 WHEN t0.c0 THEN t0.c0 END)) AND ((vt1.c0))));
SELECT COUNT(*) FROM t0 WHERE (((CAST(t0.c0 AS NUMERIC)) IS FALSE)) ORDER BY PRINTF(t0.c0, t0.c0 COLLATE RTRIM, ((NULL)<=(t0.c0))), ((t0.c0 COLLATE BINARY) BETWEEN ('-537881907' COLLATE RTRIM) AND (((((((((t0.c0)AND(t0.c0)))OR(t0.c0)))AND(t0.c0)))AND(t0.c0)))), QUOTE(5.63419439E8) ASC  NULLS LAST;
SELECT SUM(count) FROM (SELECT ((((CAST(t0.c0 AS NUMERIC)) IS FALSE)) IS TRUE)  as count FROM t0 ORDER BY PRINTF(t0.c0, t0.c0 COLLATE RTRIM, ((NULL)<=(t0.c0))), ((t0.c0 COLLATE BINARY) BETWEEN ('-537881907' COLLATE RTRIM) AND (((((((((t0.c0)AND(t0.c0)))OR(t0.c0)))AND(t0.c0)))AND(t0.c0)))), QUOTE(5.63419439E8) ASC  NULLS LAST);
SELECT ALL COUNT(*) FROM vt1 WHERE ((- ('0.9265557995473138'))) ORDER BY ((LENGTH(NULL)) BETWEEN (vt1.c0 COLLATE BINARY) AND (vt1.c0)) DESC  NULLS FIRST, CASE WHEN ((vt1.c0)*(vt1.c0)) THEN (0.5181863125907696 IN ()) END ASC  NULLS FIRST;
SELECT SUM(count) FROM (SELECT ALL (((- ('0.9265557995473138'))) IS TRUE)  as count FROM vt1 ORDER BY ((LENGTH(NULL)) BETWEEN (vt1.c0 COLLATE BINARY) AND (vt1.c0)) DESC  NULLS FIRST, CASE WHEN ((vt1.c0)*(vt1.c0)) THEN (0.5181863125907696 IN ()) END ASC  NULLS FIRST);
SELECT * FROM t0 WHERE (CAST(LIKELY(t0.c0) AS BLOB)) ORDER BY ((t0.c0) IS TRUE) DESC  NULLS LAST;
SELECT SUM(count) FROM (SELECT ((CAST(LIKELY(t0.c0) AS BLOB)) IS TRUE)  as count FROM t0 ORDER BY ((t0.c0) IS TRUE) DESC  NULLS LAST);
SELECT ALL COUNT(*) FROM vt1 CROSS JOIN t0 ON (((((((((+ (t0.c0)))AND(0.7568766128408424)))AND((((t0.c0)) BETWEEN ((x'')) AND ((NULL))))))OR(TRIM('-602119848'))))AND(CAST(t0.c0 AS TEXT))) WHERE ((((t0.c0))>((vt1.c0))) COLLATE BINARY) ORDER BY ((((t0.c0) IS FALSE))>>(rtreenode(t0.c0, t0.c0))) ASC;
SELECT SUM(count) FROM (SELECT (((((t0.c0))>((vt1.c0))) COLLATE BINARY) IS TRUE)  as count FROM vt1 CROSS JOIN t0 ON (((((((((+ (t0.c0)))AND(0.7568766128408424)))AND((((t0.c0)) BETWEEN ((x'')) AND ((NULL))))))OR(TRIM('-602119848'))))AND(CAST(t0.c0 AS TEXT))) ORDER BY ((((t0.c0) IS FALSE))>>(rtreenode(t0.c0, t0.c0))) ASC);
SELECT * FROM vt1 WHERE (((((vt1.c0) BETWEEN (vt1.c0) AND (vt1.c0)))+((('0.31588097402937965') NOT BETWEEN (vt1.c0) AND (vt1.c0)))));
SELECT SUM(count) FROM (SELECT ALL ((((((vt1.c0) BETWEEN (vt1.c0) AND (vt1.c0)))+((('0.31588097402937965') NOT BETWEEN (vt1.c0) AND (vt1.c0))))) IS TRUE)  as count FROM vt1);
SELECT * FROM t0 WHERE ((- (((t0.c0) BETWEEN (t0.c0) AND (t0.c0)))));
SELECT SUM(count) FROM (SELECT (((- (((t0.c0) BETWEEN (t0.c0) AND (t0.c0))))) IS TRUE)  as count FROM t0);
SELECT * FROM vt1 WHERE ((~ (((((vt1.c0)AND(vt1.c0)))OR(vt1.c0))))) ORDER BY json_insert(((((vt1.c0)AND(vt1.c0)))OR(0.6651510980851123)), vt1.c0 COLLATE RTRIM, CASE WHEN vt1.c0 THEN vt1.c0 END)  NULLS LAST;
SELECT SUM(count) FROM (SELECT (((~ (((((vt1.c0)AND(vt1.c0)))OR(vt1.c0))))) IS TRUE)  as count FROM vt1 ORDER BY json_insert(((((vt1.c0)AND(vt1.c0)))OR(0.6651510980851123)), vt1.c0 COLLATE RTRIM, CASE WHEN vt1.c0 THEN vt1.c0 END)  NULLS LAST);
SELECT ALL * FROM vt1, t0 WHERE ((((+ (0.35642288398056265))) BETWEEN ((((t0.c0))>((t0.c0)))) AND (((((vt1.c0)AND(t0.c0)))AND(t0.c0)))));
SELECT SUM(count) FROM (SELECT ALL (((((+ (0.35642288398056265))) BETWEEN ((((t0.c0))>((t0.c0)))) AND (((((vt1.c0)AND(t0.c0)))AND(t0.c0))))) IS TRUE)  as count FROM vt1, t0);
SELECT COUNT(*) FROM t0, vt1 WHERE (TRIM(((vt1.c0)-(t0.c0))));
SELECT SUM(count) FROM (SELECT ((TRIM(((vt1.c0)-(t0.c0)))) IS TRUE)  as count FROM t0, vt1);
SELECT COUNT(*) FROM vt1 WHERE (vt1.c0);
SELECT SUM(count) FROM (SELECT ALL ((vt1.c0) IS TRUE)  as count FROM vt1);
SELECT ALL COUNT(*) FROM vt1 WHERE ((((vt1.c0 IN (vt1.c0))) BETWEEN ((((vt1.c0, x'', vt1.c0, vt1.c0, vt1.c0))==((vt1.c0, vt1.c0, vt1.c0, vt1.c0, vt1.c0)))) AND (HEX(vt1.c0))));
SELECT SUM(count) FROM (SELECT (((((vt1.c0 IN (vt1.c0))) BETWEEN ((((vt1.c0, x'', vt1.c0, vt1.c0, vt1.c0))==((vt1.c0, vt1.c0, vt1.c0, vt1.c0, vt1.c0)))) AND (HEX(vt1.c0)))) IS TRUE)  as count FROM vt1);
SELECT ALL COUNT(*) FROM vt1 WHERE ((~ (CAST(vt1.c0 AS TEXT)))) ORDER BY (((vt1.c0 IN ()))GLOB(CAST('' AS TEXT)));
SELECT SUM(count) FROM (SELECT (((~ (CAST(vt1.c0 AS TEXT)))) IS TRUE)  as count FROM vt1 ORDER BY (((vt1.c0 IN ()))GLOB(CAST('' AS TEXT))));
SELECT ALL COUNT(*) FROM vt1 WHERE (vt1.c0) ORDER BY 1071022244  NULLS LAST;
SELECT SUM(count) FROM (SELECT ((vt1.c0) IS TRUE)  as count FROM vt1 ORDER BY 1071022244  NULLS LAST);
SELECT * FROM t0 WHERE ((((t0.c0 IN ()))||(load_extension(t0.c0, t0.c0))));
SELECT SUM(count) FROM (SELECT ALL (((((t0.c0 IN ()))||(load_extension(t0.c0, t0.c0)))) IS TRUE)  as count FROM t0);
SELECT ALL COUNT(*) FROM t0 WHERE (CASE ((t0.c0) ISNULL)  WHEN (((t0.c0))=((t0.c0))) THEN (NOT (t0.c0)) END);
SELECT SUM(count) FROM (SELECT ((CASE ((t0.c0) ISNULL)  WHEN (((t0.c0))=((t0.c0))) THEN (NOT (t0.c0)) END) IS TRUE)  as count FROM t0);
SELECT ALL * FROM t0 WHERE (load_extension(((((t0.c0)OR(t0.c0)))AND(t0.c0)), ((((((((t0.c0)OR(t0.c0)))AND(t0.c0)))OR(t0.c0)))AND(t0.c0)))) ORDER BY ((((t0.c0) BETWEEN (t0.c0) AND (t0.c0)))<<((~ (t0.c0)))) DESC;
SELECT SUM(count) FROM (SELECT ALL ((load_extension(((((t0.c0)OR(t0.c0)))AND(t0.c0)), ((((((((t0.c0)OR(t0.c0)))AND(t0.c0)))OR(t0.c0)))AND(t0.c0)))) IS TRUE)  as count FROM t0 ORDER BY ((((t0.c0) BETWEEN (t0.c0) AND (t0.c0)))<<((~ (t0.c0)))) DESC);
SELECT ALL * FROM t0 WHERE (0.7083886786870963) ORDER BY t0.c0;
SELECT SUM(count) FROM (SELECT ALL ((0.7083886786870963) IS TRUE)  as count FROM t0 ORDER BY t0.c0);
SELECT ALL COUNT(*) FROM t0 WHERE (((((t0.c0)||(t0.c0)))|(LIKELIHOOD(t0.c0, 0.9553317127056059))));
SELECT SUM(count) FROM (SELECT ALL ((((((t0.c0)||(t0.c0)))|(LIKELIHOOD(t0.c0, 0.9553317127056059)))) IS TRUE)  as count FROM t0);
SELECT ALL COUNT(*) FROM vt1 WHERE (vt1.c0) ORDER BY x'' ASC  NULLS FIRST, (~ (((vt1.c0)+(vt1.c0)))) ASC;
SELECT SUM(count) FROM (SELECT ((vt1.c0) IS TRUE)  as count FROM vt1 ORDER BY x'' ASC  NULLS FIRST, (~ (((vt1.c0)+(vt1.c0)))) ASC);
SELECT ALL * FROM t0, vt1 WHERE ((- (vt1.c0))) ORDER BY CASE ((vt1.c0) BETWEEN (t0.c0) AND (vt1.c0))  WHEN vt1.c0 COLLATE RTRIM THEN (NOT (vt1.c0)) WHEN CAST(t0.c0 AS REAL) THEN vt1.c0 WHEN ((((0.6913270334300028)AND(x'')))OR(t0.c0)) THEN (((t0.c0))!=((t0.c0))) ELSE t0.c0 COLLATE NOCASE END DESC  NULLS FIRST, (((LIKELIHOOD(t0.c0, 0.5116541466771638)))>((TRIM(vt1.c0, t0.c0))));
SELECT SUM(count) FROM (SELECT ALL (((- (vt1.c0))) IS TRUE)  as count FROM t0, vt1 ORDER BY CASE ((vt1.c0) BETWEEN (t0.c0) AND (vt1.c0))  WHEN vt1.c0 COLLATE RTRIM THEN (NOT (vt1.c0)) WHEN CAST(t0.c0 AS REAL) THEN vt1.c0 WHEN ((((0.6913270334300028)AND(x'')))OR(t0.c0)) THEN (((t0.c0))!=((t0.c0))) ELSE t0.c0 COLLATE NOCASE END DESC  NULLS FIRST, (((LIKELIHOOD(t0.c0, 0.5116541466771638)))>((TRIM(vt1.c0, t0.c0)))));
SELECT COUNT(*) FROM t0 NATURAL JOIN vt1 WHERE (((((((vt1.c0)AND(t0.c0)))OR(vt1.c0))) NOT BETWEEN (((vt1.c0) BETWEEN (vt1.c0) AND (t0.c0))) AND (CASE WHEN vt1.c0 THEN vt1.c0 ELSE t0.c0 END))) ORDER BY ((((vt1.c0)%(t0.c0)))>>(CAST(vt1.c0 AS INTEGER)));
SELECT SUM(count) FROM (SELECT ALL ((((((((vt1.c0)AND(t0.c0)))OR(vt1.c0))) NOT BETWEEN (((vt1.c0) BETWEEN (vt1.c0) AND (t0.c0))) AND (CASE WHEN vt1.c0 THEN vt1.c0 ELSE t0.c0 END))) IS TRUE)  as count FROM t0 NATURAL JOIN vt1 ORDER BY ((((vt1.c0)%(t0.c0)))>>(CAST(vt1.c0 AS INTEGER))));
SELECT * FROM t0 WHERE (t0.c0);
SELECT SUM(count) FROM (SELECT ((t0.c0) IS TRUE)  as count FROM t0);
SELECT * FROM vt1, t0 WHERE (LIKELIHOOD(DISTINCT (0Xffffffffc51ec00f IN (t0.c0, vt1.c0)), 0.7681670341009933));
SELECT SUM(count) FROM (SELECT ALL ((LIKELIHOOD(DISTINCT (0xffffffffc51ec00f IN (t0.c0, vt1.c0)), 0.7681670341009933)) IS TRUE)  as count FROM vt1, t0);
SELECT ALL COUNT(*) FROM t0 WHERE (CAST(t0.c0 COLLATE NOCASE AS INTEGER)) ORDER BY (((t0.c0 COLLATE NOCASE, (((0.33474161717325057))<((t0.c0))), x''))<=((UPPER(t0.c0), ((t0.c0) NOTNULL), CASE t0.c0  WHEN t0.c0 THEN t0.c0 ELSE t0.c0 END)));
SELECT SUM(count) FROM (SELECT ((CAST(t0.c0 COLLATE NOCASE AS INTEGER)) IS TRUE)  as count FROM t0 ORDER BY (((t0.c0 COLLATE NOCASE, (((0.33474161717325057))<((t0.c0))), x''))<=((UPPER(t0.c0), ((t0.c0) NOTNULL), CASE t0.c0  WHEN t0.c0 THEN t0.c0 ELSE t0.c0 END))));
SELECT COUNT(*) FROM vt1 WHERE (((((vt1.c0 IN ())))<((vt1.c0))));
SELECT SUM(count) FROM (SELECT ALL ((((((vt1.c0 IN ())))<((vt1.c0)))) IS TRUE)  as count FROM vt1);
SELECT * FROM t0 WHERE (((- (t0.c0)) IN ())) ORDER BY NULL;
SELECT SUM(count) FROM (SELECT ALL ((((- (t0.c0)) IN ())) IS TRUE)  as count FROM t0 ORDER BY NULL);
SELECT ALL * FROM vt1 WHERE (((((((vt1.c0) ISNULL))AND(vt1.c0)))OR(ABS(DISTINCT vt1.c0))));
SELECT SUM(count) FROM (SELECT ((((((((vt1.c0) ISNULL))AND(vt1.c0)))OR(ABS(DISTINCT vt1.c0)))) IS TRUE)  as count FROM vt1);
SELECT ALL * FROM vt1 FULL OUTER JOIN t0 ON NULL WHERE (ROUND(((t0.c0)AND(t0.c0)), ((vt1.c0)<=(t0.c0)))) ORDER BY ((t0.c0)IS(((vt1.c0)-(vt1.c0)))) ASC  NULLS FIRST;
SELECT SUM(count) FROM (SELECT ((ROUND(((t0.c0)AND(t0.c0)), ((vt1.c0)<=(t0.c0)))) IS TRUE)  as count FROM vt1 FULL OUTER JOIN t0 ON NULL ORDER BY ((t0.c0)IS(((vt1.c0)-(vt1.c0)))) ASC  NULLS FIRST);
SELECT ALL COUNT(*) FROM t0 WHERE (NULL) ORDER BY (((((((t0.c0)OR(t0.c0)))AND(t0.c0)), ((t0.c0)=(t0.c0)), t0.c0 COLLATE RTRIM))==((((t0.c0)<(t0.c0)), t0.c0, (t0.c0 IN ())))) ASC  NULLS LAST, ((json_valid(t0.c0)) BETWEEN (((((((((t0.c0)OR(t0.c0)))OR(t0.c0)))OR(t0.c0)))AND(t0.c0))) AND ((t0.c0 IN ())))  NULLS LAST, CAST(((t0.c0)>>(t0.c0)) AS BLOB) ASC  NULLS FIRST;
SELECT SUM(count) FROM (SELECT ((NULL) IS TRUE)  as count FROM t0 ORDER BY (((((((t0.c0)OR(t0.c0)))AND(t0.c0)), ((t0.c0)==(t0.c0)), t0.c0 COLLATE RTRIM))=((((t0.c0)<(t0.c0)), t0.c0, (t0.c0 IN ())))) ASC  NULLS LAST, ((json_valid(t0.c0)) BETWEEN (((((((((t0.c0)OR(t0.c0)))OR(t0.c0)))OR(t0.c0)))AND(t0.c0))) AND ((t0.c0 IN ())))  NULLS LAST, CAST(((t0.c0)>>(t0.c0)) AS BLOB) ASC  NULLS FIRST);
SELECT ALL * FROM vt1 NATURAL JOIN t0 WHERE ((- ((((t0.c0))<((NULL)))))) ORDER BY ((LOWER(DISTINCT vt1.c0)) ISNULL), (- (((vt1.c0)-(vt1.c0))));
SELECT SUM(count) FROM (SELECT ALL (((- ((((t0.c0))<((NULL)))))) IS TRUE)  as count FROM vt1 NATURAL JOIN t0 ORDER BY ((LOWER(DISTINCT vt1.c0)) ISNULL), (- (((vt1.c0)-(vt1.c0)))));
SELECT COUNT(*) FROM t0 WHERE ((((t0.c0))>((((t0.c0)||(t0.c0))))));
SELECT SUM(count) FROM (SELECT ALL (((((t0.c0))>((((t0.c0)||(t0.c0)))))) IS TRUE)  as count FROM t0);
SELECT * FROM vt1 WHERE ((~ (CAST(vt1.c0 AS REAL)))) ORDER BY ((vt1.c0)>=(vt1.c0)) COLLATE BINARY  NULLS LAST, ((CAST(vt1.c0 AS INTEGER)) NOTNULL) DESC  NULLS FIRST, (vt1.c0 IN ()) COLLATE RTRIM ASC  NULLS LAST;
SELECT SUM(count) FROM (SELECT ALL (((~ (CAST(vt1.c0 AS REAL)))) IS TRUE)  as count FROM vt1 ORDER BY ((vt1.c0)>=(vt1.c0)) COLLATE BINARY  NULLS LAST, ((CAST(vt1.c0 AS INTEGER)) NOTNULL) DESC  NULLS FIRST, (vt1.c0 IN ()) COLLATE RTRIM ASC  NULLS LAST);
SELECT ALL COUNT(*) FROM t0 INNER JOIN vt1 ON t0.c0 COLLATE RTRIM WHERE (80393732) ORDER BY ((((vt1.c0)AND(vt1.c0)))AND(vt1.c0)) COLLATE BINARY;
SELECT SUM(count) FROM (SELECT ALL ((80393732) IS TRUE)  as count FROM t0 INNER JOIN vt1 ON t0.c0 COLLATE RTRIM ORDER BY ((((vt1.c0)AND(vt1.c0)))AND(vt1.c0)) COLLATE BINARY);
SELECT ALL * FROM t0 WHERE (t0.c0) ORDER BY 0.2092915589574108 COLLATE NOCASE ASC  NULLS LAST;
SELECT SUM(count) FROM (SELECT ALL ((t0.c0) IS TRUE)  as count FROM t0 ORDER BY 0.2092915589574108 COLLATE NOCASE ASC  NULLS LAST);
SELECT COUNT(*) FROM vt1, t0 WHERE (((vt1.c0) BETWEEN (vt1.c0) AND (vt1.c0)) COLLATE NOCASE) ORDER BY (((CASE t0.c0  WHEN t0.c0 THEN vt1.c0 WHEN vt1.c0 THEN '갮 ' WHEN vt1.c0 THEN vt1.c0 END))<((CASE WHEN t0.c0 THEN t0.c0 END)))  NULLS LAST;
SELECT SUM(count) FROM (SELECT ((((vt1.c0) BETWEEN (vt1.c0) AND (vt1.c0)) COLLATE NOCASE) IS TRUE)  as count FROM vt1, t0 ORDER BY (((CASE t0.c0  WHEN t0.c0 THEN vt1.c0 WHEN vt1.c0 THEN '갮 ' WHEN vt1.c0 THEN vt1.c0 END))<((CASE WHEN t0.c0 THEN t0.c0 END)))  NULLS LAST);
SELECT ALL * FROM vt1 WHERE ((+ (((vt1.c0) NOT BETWEEN ('''') AND (vt1.c0))))) ORDER BY '-904572847', (((NULL IN (vt1.c0))) NOT BETWEEN (0.8771015504295469) AND (CAST(vt1.c0 AS INTEGER))) ASC  NULLS LAST;
SELECT SUM(count) FROM (SELECT (((+ (((vt1.c0) NOT BETWEEN ('''') AND (vt1.c0))))) IS TRUE)  as count FROM vt1 ORDER BY '-904572847', (((NULL IN (vt1.c0))) NOT BETWEEN (0.8771015504295469) AND (CAST(vt1.c0 AS INTEGER))) ASC  NULLS LAST);
SELECT ALL COUNT(*) FROM t0 WHERE ((- (MAX(t0.c0, t0.c0, t0.c0, t0.c0, '''	', t0.c0))));
SELECT SUM(count) FROM (SELECT ALL (((- (MAX(t0.c0, t0.c0, t0.c0, t0.c0, '''	', t0.c0)))) IS TRUE)  as count FROM t0);
SELECT ALL * FROM vt1 WHERE (((vt1.c0 COLLATE BINARY)/(((vt1.c0)IS NOT(vt1.c0)))));
SELECT SUM(count) FROM (SELECT ((((vt1.c0 COLLATE BINARY)/(((vt1.c0)IS NOT(vt1.c0))))) IS TRUE)  as count FROM vt1);
SELECT ALL COUNT(*) FROM t0, vt1 WHERE (CASE ((vt1.c0)-(t0.c0))  WHEN ((((vt1.c0)OR(t0.c0)))OR(vt1.c0)) THEN ((t0.c0) IS TRUE) END);
SELECT SUM(count) FROM (SELECT ALL ((CASE ((vt1.c0)-(t0.c0))  WHEN ((((vt1.c0)OR(t0.c0)))OR(vt1.c0)) THEN ((t0.c0) IS TRUE) END) IS TRUE)  as count FROM t0, vt1);
SELECT ALL COUNT(*) FROM vt1 CROSS JOIN t0 ON UNLIKELY(((t0.c0) NOT BETWEEN (vt1.c0) AND (vt1.c0))) WHERE (t0.c0) ORDER BY TIME((t0.c0 IN ()), CAST(vt1.c0 AS REAL), CAST(t0.c0 AS REAL), vt1.c0 COLLATE RTRIM, (NOT (vt1.c0)), (+ (t0.c0)), vt1.c0), ((((vt1.c0) BETWEEN (t0.c0) AND (vt1.c0))) BETWEEN (COALESCE(t0.c0, t0.c0, vt1.c0, NULL)) AND (CASE vt1.c0  WHEN x'' THEN vt1.c0 END)) ASC;
SELECT SUM(count) FROM (SELECT ((t0.c0) IS TRUE)  as count FROM vt1 CROSS JOIN t0 ON UNLIKELY(((t0.c0) NOT BETWEEN (vt1.c0) AND (vt1.c0))) ORDER BY TIME((t0.c0 IN ()), CAST(vt1.c0 AS REAL), CAST(t0.c0 AS REAL), vt1.c0 COLLATE RTRIM, (NOT (vt1.c0)), (+ (t0.c0)), vt1.c0), ((((vt1.c0) BETWEEN (t0.c0) AND (vt1.c0))) BETWEEN (COALESCE(t0.c0, t0.c0, vt1.c0, NULL)) AND (CASE vt1.c0  WHEN x'' THEN vt1.c0 END)) ASC);
SELECT ALL COUNT(*) FROM t0 WHERE ((((0.7478086019749097))==((((t0.c0)<>(t0.c0))))));
SELECT SUM(count) FROM (SELECT (((((0.7478086019749097))==((((t0.c0)!=(t0.c0)))))) IS TRUE)  as count FROM t0);
SELECT COUNT(*) FROM vt1, t0 WHERE (TYPEOF(NULL));
SELECT SUM(count) FROM (SELECT ALL ((TYPEOF(NULL)) IS TRUE)  as count FROM vt1, t0);
SELECT ALL * FROM t0 WHERE (((((t0.c0)<(t0.c0)))>=((t0.c0 IN ()))));
SELECT SUM(count) FROM (SELECT ALL ((((((t0.c0)<(t0.c0)))>=((t0.c0 IN ())))) IS TRUE)  as count FROM t0);
SELECT COUNT(*) FROM t0 WHERE (((t0.c0) NOT NULL) COLLATE RTRIM COLLATE NOCASE) ORDER BY ((t0.c0) NOT BETWEEN (CAST(t0.c0 AS REAL)) AND (CAST(t0.c0 AS NUMERIC))) DESC  NULLS FIRST;
SELECT SUM(count) FROM (SELECT ((((t0.c0) NOT NULL) COLLATE RTRIM COLLATE NOCASE) IS TRUE)  as count FROM t0 ORDER BY ((t0.c0) NOT BETWEEN (CAST(t0.c0 AS REAL)) AND (CAST(t0.c0 AS NUMERIC))) DESC  NULLS FIRST);
SELECT ALL * FROM vt1 NATURAL JOIN t0 WHERE (((t0.c0)AND((t0.c0 IN ()))));
SELECT SUM(count) FROM (SELECT ((((t0.c0)AND((t0.c0 IN ())))) IS TRUE)  as count FROM vt1 NATURAL JOIN t0);
SELECT ALL COUNT(*) FROM vt1, t0 WHERE (x'cb2e');
SELECT SUM(count) FROM (SELECT ALL ((x'cb2e') IS TRUE)  as count FROM vt1, t0);
SELECT COUNT(*) FROM t0, vt1 WHERE (t0.c0 COLLATE NOCASE) ORDER BY ((((t0.c0)||(vt1.c0)))%(LIKELIHOOD(vt1.c0, 0.3332934693061411))) ASC  NULLS LAST, ((((vt1.c0 COLLATE BINARY)AND(((vt1.c0)>=(vt1.c0)))))OR(json_remove(-1264444239, vt1.c0))) DESC;
SELECT SUM(count) FROM (SELECT ((t0.c0 COLLATE NOCASE) IS TRUE)  as count FROM t0, vt1 ORDER BY ((((t0.c0)||(vt1.c0)))%(LIKELIHOOD(vt1.c0, 0.3332934693061411))) ASC  NULLS LAST, ((((vt1.c0 COLLATE BINARY)AND(((vt1.c0)>=(vt1.c0)))))OR(json_remove(-1264444239, vt1.c0))) DESC);
SELECT * FROM t0 WHERE ((+ (((t0.c0)>=(t0.c0)))));
SELECT SUM(count) FROM (SELECT ALL (((+ (((t0.c0)>=(t0.c0))))) IS TRUE)  as count FROM t0);
SELECT ALL * FROM t0, vt1 WHERE (((((CASE 0.8314168363293949  WHEN t0.c0 THEN t0.c0 ELSE t0.c0 END)OR(((vt1.c0) IS TRUE))))OR((- (t0.c0)))));
SELECT SUM(count) FROM (SELECT ALL ((((((CASE 0.8314168363293949  WHEN t0.c0 THEN t0.c0 ELSE t0.c0 END)OR(((vt1.c0) IS TRUE))))OR((- (t0.c0))))) IS TRUE)  as count FROM t0, vt1);
SELECT * FROM vt1 WHERE ((((vt1.c0, x'', vt1.c0, vt1.c0, vt1.c0)) BETWEEN ((LIKELIHOOD(vt1.c0, 0.6716533739571994), CAST(vt1.c0 AS NUMERIC), vt1.c0, (~ (vt1.c0)), vt1.c0)) AND (((((vt1.c0, vt1.c0, vt1.c0)) BETWEEN ((vt1.c0, vt1.c0, vt1.c0)) AND ((vt1.c0, vt1.c0, vt1.c0))), ((((vt1.c0)OR(vt1.c0)))OR(vt1.c0)), vt1.c0, ROUND(vt1.c0, vt1.c0), ((((vt1.c0)OR(vt1.c0)))AND(vt1.c0)))))) ORDER BY CAST(vt1.c0 AS NUMERIC);
SELECT SUM(count) FROM (SELECT ALL (((((vt1.c0, x'', vt1.c0, vt1.c0, vt1.c0)) BETWEEN ((LIKELIHOOD(vt1.c0, 0.6716533739571994), CAST(vt1.c0 AS NUMERIC), vt1.c0, (~ (vt1.c0)), vt1.c0)) AND (((((vt1.c0, vt1.c0, vt1.c0)) BETWEEN ((vt1.c0, vt1.c0, vt1.c0)) AND ((vt1.c0, vt1.c0, vt1.c0))), ((((vt1.c0)OR(vt1.c0)))OR(vt1.c0)), vt1.c0, ROUND(vt1.c0, vt1.c0), ((((vt1.c0)OR(vt1.c0)))AND(vt1.c0)))))) IS TRUE)  as count FROM vt1 ORDER BY CAST(vt1.c0 AS NUMERIC));
SELECT COUNT(*) FROM t0 WHERE ((+ (((t0.c0)%(t0.c0)))));
SELECT SUM(count) FROM (SELECT (((+ (((t0.c0)%(t0.c0))))) IS TRUE)  as count FROM t0);
SELECT ALL COUNT(*) FROM vt1, t0 WHERE (CAST(vt1.c0 COLLATE RTRIM AS INTEGER)) ORDER BY ((((t0.c0)||(''))) IS FALSE);
SELECT SUM(count) FROM (SELECT ((CAST(vt1.c0 COLLATE RTRIM AS INTEGER)) IS TRUE)  as count FROM vt1, t0 ORDER BY ((((t0.c0)||(''))) IS FALSE));
SELECT ALL COUNT(*) FROM t0, vt1 WHERE (((((vt1.c0) IS TRUE))=(CASE WHEN vt1.c0 THEN 'qS' WHEN vt1.c0 THEN t0.c0 WHEN t0.c0 THEN vt1.c0 ELSE vt1.c0 END)));
SELECT SUM(count) FROM (SELECT ((((((vt1.c0) IS TRUE))==(CASE WHEN vt1.c0 THEN 'qS' WHEN vt1.c0 THEN t0.c0 WHEN t0.c0 THEN vt1.c0 ELSE vt1.c0 END))) IS TRUE)  as count FROM t0, vt1);
SELECT * FROM t0 WHERE ((((t0.c0, t0.c0, t0.c0, t0.c0, t0.c0)) BETWEEN ((t0.c0, t0.c0, t0.c0, t0.c0, t0.c0)) AND ((t0.c0, t0.c0, t0.c0, t0.c0, '2033113949'))) COLLATE RTRIM COLLATE BINARY) ORDER BY ((0.659485527290205)+(0Xffffffffc1e9dd80));
SELECT SUM(count) FROM (SELECT ALL (((((t0.c0, t0.c0, t0.c0, t0.c0, t0.c0)) BETWEEN ((t0.c0, t0.c0, t0.c0, t0.c0, t0.c0)) AND ((t0.c0, t0.c0, t0.c0, t0.c0, '2033113949'))) COLLATE RTRIM COLLATE BINARY) IS TRUE)  as count FROM t0 ORDER BY ((0.659485527290205)+(0xffffffffc1e9dd80)));
SELECT COUNT(*) FROM vt1, t0 WHERE (json(vt1.c0) COLLATE NOCASE) ORDER BY ((((t0.c0) NOT BETWEEN (t0.c0) AND (t0.c0)))GLOB(((t0.c0)OR(vt1.c0)))) ASC, t0.c0  NULLS LAST;
SELECT SUM(count) FROM (SELECT ((json(vt1.c0) COLLATE NOCASE) IS TRUE)  as count FROM vt1, t0 ORDER BY ((((t0.c0) NOT BETWEEN (t0.c0) AND (t0.c0)))GLOB(((t0.c0)OR(vt1.c0)))) ASC, t0.c0  NULLS LAST);
SELECT COUNT(*) FROM t0, vt1 WHERE (t0.c0);
SELECT SUM(count) FROM (SELECT ALL ((t0.c0) IS TRUE)  as count FROM t0, vt1);
SELECT ALL COUNT(*) FROM vt1 FULL OUTER JOIN t0 ON ((((t0.c0)<(t0.c0)))-(CASE '0.31344896601164296'  WHEN t0.c0 THEN vt1.c0 ELSE t0.c0 END)) WHERE (CAST(((0.6625862479713573)OR(vt1.c0)) AS NUMERIC));
SELECT SUM(count) FROM (SELECT ((CAST(((0.6625862479713573)OR(vt1.c0)) AS NUMERIC)) IS TRUE)  as count FROM vt1 FULL OUTER JOIN t0 ON ((((t0.c0)<(t0.c0)))-(CASE '0.31344896601164296'  WHEN t0.c0 THEN vt1.c0 ELSE t0.c0 END)));
SELECT COUNT(*) FROM t0, vt1 WHERE (((((vt1.c0) IS FALSE))/((('G\ncdU쑙') NOT BETWEEN (t0.c0) AND (vt1.c0))))) ORDER BY ((((t0.c0)AND(vt1.c0)))AND(vt1.c0)) COLLATE BINARY  NULLS LAST;
SELECT SUM(count) FROM (SELECT ((((((vt1.c0) IS FALSE))/((('G\ncdU쑙') NOT BETWEEN (t0.c0) AND (vt1.c0))))) IS TRUE)  as count FROM t0, vt1 ORDER BY ((((t0.c0)AND(vt1.c0)))AND(vt1.c0)) COLLATE BINARY  NULLS LAST);
SELECT ALL COUNT(*) FROM t0 WHERE ((((t0.c0) BETWEEN (t0.c0) AND (t0.c0)) IN ()));
SELECT SUM(count) FROM (SELECT (((((t0.c0) BETWEEN (t0.c0) AND (t0.c0)) IN ())) IS TRUE)  as count FROM t0);
SELECT * FROM vt1, t0 WHERE ((('-1772395552') ISNULL));
SELECT SUM(count) FROM (SELECT ALL (((('-1772395552') ISNULL)) IS TRUE)  as count FROM vt1, t0);
SELECT ALL * FROM t0, vt1 WHERE (LTRIM((t0.c0 IN (vt1.c0))));
SELECT SUM(count) FROM (SELECT ((LTRIM((t0.c0 IN (vt1.c0)))) IS TRUE)  as count FROM t0, vt1);
SELECT * FROM t0, vt1 WHERE ((~ (vt1.c0)) COLLATE RTRIM);
SELECT SUM(count) FROM (SELECT (((~ (vt1.c0)) COLLATE RTRIM) IS TRUE)  as count FROM t0 NOT INDEXED, vt1);
SELECT ALL COUNT(*) FROM vt1, t0 WHERE (((((((((((t0.c0) NOTNULL))AND((((t0.c0)) BETWEEN ((t0.c0)) AND ((vt1.c0))))))AND(((t0.c0) BETWEEN (t0.c0) AND (t0.c0)))))OR(((vt1.c0)>>(t0.c0)))))AND(((vt1.c0)|(t0.c0)))));
SELECT SUM(count) FROM (SELECT ((((((((((((t0.c0) NOTNULL))AND((((t0.c0)) BETWEEN ((t0.c0)) AND ((vt1.c0))))))AND(((t0.c0) BETWEEN (t0.c0) AND (t0.c0)))))OR(((vt1.c0)>>(t0.c0)))))AND(((vt1.c0)|(t0.c0))))) IS TRUE)  as count FROM vt1, t0);
SELECT ALL * FROM t0 INNER JOIN vt1 ON 0.5054306825512319 WHERE (((0.9706881618877015)IS NOT(((((t0.c0)OR(t0.c0)))OR(t0.c0)))));
SELECT SUM(count) FROM (SELECT ALL ((((0.9706881618877015)IS NOT(((((t0.c0)OR(t0.c0)))OR(t0.c0))))) IS TRUE)  as count FROM t0 INNER JOIN vt1 ON 0.5054306825512319);
SELECT ALL * FROM vt1, t0 WHERE (CASE (- (t0.c0))  WHEN (((0.31998641541200823)) BETWEEN ((vt1.c0)) AND ((t0.c0))) THEN ((t0.c0)<=(vt1.c0)) END) ORDER BY ((((t0.c0) BETWEEN ('119777669') AND (t0.c0)))LIKE(0.768017355748515))  NULLS FIRST;
SELECT SUM(count) FROM (SELECT ((CASE (- (t0.c0))  WHEN (((0.31998641541200823)) BETWEEN ((vt1.c0)) AND ((t0.c0))) THEN ((t0.c0)<=(vt1.c0)) END) IS TRUE)  as count FROM vt1, t0 ORDER BY ((((t0.c0) BETWEEN ('119777669') AND (t0.c0)))LIKE(0.768017355748515))  NULLS FIRST);
SELECT COUNT(*) FROM t0, vt1 WHERE (t0.c0) ORDER BY ((((vt1.c0)<(t0.c0)))LIKE(((((vt1.c0)AND(t0.c0)))AND(t0.c0)))) ASC, ((((CAST(t0.c0 AS BLOB))AND(CAST(t0.c0 AS INTEGER))))AND(((((vt1.c0)OR(vt1.c0)))AND(vt1.c0))))  NULLS FIRST, ((((vt1.c0) NOT BETWEEN (vt1.c0) AND (vt1.c0)))>=(((vt1.c0) BETWEEN (t0.c0) AND (vt1.c0)))) DESC;
SELECT SUM(count) FROM (SELECT ALL ((t0.c0) IS TRUE)  as count FROM t0, vt1 ORDER BY ((((vt1.c0)<(t0.c0)))LIKE(((((vt1.c0)AND(t0.c0)))AND(t0.c0)))) ASC, ((((CAST(t0.c0 AS BLOB))AND(CAST(t0.c0 AS INTEGER))))AND(((((vt1.c0)OR(vt1.c0)))AND(vt1.c0))))  NULLS FIRST, ((((vt1.c0) NOT BETWEEN (vt1.c0) AND (vt1.c0)))>=(((vt1.c0) BETWEEN (t0.c0) AND (vt1.c0)))) DESC);
SELECT COUNT(*) FROM vt1, t0 WHERE ((((~ (t0.c0))) NOT BETWEEN ((((('5788449')OR(t0.c0)))AND(vt1.c0))) AND (t0.c0 COLLATE BINARY))) ORDER BY ((CASE vt1.c0  WHEN vt1.c0 THEN t0.c0 WHEN vt1.c0 THEN t0.c0 WHEN vt1.c0 THEN vt1.c0 END) IS FALSE) ASC  NULLS LAST;
SELECT SUM(count) FROM (SELECT (((((~ (t0.c0))) NOT BETWEEN ((((('5788449')OR(t0.c0)))AND(vt1.c0))) AND (t0.c0 COLLATE BINARY))) IS TRUE)  as count FROM vt1, t0 ORDER BY ((CASE vt1.c0  WHEN vt1.c0 THEN t0.c0 WHEN vt1.c0 THEN t0.c0 WHEN vt1.c0 THEN vt1.c0 END) IS FALSE) ASC  NULLS LAST);
SELECT * FROM t0, vt1 WHERE (((t0.c0)||(t0.c0)) COLLATE BINARY);
SELECT SUM(count) FROM (SELECT ((((t0.c0)||(t0.c0)) COLLATE BINARY) IS TRUE)  as count FROM t0, vt1);
SELECT * FROM vt1 WHERE (IFNULL(vt1.c0 COLLATE NOCASE, (vt1.c0 IN ()))) ORDER BY (((((vt1.c0) BETWEEN (vt1.c0) AND (vt1.c0))))>=(((((vt1.c0))<((vt1.c0))))))  NULLS LAST;
SELECT SUM(count) FROM (SELECT ((IFNULL(vt1.c0 COLLATE NOCASE, (vt1.c0 IN ()))) IS TRUE)  as count FROM vt1 ORDER BY (((((vt1.c0) BETWEEN (vt1.c0) AND (vt1.c0))))>=(((((vt1.c0))<((vt1.c0))))))  NULLS LAST);
SELECT * FROM vt1 WHERE ((CAST(vt1.c0 AS TEXT) IN ()));
SELECT SUM(count) FROM (SELECT ALL (((CAST(vt1.c0 AS TEXT) IN ())) IS TRUE)  as count FROM vt1);
SELECT * FROM vt1, t0 WHERE (CAST(CAST(vt1.c0 AS NUMERIC) AS NUMERIC)) ORDER BY t0.c0;
SELECT SUM(count) FROM (SELECT ALL ((CAST(CAST(vt1.c0 AS NUMERIC) AS NUMERIC)) IS TRUE)  as count FROM vt1, t0 ORDER BY t0.c0);
SELECT * FROM vt1 WHERE ((((~ (vt1.c0))) NOT NULL)) ORDER BY ((vt1.c0)%(vt1.c0)) COLLATE BINARY DESC  NULLS FIRST, CAST((((('#K|t')AND(vt1.c0)))OR(vt1.c0)) AS NUMERIC)  NULLS LAST, (+ (vt1.c0 COLLATE NOCASE)) DESC;
SELECT SUM(count) FROM (SELECT ALL (((((~ (vt1.c0))) NOT NULL)) IS TRUE)  as count FROM vt1 ORDER BY ((vt1.c0)%(vt1.c0)) COLLATE BINARY DESC  NULLS FIRST, CAST((((('#K|t')AND(vt1.c0)))OR(vt1.c0)) AS NUMERIC)  NULLS LAST, (+ (vt1.c0 COLLATE NOCASE)) DESC);
SELECT ALL COUNT(*) FROM t0 WHERE (((((((((((t0.c0)>>(t0.c0)))AND(((t0.c0)<<(t0.c0)))))OR(((t0.c0) NOT NULL))))AND(((((t0.c0)OR(t0.c0)))OR(t0.c0)))))OR(((t0.c0) BETWEEN (t0.c0) AND (t0.c0)))));
SELECT SUM(count) FROM (SELECT ALL ((((((((((((t0.c0)>>(t0.c0)))AND(((t0.c0)<<(t0.c0)))))OR(((t0.c0) NOT NULL))))AND(((((t0.c0)OR(t0.c0)))OR(t0.c0)))))OR(((t0.c0) BETWEEN (t0.c0) AND (t0.c0))))) IS TRUE)  as count FROM t0);
SELECT ALL COUNT(*) FROM t0, vt1 WHERE (NULL) ORDER BY ((CASE WHEN t0.c0 THEN vt1.c0 ELSE vt1.c0 END)IS((((vt1.c0, t0.c0, vt1.c0, x'', vt1.c0)) BETWEEN ((vt1.c0, t0.c0, t0.c0, vt1.c0, vt1.c0)) AND ((vt1.c0, t0.c0, vt1.c0, t0.c0, vt1.c0)))))  NULLS FIRST, ROUND((((vt1.c0))>((vt1.c0))), CASE t0.c0  WHEN t0.c0 THEN vt1.c0 WHEN t0.c0 THEN t0.c0 WHEN t0.c0 THEN 0X681188dc END), HEX((t0.c0 IN (vt1.c0))) ASC  NULLS FIRST;
SELECT SUM(count) FROM (SELECT ALL ((NULL) IS TRUE)  as count FROM t0, vt1 ORDER BY ((CASE WHEN t0.c0 THEN vt1.c0 ELSE vt1.c0 END)IS((((vt1.c0, t0.c0, vt1.c0, x'', vt1.c0)) BETWEEN ((vt1.c0, t0.c0, t0.c0, vt1.c0, vt1.c0)) AND ((vt1.c0, t0.c0, vt1.c0, t0.c0, vt1.c0)))))  NULLS FIRST, ROUND((((vt1.c0))>((vt1.c0))), CASE t0.c0  WHEN t0.c0 THEN vt1.c0 WHEN t0.c0 THEN t0.c0 WHEN t0.c0 THEN 0x681188dc END), HEX((t0.c0 IN (vt1.c0))) ASC  NULLS FIRST);
SELECT ALL * FROM t0 WHERE (CASE (~ (t0.c0))  WHEN (('-1478941741') ISNULL) THEN (((t0.c0))>((t0.c0))) WHEN t0.c0 COLLATE BINARY THEN (t0.c0 IN (t0.c0)) WHEN ((NULL)>>(t0.c0)) THEN ((t0.c0) IS FALSE) WHEN x'd780' THEN x'' WHEN t0.c0 COLLATE BINARY THEN t0.c0 COLLATE RTRIM WHEN (t0.c0 IN ()) THEN t0.c0 COLLATE NOCASE WHEN ((t0.c0) BETWEEN (t0.c0) AND (t0.c0)) THEN ((t0.c0)<=(t0.c0)) ELSE (((t0.c0, t0.c0, t0.c0)) BETWEEN ((t0.c0, t0.c0, t0.c0)) AND ((t0.c0, t0.c0, t0.c0))) END) ORDER BY CAST(t0.c0 AS TEXT)  NULLS FIRST;
SELECT SUM(count) FROM (SELECT ALL ((CASE (~ (t0.c0))  WHEN (('-1478941741') ISNULL) THEN (((t0.c0))>((t0.c0))) WHEN t0.c0 COLLATE BINARY THEN (t0.c0 IN (t0.c0)) WHEN ((NULL)>>(t0.c0)) THEN ((t0.c0) IS FALSE) WHEN x'd780' THEN x'' WHEN t0.c0 COLLATE BINARY THEN t0.c0 COLLATE RTRIM WHEN (t0.c0 IN ()) THEN t0.c0 COLLATE NOCASE WHEN ((t0.c0) BETWEEN (t0.c0) AND (t0.c0)) THEN ((t0.c0)<=(t0.c0)) ELSE (((t0.c0, t0.c0, t0.c0)) BETWEEN ((t0.c0, t0.c0, t0.c0)) AND ((t0.c0, t0.c0, t0.c0))) END) IS TRUE)  as count FROM t0 ORDER BY CAST(t0.c0 AS TEXT)  NULLS FIRST);
SELECT * FROM vt1 WHERE (((('''ML' IN ())) BETWEEN ((vt1.c0 IN ())) AND (((vt1.c0)+(0.13490623731255136)))));
SELECT SUM(count) FROM (SELECT ALL ((((('''ML' IN ())) BETWEEN ((vt1.c0 IN ())) AND (((vt1.c0)+(0.13490623731255136))))) IS TRUE)  as count FROM vt1);
SELECT COUNT(*) FROM t0 WHERE (t0.c0);
SELECT SUM(count) FROM (SELECT ALL ((t0.c0) IS TRUE)  as count FROM t0);
SELECT ALL COUNT(*) FROM vt1 WHERE (CAST((- (vt1.c0)) AS BLOB));
SELECT SUM(count) FROM (SELECT ((CAST((- (vt1.c0)) AS BLOB)) IS TRUE)  as count FROM vt1);
SELECT ALL COUNT(*) FROM t0 WHERE (((((((((((t0.c0)>=(t0.c0)))AND(1176471894)))OR((t0.c0 IN (t0.c0)))))AND(((((t0.c0)OR(t0.c0)))OR(t0.c0)))))OR(((t0.c0)GLOB(t0.c0)))));
SELECT SUM(count) FROM (SELECT ((((((((((((t0.c0)>=(t0.c0)))AND(1176471894)))OR((t0.c0 IN (t0.c0)))))AND(((((t0.c0)OR(t0.c0)))OR(t0.c0)))))OR(((t0.c0)GLOB(t0.c0))))) IS TRUE)  as count FROM t0);
SELECT COUNT(*) FROM t0, vt1 WHERE ((((NULL)%(0.08436610893115148)) IN ()));
SELECT SUM(count) FROM (SELECT ALL (((((NULL)%(0.08436610893115148)) IN ())) IS TRUE)  as count FROM t0, vt1);
SELECT * FROM t0, vt1 WHERE (IFNULL(x'0d02', x''));
SELECT SUM(count) FROM (SELECT ALL ((IFNULL(x'0d02', x'')) IS TRUE)  as count FROM t0, vt1);
SELECT * FROM vt1 WHERE (((((vt1.c0 COLLATE RTRIM)OR(vt1.c0)))OR(vt1.c0 COLLATE BINARY)));
SELECT SUM(count) FROM (SELECT ((((((vt1.c0 COLLATE RTRIM)OR(vt1.c0)))OR(vt1.c0 COLLATE BINARY))) IS TRUE)  as count FROM vt1);
SELECT ALL COUNT(*) FROM vt1 WHERE (UNLIKELY((NOT (vt1.c0))));
SELECT SUM(count) FROM (SELECT ((UNLIKELY((NOT (vt1.c0)))) IS TRUE)  as count FROM vt1);
SELECT ALL * FROM vt1 WHERE (CAST(((vt1.c0) ISNULL) AS REAL)) ORDER BY vt1.c0 DESC;
SELECT SUM(count) FROM (SELECT ((CAST(((vt1.c0) ISNULL) AS REAL)) IS TRUE)  as count FROM vt1 ORDER BY vt1.c0 DESC);
SELECT ALL COUNT(*) FROM vt1 NATURAL JOIN t0 WHERE (t0.c0);
SELECT SUM(count) FROM (SELECT ALL ((t0.c0) IS TRUE)  as count FROM vt1 NATURAL JOIN t0);
SELECT ALL COUNT(*) FROM t0, vt1 INDEXED BY i82 WHERE (LOWER(DISTINCT t0.c0 COLLATE RTRIM));
SELECT SUM(count) FROM (SELECT ((LOWER(DISTINCT t0.c0 COLLATE RTRIM)) IS TRUE)  as count FROM t0, vt1 INDEXED BY i82);
SELECT ALL * FROM t0 NATURAL JOIN vt1 WHERE ((((((((((((((12821152 IN ()))OR(t0.c0 COLLATE NOCASE)))AND(((t0.c0)/(0.23632669837188325)))))AND(((vt1.c0)/(vt1.c0)))))AND(t0.c0)))OR(0.48473720866081926)))AND(vt1.c0))) ORDER BY (CASE NULL  WHEN vt1.c0 THEN vt1.c0 ELSE vt1.c0 END IN (CAST(vt1.c0 AS BLOB)))  NULLS LAST, ((((((((IFNULL(t0.c0, vt1.c0))AND(((vt1.c0)LIKE(vt1.c0)))))AND(((vt1.c0) IS FALSE))))AND(((vt1.c0)&(vt1.c0)))))OR(((vt1.c0)||(x'59e8')))) DESC;
SELECT SUM(count) FROM (SELECT (((((((((((((((12821152 IN ()))OR(t0.c0 COLLATE NOCASE)))AND(((t0.c0)/(0.23632669837188325)))))AND(((vt1.c0)/(vt1.c0)))))AND(t0.c0)))OR(0.48473720866081926)))AND(vt1.c0))) IS TRUE)  as count FROM t0 NATURAL JOIN vt1 ORDER BY (CASE NULL  WHEN vt1.c0 THEN vt1.c0 ELSE vt1.c0 END IN (CAST(vt1.c0 AS BLOB)))  NULLS LAST, ((((((((IFNULL(t0.c0, vt1.c0))AND(((vt1.c0)LIKE(vt1.c0)))))AND(((vt1.c0) IS FALSE))))AND(((vt1.c0)&(vt1.c0)))))OR(((vt1.c0)||(x'59e8')))) DESC);
SELECT ALL COUNT(*) FROM t0, vt1 WHERE (((vt1.c0)<=(t0.c0)) COLLATE NOCASE) ORDER BY ((((vt1.c0)%(t0.c0)))*(CAST(t0.c0 AS BLOB))), x'' ASC  NULLS LAST;
SELECT SUM(count) FROM (SELECT ALL ((((vt1.c0)<=(t0.c0)) COLLATE NOCASE) IS TRUE)  as count FROM t0, vt1 ORDER BY ((((vt1.c0)%(t0.c0)))*(CAST(t0.c0 AS BLOB))), x'' ASC  NULLS LAST);
SELECT ALL COUNT(*) FROM vt1, t0 WHERE ((((CASE WHEN t0.c0 THEN vt1.c0 END, CAST('LoM_JZ' AS TEXT), t0.c0))>=((vt1.c0, json(t0.c0), x'7013'))));
SELECT SUM(count) FROM (SELECT ALL (((((CASE WHEN t0.c0 THEN vt1.c0 END, CAST('LoM_JZ' AS TEXT), t0.c0))>=((vt1.c0, json(t0.c0), x'7013')))) IS TRUE)  as count FROM vt1, t0);
SELECT ALL * FROM vt1 WHERE (CAST(((vt1.c0)*(vt1.c0)) AS NUMERIC));
SELECT SUM(count) FROM (SELECT ((CAST(((vt1.c0)*(vt1.c0)) AS NUMERIC)) IS TRUE)  as count FROM vt1);
SELECT ALL * FROM t0 WHERE ((((t0.c0) NOT BETWEEN (t0.c0) AND (t0.c0)) IN (((((t0.c0)OR(0.7992402619826621)))AND(t0.c0))))) ORDER BY ((t0.c0) BETWEEN (((t0.c0) NOT BETWEEN (t0.c0) AND (t0.c0))) AND (CAST(t0.c0 AS INTEGER))) ASC;
SELECT SUM(count) FROM (SELECT (((((t0.c0) NOT BETWEEN (t0.c0) AND (t0.c0)) IN (((((t0.c0)OR(0.7992402619826621)))AND(t0.c0))))) IS TRUE)  as count FROM t0 ORDER BY ((t0.c0) BETWEEN (((t0.c0) NOT BETWEEN (t0.c0) AND (t0.c0))) AND (CAST(t0.c0 AS INTEGER))) ASC);
SELECT ALL * FROM vt1 WHERE (CAST(((vt1.c0)>=(vt1.c0)) AS REAL)) ORDER BY (((vt1.c0)) NOT BETWEEN (((((vt1.c0))<((vt1.c0))))) AND (('J쟁|夌'))), (((vt1.c0)<=(vt1.c0)) IN ()), (((vt1.c0)) NOT BETWEEN (((((vt1.c0))>=((vt1.c0))))) AND (((('-3569430')<(vt1.c0))))), CASE ((((vt1.c0)AND(vt1.c0)))OR(vt1.c0))  WHEN LOWER(DISTINCT vt1.c0) THEN ((vt1.c0)>>(0.19884969220292292)) END  NULLS LAST;
SELECT SUM(count) FROM (SELECT ALL ((CAST(((vt1.c0)>=(vt1.c0)) AS REAL)) IS TRUE)  as count FROM vt1 ORDER BY (((vt1.c0)) NOT BETWEEN (((((vt1.c0))<((vt1.c0))))) AND (('J쟁|夌'))), (((vt1.c0)<=(vt1.c0)) IN ()), (((vt1.c0)) NOT BETWEEN (((((vt1.c0))>=((vt1.c0))))) AND (((('-3569430')<(vt1.c0))))), CASE ((((vt1.c0)AND(vt1.c0)))OR(vt1.c0))  WHEN LOWER(DISTINCT vt1.c0) THEN ((vt1.c0)>>(0.19884969220292292)) END  NULLS LAST);
SELECT ALL COUNT(*) FROM vt1, t0 WHERE (((CAST(t0.c0 AS INTEGER)) NOT BETWEEN (CASE WHEN t0.c0 THEN t0.c0 END) AND (CAST(t0.c0 AS TEXT)))) ORDER BY (- (CAST(vt1.c0 AS BLOB))) ASC  NULLS FIRST;
SELECT SUM(count) FROM (SELECT ALL ((((CAST(t0.c0 AS INTEGER)) NOT BETWEEN (CASE WHEN t0.c0 THEN t0.c0 END) AND (CAST(t0.c0 AS TEXT)))) IS TRUE)  as count FROM vt1, t0 ORDER BY (- (CAST(vt1.c0 AS BLOB))) ASC  NULLS FIRST);
SELECT ALL * FROM t0 WHERE ((((t0.c0)) BETWEEN ((((t0.c0) BETWEEN (t0.c0) AND (t0.c0)))) AND (((t0.c0 IN ())))));
SELECT SUM(count) FROM (SELECT ALL (((((t0.c0)) BETWEEN ((((t0.c0) BETWEEN (t0.c0) AND (t0.c0)))) AND (((t0.c0 IN ()))))) IS TRUE)  as count FROM t0);
SELECT ALL COUNT(*) FROM t0 WHERE ((- ((t0.c0 IN ())))) ORDER BY ((('\C' IN ())) BETWEEN (((t0.c0)OR(t0.c0))) AND (((t0.c0)=(t0.c0)))) DESC;
SELECT SUM(count) FROM (SELECT (((- ((t0.c0 IN ())))) IS TRUE)  as count FROM t0 ORDER BY ((('\C' IN ())) BETWEEN (((t0.c0)OR(t0.c0))) AND (((t0.c0)=(t0.c0)))) DESC);
SELECT COUNT(*) FROM vt1 WHERE (vt1.c0);
SELECT SUM(count) FROM (SELECT ALL ((vt1.c0) IS TRUE)  as count FROM vt1);
SELECT ALL * FROM t0 NATURAL JOIN vt1 WHERE (t0.c0) ORDER BY ((((t0.c0) BETWEEN (NULL) AND (vt1.c0))) BETWEEN ('BD' COLLATE NOCASE) AND (((vt1.c0) BETWEEN (vt1.c0) AND (vt1.c0)))) DESC, ((((vt1.c0)-(vt1.c0))) BETWEEN (((t0.c0) NOT NULL)) AND (vt1.c0))  NULLS LAST, ((((vt1.c0) BETWEEN (vt1.c0) AND (t0.c0))) NOT BETWEEN (vt1.c0) AND (CASE WHEN 0.6289272241813046 THEN vt1.c0 ELSE t0.c0 END)) ASC  NULLS LAST;
SELECT SUM(count) FROM (SELECT ALL ((t0.c0) IS TRUE)  as count FROM t0 NATURAL JOIN vt1 ORDER BY ((((t0.c0) BETWEEN (NULL) AND (vt1.c0))) BETWEEN ('BD' COLLATE NOCASE) AND (((vt1.c0) BETWEEN (vt1.c0) AND (vt1.c0)))) DESC, ((((vt1.c0)-(vt1.c0))) BETWEEN (((t0.c0) NOT NULL)) AND (vt1.c0))  NULLS LAST, ((((vt1.c0) BETWEEN (vt1.c0) AND (t0.c0))) NOT BETWEEN (vt1.c0) AND (CASE WHEN 0.6289272241813046 THEN vt1.c0 ELSE t0.c0 END)) ASC  NULLS LAST);
SELECT ALL COUNT(*) FROM t0 WHERE (CAST(CAST(t0.c0 AS REAL) AS REAL));
SELECT SUM(count) FROM (SELECT ALL ((CAST(CAST(t0.c0 AS REAL) AS REAL)) IS TRUE)  as count FROM t0);
SELECT ALL * FROM vt1 WHERE (((vt1.c0) NOT BETWEEN ((((vt1.c0, vt1.c0, vt1.c0)) NOT BETWEEN ((vt1.c0, x'e460', vt1.c0)) AND ((vt1.c0, vt1.c0, vt1.c0)))) AND (vt1.c0 COLLATE BINARY)));
SELECT SUM(count) FROM (SELECT ((((vt1.c0) NOT BETWEEN ((((vt1.c0, vt1.c0, vt1.c0)) NOT BETWEEN ((vt1.c0, x'e460', vt1.c0)) AND ((vt1.c0, vt1.c0, vt1.c0)))) AND (vt1.c0 COLLATE BINARY))) IS TRUE)  as count FROM vt1);
SELECT ALL COUNT(*) FROM t0, vt1 WHERE (COALESCE(vt1.c0, vt1.c0) COLLATE NOCASE);
SELECT SUM(count) FROM (SELECT ALL ((COALESCE(vt1.c0, vt1.c0) COLLATE NOCASE) IS TRUE)  as count FROM t0, vt1);
SELECT ALL COUNT(*) FROM t0 WHERE ((~ ((+ (t0.c0))))) ORDER BY (((NOT (t0.c0))) NOTNULL)  NULLS FIRST;
SELECT SUM(count) FROM (SELECT (((~ ((+ (t0.c0))))) IS TRUE)  as count FROM t0 ORDER BY (((NOT (t0.c0))) NOTNULL)  NULLS FIRST);
SELECT ALL COUNT(*) FROM t0 WHERE (((t0.c0 COLLATE NOCASE) IS TRUE)) ORDER BY t0.c0 COLLATE BINARY  NULLS FIRST, t0.c0 DESC  NULLS LAST, CAST(((NULL) NOT NULL) AS NUMERIC);
SELECT SUM(count) FROM (SELECT ALL ((((t0.c0 COLLATE NOCASE) IS TRUE)) IS TRUE)  as count FROM t0 ORDER BY t0.c0 COLLATE BINARY  NULLS FIRST, t0.c0 DESC  NULLS LAST, CAST(((NULL) NOT NULL) AS NUMERIC));
SELECT ALL COUNT(*) FROM t0 WHERE (CASE WHEN ((((((((((((t0.c0)AND(t0.c0)))OR(0.27978261890469025)))OR(0x3a1068a1)))OR(t0.c0)))AND(t0.c0)))AND(t0.c0)) THEN (~ (t0.c0)) ELSE TRIM(t0.c0) END);
SELECT SUM(count) FROM (SELECT ALL ((CASE WHEN ((((((((((((t0.c0)AND(t0.c0)))OR(0.27978261890469025)))OR(0x3a1068a1)))OR(t0.c0)))AND(t0.c0)))AND(t0.c0)) THEN (~ (t0.c0)) ELSE TRIM(t0.c0) END) IS TRUE)  as count FROM t0);
SELECT COUNT(*) FROM vt1 FULL OUTER JOIN t0 ON ((((NULL IN ())))<((((t0.c0) BETWEEN (t0.c0) AND (vt1.c0))))) WHERE (((0.12865906159411533)LIKE(((t0.c0) NOT BETWEEN (t0.c0) AND (NULL)))));
SELECT SUM(count) FROM (SELECT ((((0.12865906159411533)LIKE(((t0.c0) NOT BETWEEN (t0.c0) AND (NULL))))) IS TRUE)  as count FROM vt1 FULL OUTER JOIN t0 ON ((((NULL IN ())))<((((t0.c0) BETWEEN (t0.c0) AND (vt1.c0))))));
SELECT * FROM t0 WHERE (CAST((((t0.c0, t0.c0, t0.c0, t0.c0, t0.c0, t0.c0, t0.c0)) NOT BETWEEN ((t0.c0, 0.03003876016740281, t0.c0, t0.c0, t0.c0, NULL, t0.c0)) AND ((t0.c0, t0.c0, x'', t0.c0, t0.c0, t0.c0, t0.c0))) AS NUMERIC)) ORDER BY (((((t0.c0, t0.c0, t0.c0)) BETWEEN ((x'7b1e637f', t0.c0, t0.c0)) AND (('?o^i', t0.c0, t0.c0))))+(((t0.c0) IS TRUE))) DESC  NULLS LAST;
SELECT SUM(count) FROM (SELECT ALL ((CAST((((t0.c0, t0.c0, t0.c0, t0.c0, t0.c0, t0.c0, t0.c0)) NOT BETWEEN ((t0.c0, 0.03003876016740281, t0.c0, t0.c0, t0.c0, NULL, t0.c0)) AND ((t0.c0, t0.c0, x'', t0.c0, t0.c0, t0.c0, t0.c0))) AS NUMERIC)) IS TRUE)  as count FROM t0 ORDER BY (((((t0.c0, t0.c0, t0.c0)) BETWEEN ((x'7b1e637f', t0.c0, t0.c0)) AND (('?o^i', t0.c0, t0.c0))))+(((t0.c0) IS TRUE))) DESC  NULLS LAST);
SELECT ALL * FROM vt1, t0 WHERE (TRIM(DISTINCT t0.c0 COLLATE RTRIM, ((t0.c0) NOT NULL))) ORDER BY NULL  NULLS FIRST;
SELECT SUM(count) FROM (SELECT ((TRIM(DISTINCT t0.c0 COLLATE RTRIM, ((t0.c0) NOT NULL))) IS TRUE)  as count FROM vt1, t0 ORDER BY NULL  NULLS FIRST);
SELECT * FROM t0 FULL OUTER JOIN vt1 ON (CASE WHEN vt1.c0 THEN vt1.c0 WHEN vt1.c0 THEN t0.c0 WHEN t0.c0 THEN t0.c0 ELSE vt1.c0 END IN ()) WHERE (((((t0.c0) BETWEEN (vt1.c0) AND (t0.c0))) IS FALSE));
SELECT SUM(count) FROM (SELECT ((((((t0.c0) BETWEEN (vt1.c0) AND (t0.c0))) IS FALSE)) IS TRUE)  as count FROM t0 FULL OUTER JOIN vt1 ON (CASE WHEN vt1.c0 THEN vt1.c0 WHEN vt1.c0 THEN t0.c0 WHEN t0.c0 THEN t0.c0 ELSE vt1.c0 END IN ()));
SELECT COUNT(*) FROM vt1 WHERE (vt1.c0);
SELECT SUM(count) FROM (SELECT ((vt1.c0) IS TRUE)  as count FROM vt1);
SELECT ALL COUNT(*) FROM t0 CROSS JOIN vt1 ON ((NULL)||(t0.c0)) COLLATE BINARY COLLATE RTRIM WHERE (0.4729721494111623);
SELECT SUM(count) FROM (SELECT ALL ((0.4729721494111623) IS TRUE)  as count FROM t0 CROSS JOIN vt1 ON ((NULL)||(t0.c0)) COLLATE BINARY COLLATE RTRIM);
SELECT COUNT(*) FROM vt1 WHERE (((vt1.c0)+(vt1.c0)) COLLATE NOCASE) ORDER BY vt1.c0;
SELECT SUM(count) FROM (SELECT ((((vt1.c0)+(vt1.c0)) COLLATE NOCASE) IS TRUE)  as count FROM vt1 ORDER BY vt1.c0);
SELECT COUNT(*) FROM t0 WHERE (t0.c0) ORDER BY TYPEOF((('') IS FALSE));
SELECT SUM(count) FROM (SELECT ((t0.c0) IS TRUE)  as count FROM t0 ORDER BY TYPEOF((('') IS FALSE)));
SELECT * FROM t0 WHERE (t0.c0) ORDER BY CASE WHEN CASE WHEN 171969579 THEN t0.c0 END THEN (((t0.c0)) BETWEEN ((t0.c0)) AND ((t0.c0))) WHEN IFNULL(t0.c0, t0.c0) THEN ((1807443015) NOT BETWEEN (t0.c0) AND (t0.c0)) WHEN CASE WHEN t0.c0 THEN t0.c0 END THEN t0.c0 ELSE json_array_length(t0.c0) END;
SELECT SUM(count) FROM (SELECT ((t0.c0) IS TRUE)  as count FROM t0 ORDER BY CASE WHEN CASE WHEN 171969579 THEN t0.c0 END THEN (((t0.c0)) BETWEEN ((t0.c0)) AND ((t0.c0))) WHEN IFNULL(t0.c0, t0.c0) THEN ((1807443015) NOT BETWEEN (t0.c0) AND (t0.c0)) WHEN CASE WHEN t0.c0 THEN t0.c0 END THEN t0.c0 ELSE json_array_length(t0.c0) END);
SELECT ALL COUNT(*) FROM vt1, t0 WHERE ((((((NULL)%(t0.c0))))!=((((vt1.c0) NOT BETWEEN (t0.c0) AND (vt1.c0))))));
SELECT SUM(count) FROM (SELECT (((((((NULL)%(t0.c0))))<>((((vt1.c0) NOT BETWEEN (t0.c0) AND (vt1.c0)))))) IS TRUE)  as count FROM vt1, t0);
SELECT COUNT(*) FROM t0, vt1 WHERE ((((NULL)) NOT BETWEEN (((vt1.c0 IN ()))) AND (('1988475430'))));
SELECT SUM(count) FROM (SELECT (((((NULL)) NOT BETWEEN (((vt1.c0 IN ()))) AND (('1988475430')))) IS TRUE)  as count FROM t0, vt1);
SELECT COUNT(*) FROM vt1, t0 WHERE (((((vt1.c0) BETWEEN (vt1.c0) AND (vt1.c0)))<(((((t0.c0)AND(vt1.c0)))OR(vt1.c0))))) ORDER BY (((((t0.c0 IN ()))AND(CASE t0.c0  WHEN t0.c0 THEN vt1.c0 WHEN t0.c0 THEN vt1.c0 WHEN t0.c0 THEN vt1.c0 ELSE vt1.c0 END)))AND(CASE t0.c0  WHEN -7.22914074E8 THEN vt1.c0 END))  NULLS FIRST;
SELECT SUM(count) FROM (SELECT ALL ((((((vt1.c0) BETWEEN (vt1.c0) AND (vt1.c0)))<(((((t0.c0)AND(vt1.c0)))OR(vt1.c0))))) IS TRUE)  as count FROM vt1, t0 ORDER BY (((((t0.c0 IN ()))AND(CASE t0.c0  WHEN t0.c0 THEN vt1.c0 WHEN t0.c0 THEN vt1.c0 WHEN t0.c0 THEN vt1.c0 ELSE vt1.c0 END)))AND(CASE t0.c0  WHEN -7.22914074E8 THEN vt1.c0 END))  NULLS FIRST);
SELECT * FROM vt1 WHERE (NULL);
SELECT SUM(count) FROM (SELECT ((NULL) IS TRUE)  as count FROM vt1);
SELECT COUNT(*) FROM t0 WHERE ((((t0.c0 IN (t0.c0, 0.5454099473412941)))-(t0.c0 COLLATE NOCASE))) ORDER BY (~ (CASE t0.c0  WHEN x'337c' THEN t0.c0 WHEN t0.c0 THEN t0.c0 WHEN t0.c0 THEN t0.c0 END));
SELECT SUM(count) FROM (SELECT ALL (((((t0.c0 IN (t0.c0, 0.5454099473412941)))-(t0.c0 COLLATE NOCASE))) IS TRUE)  as count FROM t0 ORDER BY (~ (CASE t0.c0  WHEN x'337c' THEN t0.c0 WHEN t0.c0 THEN t0.c0 WHEN t0.c0 THEN t0.c0 END)));
SELECT ALL * FROM t0, vt1 WHERE (t0.c0) ORDER BY ((((t0.c0) NOT NULL))&((x'' IN ())))  NULLS LAST, ((((((vt1.c0)OR(t0.c0)))AND(vt1.c0))) NOT BETWEEN (((vt1.c0) NOT NULL)) AND (CAST(vt1.c0 AS REAL)))  NULLS LAST;
SELECT SUM(count) FROM (SELECT ALL ((t0.c0) IS TRUE)  as count FROM t0, vt1 ORDER BY ((((t0.c0) NOT NULL))&((x'' IN ())))  NULLS LAST, ((((((vt1.c0)OR(t0.c0)))AND(vt1.c0))) NOT BETWEEN (((vt1.c0) NOT NULL)) AND (CAST(vt1.c0 AS REAL)))  NULLS LAST);
SELECT ALL COUNT(*) FROM t0 WHERE (((CASE t0.c0  WHEN x'' THEN t0.c0 WHEN t0.c0 THEN t0.c0 WHEN t0.c0 THEN t0.c0 ELSE t0.c0 END)<>(TRIM(DISTINCT t0.c0, t0.c0)))) ORDER BY CASE WHEN TYPEOF(t0.c0) THEN CASE WHEN t0.c0 THEN t0.c0 WHEN t0.c0 THEN t0.c0 WHEN t0.c0 THEN t0.c0 WHEN t0.c0 THEN t0.c0 WHEN t0.c0 THEN t0.c0 ELSE t0.c0 END WHEN (((t0.c0))==((t0.c0))) THEN ((t0.c0)||(t0.c0)) WHEN t0.c0 THEN (((t0.c0)) NOT BETWEEN ((t0.c0)) AND ((t0.c0))) END DESC  NULLS LAST;
SELECT SUM(count) FROM (SELECT ALL ((((CASE t0.c0  WHEN x'' THEN t0.c0 WHEN t0.c0 THEN t0.c0 WHEN t0.c0 THEN t0.c0 ELSE t0.c0 END)!=(TRIM(DISTINCT t0.c0, t0.c0)))) IS TRUE)  as count FROM t0 ORDER BY CASE WHEN TYPEOF(t0.c0) THEN CASE WHEN t0.c0 THEN t0.c0 WHEN t0.c0 THEN t0.c0 WHEN t0.c0 THEN t0.c0 WHEN t0.c0 THEN t0.c0 WHEN t0.c0 THEN t0.c0 ELSE t0.c0 END WHEN (((t0.c0))=((t0.c0))) THEN ((t0.c0)||(t0.c0)) WHEN t0.c0 THEN (((t0.c0)) NOT BETWEEN ((t0.c0)) AND ((t0.c0))) END DESC  NULLS LAST);
SELECT * FROM t0, vt1 WHERE (TYPEOF(((vt1.c0) BETWEEN (t0.c0) AND (t0.c0))));
SELECT SUM(count) FROM (SELECT ALL ((TYPEOF(((vt1.c0) BETWEEN (t0.c0) AND (t0.c0)))) IS TRUE)  as count FROM t0, vt1);
SELECT COUNT(*) FROM t0 WHERE (((((t0.c0) NOT BETWEEN (t0.c0) AND (t0.c0)))>=(NULL)));
SELECT SUM(count) FROM (SELECT ((((((t0.c0) NOT BETWEEN (t0.c0) AND (t0.c0)))>=(NULL))) IS TRUE)  as count FROM t0);
SELECT ALL * FROM t0 INNER JOIN vt1 ON LIKELIHOOD(vt1.c0, 0.4535189844603954) COLLATE NOCASE WHERE ((((t0.c0) BETWEEN (t0.c0) AND (t0.c0)) IN ()));
SELECT SUM(count) FROM (SELECT (((((t0.c0) BETWEEN (t0.c0) AND (t0.c0)) IN ())) IS TRUE)  as count FROM t0 INNER JOIN vt1 ON LIKELIHOOD(vt1.c0, 0.4535189844603954) COLLATE NOCASE);
SELECT COUNT(*) FROM vt1 FULL OUTER JOIN t0 ON ((((((t0.c0)AND(t0.c0)))OR(vt1.c0)))>((t0.c0 IN ()))) WHERE (((((vt1.c0)&(t0.c0))) BETWEEN (vt1.c0 COLLATE BINARY) AND (((vt1.c0)/(vt1.c0))))) ORDER BY ((((((vt1.c0) BETWEEN (vt1.c0) AND (vt1.c0)))AND(vt1.c0 COLLATE RTRIM)))AND(t0.c0 COLLATE RTRIM)) ASC  NULLS FIRST;
SELECT SUM(count) FROM (SELECT ((((((vt1.c0)&(t0.c0))) BETWEEN (vt1.c0 COLLATE BINARY) AND (((vt1.c0)/(vt1.c0))))) IS TRUE)  as count FROM vt1 FULL OUTER JOIN t0 ON ((((((t0.c0)AND(t0.c0)))OR(vt1.c0)))>((t0.c0 IN ()))) ORDER BY ((((((vt1.c0) BETWEEN (vt1.c0) AND (vt1.c0)))AND(vt1.c0 COLLATE RTRIM)))AND(t0.c0 COLLATE RTRIM)) ASC  NULLS FIRST);
SELECT COUNT(*) FROM vt1 WHERE ((((vt1.c0 IN ()))/(CASE WHEN vt1.c0 THEN vt1.c0 WHEN vt1.c0 THEN vt1.c0 WHEN vt1.c0 THEN 1071645868 END))) ORDER BY (- (((vt1.c0) IS FALSE))), (((vt1.c0, vt1.c0, vt1.c0)) BETWEEN ((vt1.c0, vt1.c0, vt1.c0)) AND ((NULL, vt1.c0, 0.6199332468768814))) COLLATE RTRIM  NULLS LAST;
SELECT SUM(count) FROM (SELECT ALL (((((vt1.c0 IN ()))/(CASE WHEN vt1.c0 THEN vt1.c0 WHEN vt1.c0 THEN vt1.c0 WHEN vt1.c0 THEN 1071645868 END))) IS TRUE)  as count FROM vt1 ORDER BY (- (((vt1.c0) IS FALSE))), (((vt1.c0, vt1.c0, vt1.c0)) BETWEEN ((vt1.c0, vt1.c0, vt1.c0)) AND ((NULL, vt1.c0, 0.6199332468768814))) COLLATE RTRIM  NULLS LAST);
SELECT COUNT(*) FROM vt1 INDEXED BY i23, t0 NOT INDEXED WHERE (((t0.c0 COLLATE BINARY) NOT NULL)) ORDER BY vt1.c0, CAST(((vt1.c0)-(vt1.c0)) AS NUMERIC);
SELECT SUM(count) FROM (SELECT ALL ((((t0.c0 COLLATE BINARY) NOT NULL)) IS TRUE)  as count FROM vt1 INDEXED BY i23, t0 ORDER BY vt1.c0, CAST(((vt1.c0)-(vt1.c0)) AS NUMERIC));
SELECT ALL COUNT(*) FROM vt1, t0 WHERE (CASE WHEN ((vt1.c0)|(t0.c0)) THEN LENGTH(vt1.c0) ELSE ((t0.c0)IS(vt1.c0)) END) ORDER BY (((((((((NOT (t0.c0)))OR(NULL)))AND((t0.c0 IN ()))))OR(((vt1.c0) IS FALSE))))OR((((t0.c0)) NOT BETWEEN ((t0.c0)) AND ((vt1.c0))))) DESC  NULLS FIRST, UNLIKELY(DISTINCT (+ (t0.c0))) DESC, (((((t0.c0)AND(vt1.c0)))OR(t0.c0)) IN ()) DESC;
SELECT SUM(count) FROM (SELECT ((CASE WHEN ((vt1.c0)|(t0.c0)) THEN LENGTH(vt1.c0) ELSE ((t0.c0)IS(vt1.c0)) END) IS TRUE)  as count FROM vt1, t0 ORDER BY (((((((((NOT (t0.c0)))OR(NULL)))AND((t0.c0 IN ()))))OR(((vt1.c0) IS FALSE))))OR((((t0.c0)) NOT BETWEEN ((t0.c0)) AND ((vt1.c0))))) DESC  NULLS FIRST, UNLIKELY(DISTINCT (+ (t0.c0))) DESC, (((((t0.c0)AND(vt1.c0)))OR(t0.c0)) IN ()) DESC);
SELECT COUNT(*) FROM vt1, t0 WHERE (((DATE(vt1.c0, vt1.c0, x'2a17')) IS TRUE)) ORDER BY (((vt1.c0 IN ())) IS TRUE) ASC;
SELECT SUM(count) FROM (SELECT ALL ((((DATE(vt1.c0, vt1.c0, x'2a17')) IS TRUE)) IS TRUE)  as count FROM vt1, t0 ORDER BY (((vt1.c0 IN ())) IS TRUE) ASC);
SELECT ALL * FROM t0 WHERE ((CAST(t0.c0 AS REAL) IN ((t0.c0 IN (t0.c0))))) ORDER BY CASE CAST(t0.c0 AS INTEGER)  WHEN t0.c0 THEN ((t0.c0) BETWEEN (t0.c0) AND (t0.c0)) WHEN t0.c0 COLLATE NOCASE THEN ((t0.c0)|(t0.c0)) WHEN (t0.c0 IN ()) THEN ((t0.c0) IS FALSE) END  NULLS LAST;
SELECT SUM(count) FROM (SELECT ALL (((CAST(t0.c0 AS REAL) IN ((t0.c0 IN (t0.c0))))) IS TRUE)  as count FROM t0 ORDER BY CASE CAST(t0.c0 AS INTEGER)  WHEN t0.c0 THEN ((t0.c0) BETWEEN (t0.c0) AND (t0.c0)) WHEN t0.c0 COLLATE NOCASE THEN ((t0.c0)|(t0.c0)) WHEN (t0.c0 IN ()) THEN ((t0.c0) IS FALSE) END  NULLS LAST);
SELECT COUNT(*) FROM t0, vt1 WHERE (((((t0.c0)|(vt1.c0)))&(((t0.c0)<<(vt1.c0)))));
SELECT SUM(count) FROM (SELECT ((((((t0.c0)|(vt1.c0)))&(((t0.c0)<<(vt1.c0))))) IS TRUE)  as count FROM t0, vt1);
SELECT ALL COUNT(*) FROM t0, vt1 WHERE (CASE t0.c0  WHEN vt1.c0 THEN vt1.c0 WHEN t0.c0 THEN vt1.c0 WHEN t0.c0 THEN vt1.c0 ELSE vt1.c0 END COLLATE RTRIM) ORDER BY CASE WHEN ((vt1.c0)IS(vt1.c0)) THEN ((((t0.c0)OR(vt1.c0)))AND(vt1.c0)) END ASC, CASE WHEN ((vt1.c0)<<(vt1.c0)) THEN ((t0.c0)*(t0.c0)) ELSE CASE t0.c0  WHEN vt1.c0 THEN t0.c0 WHEN vt1.c0 THEN vt1.c0 WHEN vt1.c0 THEN t0.c0 END END;
SELECT SUM(count) FROM (SELECT ((CASE t0.c0  WHEN vt1.c0 THEN vt1.c0 WHEN t0.c0 THEN vt1.c0 WHEN t0.c0 THEN vt1.c0 ELSE vt1.c0 END COLLATE RTRIM) IS TRUE)  as count FROM t0, vt1 ORDER BY CASE WHEN ((vt1.c0)IS(vt1.c0)) THEN ((((t0.c0)OR(vt1.c0)))AND(vt1.c0)) END ASC, CASE WHEN ((vt1.c0)<<(vt1.c0)) THEN ((t0.c0)*(t0.c0)) ELSE CASE t0.c0  WHEN vt1.c0 THEN t0.c0 WHEN vt1.c0 THEN vt1.c0 WHEN vt1.c0 THEN t0.c0 END END);
SELECT ALL * FROM t0, vt1 WHERE (((CASE WHEN 0Xffffffffa807a1cd THEN '-1308640110' WHEN vt1.c0 THEN vt1.c0 WHEN vt1.c0 THEN t0.c0 END)<<((+ (vt1.c0)))));
SELECT SUM(count) FROM (SELECT ALL ((((CASE WHEN 0xffffffffa807a1cd THEN '-1308640110' WHEN vt1.c0 THEN vt1.c0 WHEN vt1.c0 THEN t0.c0 END)<<((+ (vt1.c0))))) IS TRUE)  as count FROM t0, vt1);
SELECT ALL COUNT(*) FROM vt1, t0 WHERE (((((((((TRIM(DISTINCT vt1.c0, t0.c0))AND(json_quote(t0.c0))))OR(CASE t0.c0  WHEN vt1.c0 THEN t0.c0 END)))AND(((((((((((((vt1.c0)AND(vt1.c0)))OR(t0.c0)))AND(t0.c0)))OR(t0.c0)))AND(vt1.c0)))AND(vt1.c0)))))OR(CASE t0.c0  WHEN vt1.c0 THEN t0.c0 ELSE vt1.c0 END)));
SELECT SUM(count) FROM (SELECT ALL ((((((((((TRIM(DISTINCT vt1.c0, t0.c0))AND(json_quote(t0.c0))))OR(CASE t0.c0  WHEN vt1.c0 THEN t0.c0 END)))AND(((((((((((((vt1.c0)AND(vt1.c0)))OR(t0.c0)))AND(t0.c0)))OR(t0.c0)))AND(vt1.c0)))AND(vt1.c0)))))OR(CASE t0.c0  WHEN vt1.c0 THEN t0.c0 ELSE vt1.c0 END))) IS TRUE)  as count FROM vt1, t0 NOT INDEXED);
SELECT ALL * FROM t0 WHERE (t0.c0) ORDER BY ((t0.c0) NOT BETWEEN (t0.c0) AND (t0.c0)) COLLATE RTRIM;
SELECT SUM(count) FROM (SELECT ALL ((t0.c0) IS TRUE)  as count FROM t0 ORDER BY ((t0.c0) NOT BETWEEN (t0.c0) AND (t0.c0)) COLLATE RTRIM);
SELECT COUNT(*) FROM vt1 WHERE (((vt1.c0)IS((vt1.c0 IN ())))) ORDER BY json_patch(vt1.c0, ((vt1.c0)||(vt1.c0)));
SELECT SUM(count) FROM (SELECT ((((vt1.c0)IS((vt1.c0 IN ())))) IS TRUE)  as count FROM vt1 ORDER BY json_patch(vt1.c0, ((vt1.c0)||(vt1.c0))));
SELECT ALL * FROM t0, vt1 WHERE (CAST((~ (t0.c0)) AS TEXT));
SELECT SUM(count) FROM (SELECT ALL ((CAST((~ (t0.c0)) AS TEXT)) IS TRUE)  as count FROM t0, vt1);
SELECT * FROM t0 WHERE (CASE (((1086273982))==((x'')))  WHEN (+ (t0.c0)) THEN '.顢' WHEN x'5c7a' THEN CASE 'NἹA'  WHEN t0.c0 THEN t0.c0 END WHEN 'k1OWv''o' THEN ((((t0.c0)AND(t0.c0)))AND(t0.c0)) WHEN ((t0.c0) ISNULL) THEN CASE WHEN t0.c0 THEN t0.c0 ELSE t0.c0 END WHEN 1.528828993E9 COLLATE RTRIM THEN (((t0.c0)) BETWEEN (('-1246007493')) AND ((t0.c0))) ELSE ((((((((t0.c0)AND(t0.c0)))OR(t0.c0)))AND(t0.c0)))AND(t0.c0)) END);
SELECT SUM(count) FROM (SELECT ((CASE (((1086273982))=((x'')))  WHEN (+ (t0.c0)) THEN '.顢' WHEN x'5c7a' THEN CASE 'NἹA'  WHEN t0.c0 THEN t0.c0 END WHEN 'k1OWv''o' THEN ((((t0.c0)AND(t0.c0)))AND(t0.c0)) WHEN ((t0.c0) ISNULL) THEN CASE WHEN t0.c0 THEN t0.c0 ELSE t0.c0 END WHEN 1.528828993E9 COLLATE RTRIM THEN (((t0.c0)) BETWEEN (('-1246007493')) AND ((t0.c0))) ELSE ((((((((t0.c0)AND(t0.c0)))OR(t0.c0)))AND(t0.c0)))AND(t0.c0)) END) IS TRUE)  as count FROM t0);
SELECT ALL * FROM t0, vt1 WHERE (((((t0.c0) NOTNULL))/(CAST(x'' AS BLOB)))) ORDER BY TRIM((~ (t0.c0))) ASC  NULLS LAST, (vt1.c0 COLLATE RTRIM IN ());
SELECT SUM(count) FROM (SELECT ((((((t0.c0) NOTNULL))/(CAST(x'' AS BLOB)))) IS TRUE)  as count FROM t0, vt1 ORDER BY TRIM((~ (t0.c0))) ASC  NULLS LAST, (vt1.c0 COLLATE RTRIM IN ()));
SELECT * FROM vt1 WHERE (((((((((((vt1.c0)OR(vt1.c0)))OR(vt1.c0)))OR(vt1.c0)))AND(vt1.c0)))&(((vt1.c0)-(vt1.c0))))) ORDER BY (+ (0X3775fef6));
SELECT SUM(count) FROM (SELECT ALL ((((((((((((vt1.c0)OR(vt1.c0)))OR(vt1.c0)))OR(vt1.c0)))AND(vt1.c0)))&(((vt1.c0)-(vt1.c0))))) IS TRUE)  as count FROM vt1 ORDER BY (+ (0x3775fef6)));
SELECT ALL COUNT(*) FROM t0 WHERE ((((((t0.c0)) NOT BETWEEN ((t0.c0)) AND ((t0.c0)))) ISNULL));
SELECT SUM(count) FROM (SELECT (((((((t0.c0)) NOT BETWEEN ((t0.c0)) AND ((t0.c0)))) ISNULL)) IS TRUE)  as count FROM t0);
SELECT ALL * FROM t0 WHERE (((((t0.c0) BETWEEN (x'') AND (t0.c0)))+(((t0.c0) NOT NULL)))) ORDER BY NULL ASC, ((((((t0.c0)OR(t0.c0)))OR('307497846')))==(CAST(t0.c0 AS INTEGER))) DESC;
SELECT SUM(count) FROM (SELECT ALL ((((((t0.c0) BETWEEN (x'') AND (t0.c0)))+(((t0.c0) NOT NULL)))) IS TRUE)  as count FROM t0 ORDER BY NULL ASC, ((((((t0.c0)OR(t0.c0)))OR('307497846')))==(CAST(t0.c0 AS INTEGER))) DESC);
SELECT * FROM vt1, t0 WHERE (x'') ORDER BY x'' ASC  NULLS FIRST;
SELECT SUM(count) FROM (SELECT ((x'') IS TRUE)  as count FROM vt1, t0 ORDER BY x'' ASC  NULLS FIRST);
SELECT * FROM t0 WHERE ((NOT (((t0.c0)||(t0.c0)))));
SELECT SUM(count) FROM (SELECT ALL (((NOT (((t0.c0)||(t0.c0))))) IS TRUE)  as count FROM t0);
SELECT ALL * FROM vt1 LEFT OUTER JOIN t0 ON (((vt1.c0, vt1.c0, t0.c0)) BETWEEN ((((vt1.c0)<=(t0.c0)), ((((t0.c0)OR(vt1.c0)))AND(vt1.c0)), ((((1.528828993E9)OR(t0.c0)))AND(vt1.c0)))) AND ((vt1.c0 COLLATE RTRIM, LTRIM(t0.c0, vt1.c0), ((((t0.c0)OR(NULL)))OR(t0.c0))))) WHERE (ABS((t0.c0 IN ())));
SELECT SUM(count) FROM (SELECT ((ABS((t0.c0 IN ()))) IS TRUE)  as count FROM vt1 LEFT OUTER JOIN t0 ON (((vt1.c0, vt1.c0, t0.c0)) BETWEEN ((((vt1.c0)<=(t0.c0)), ((((t0.c0)OR(vt1.c0)))AND(vt1.c0)), ((((1.528828993E9)OR(t0.c0)))AND(vt1.c0)))) AND ((vt1.c0 COLLATE RTRIM, LTRIM(t0.c0, vt1.c0), ((((t0.c0)OR(NULL)))OR(t0.c0))))));
SELECT COUNT(*) FROM t0 WHERE (t0.c0) ORDER BY (NOT (((0.7904016082533195) NOT BETWEEN (t0.c0) AND (t0.c0)))) DESC, (((t0.c0, x'1338', '0.7875625463302244', t0.c0, t0.c0)) BETWEEN ((((t0.c0)*(t0.c0)), ((t0.c0) BETWEEN (t0.c0) AND (t0.c0)), (t0.c0 IN ()), ((((t0.c0)AND(t0.c0)))OR(t0.c0)), '-477555652')) AND ((((t0.c0)==(t0.c0)), ((((((((t0.c0)OR(t0.c0)))AND(t0.c0)))OR(t0.c0)))OR(t0.c0)), t0.c0 COLLATE NOCASE, ((((NULL)AND(t0.c0)))OR(t0.c0)), ((((((((0.1367269212193919)OR(t0.c0)))AND(t0.c0)))AND(t0.c0)))AND(t0.c0)))));
SELECT SUM(count) FROM (SELECT ((t0.c0) IS TRUE)  as count FROM t0 ORDER BY (NOT (((0.7904016082533195) NOT BETWEEN (t0.c0) AND (t0.c0)))) DESC, (((t0.c0, x'1338', '0.7875625463302244', t0.c0, t0.c0)) BETWEEN ((((t0.c0)*(t0.c0)), ((t0.c0) BETWEEN (t0.c0) AND (t0.c0)), (t0.c0 IN ()), ((((t0.c0)AND(t0.c0)))OR(t0.c0)), '-477555652')) AND ((((t0.c0)=(t0.c0)), ((((((((t0.c0)OR(t0.c0)))AND(t0.c0)))OR(t0.c0)))OR(t0.c0)), t0.c0 COLLATE NOCASE, ((((NULL)AND(t0.c0)))OR(t0.c0)), ((((((((0.1367269212193919)OR(t0.c0)))AND(t0.c0)))AND(t0.c0)))AND(t0.c0))))));
SELECT COUNT(*) FROM t0 WHERE ((((((t0.c0, t0.c0, t0.c0))<>((t0.c0, '0.44698314182931465', t0.c0)))) NOT BETWEEN (((t0.c0)GLOB(t0.c0))) AND ((t0.c0 IN ())))) ORDER BY ((('^') NOT BETWEEN (t0.c0) AND ('')) IN (((t0.c0)&(t0.c0)))) ASC  NULLS LAST, CASE ((((t0.c0)OR(t0.c0)))OR(t0.c0))  WHEN ((((((((t0.c0)AND(t0.c0)))OR(t0.c0)))OR(t0.c0)))AND(t0.c0)) THEN CAST(t0.c0 AS INTEGER) ELSE ((((t0.c0)OR(t0.c0)))OR(t0.c0)) END  NULLS LAST;
SELECT SUM(count) FROM (SELECT ALL (((((((t0.c0, t0.c0, t0.c0))<>((t0.c0, '0.44698314182931465', t0.c0)))) NOT BETWEEN (((t0.c0)GLOB(t0.c0))) AND ((t0.c0 IN ())))) IS TRUE)  as count FROM t0 ORDER BY ((('^') NOT BETWEEN (t0.c0) AND ('')) IN (((t0.c0)&(t0.c0)))) ASC  NULLS LAST, CASE ((((t0.c0)OR(t0.c0)))OR(t0.c0))  WHEN ((((((((t0.c0)AND(t0.c0)))OR(t0.c0)))OR(t0.c0)))AND(t0.c0)) THEN CAST(t0.c0 AS INTEGER) ELSE ((((t0.c0)OR(t0.c0)))OR(t0.c0)) END  NULLS LAST);
SELECT COUNT(*) FROM t0 WHERE ((((t0.c0 IN (t0.c0)))/(((t0.c0)AND(t0.c0))))) ORDER BY ((+ (t0.c0)) IN ((+ (t0.c0)), (- (t0.c0)), ((t0.c0)-(t0.c0)))) DESC;
SELECT SUM(count) FROM (SELECT (((((t0.c0 IN (t0.c0)))/(((t0.c0)AND(t0.c0))))) IS TRUE)  as count FROM t0 ORDER BY ((+ (t0.c0)) IN ((+ (t0.c0)), (- (t0.c0)), ((t0.c0)-(t0.c0)))) DESC);
SELECT COUNT(*) FROM vt1 WHERE (vt1.c0) ORDER BY vt1.c0 DESC, 0.09236172867486792 DESC  NULLS LAST;
SELECT SUM(count) FROM (SELECT ALL ((vt1.c0) IS TRUE)  as count FROM vt1 ORDER BY vt1.c0 DESC, 0.09236172867486792 DESC  NULLS LAST);
SELECT * FROM vt1, t0 WHERE (((((vt1.c0) NOT BETWEEN (t0.c0) AND (x''))) BETWEEN (CASE vt1.c0  WHEN t0.c0 THEN t0.c0 WHEN t0.c0 THEN vt1.c0 WHEN t0.c0 THEN t0.c0 ELSE t0.c0 END) AND ((vt1.c0 IN ()))));
SELECT SUM(count) FROM (SELECT ((((((vt1.c0) NOT BETWEEN (t0.c0) AND (x''))) BETWEEN (CASE vt1.c0  WHEN t0.c0 THEN t0.c0 WHEN t0.c0 THEN vt1.c0 WHEN t0.c0 THEN t0.c0 ELSE t0.c0 END) AND ((vt1.c0 IN ())))) IS TRUE)  as count FROM vt1, t0);
SELECT COUNT(*) FROM t0 WHERE (((((t0.c0) NOT NULL))>>((- (t0.c0)))));
SELECT SUM(count) FROM (SELECT ((((((t0.c0) NOT NULL))>>((- (t0.c0))))) IS TRUE)  as count FROM t0);
SELECT ALL * FROM vt1 WHERE ((((((vt1.c0)GLOB(vt1.c0))))<=((((vt1.c0) BETWEEN (vt1.c0) AND ('/yJ!Q.k'))))));
SELECT SUM(count) FROM (SELECT ALL (((((((vt1.c0)GLOB(vt1.c0))))<=((((vt1.c0) BETWEEN (vt1.c0) AND ('/yJ!Q.k')))))) IS TRUE)  as count FROM vt1);
SELECT COUNT(*) FROM vt1 WHERE (((((((vt1.c0)IS(vt1.c0)))OR(HEX(DISTINCT vt1.c0))))OR(CASE WHEN vt1.c0 THEN vt1.c0 WHEN vt1.c0 THEN vt1.c0 WHEN vt1.c0 THEN '12821152' WHEN vt1.c0 THEN vt1.c0 WHEN vt1.c0 THEN vt1.c0 END))) ORDER BY (((vt1.c0))>((-1117752823))) COLLATE NOCASE ASC  NULLS FIRST;
SELECT SUM(count) FROM (SELECT ((((((((vt1.c0)IS(vt1.c0)))OR(HEX(DISTINCT vt1.c0))))OR(CASE WHEN vt1.c0 THEN vt1.c0 WHEN vt1.c0 THEN vt1.c0 WHEN vt1.c0 THEN '12821152' WHEN vt1.c0 THEN vt1.c0 WHEN vt1.c0 THEN vt1.c0 END))) IS TRUE)  as count FROM vt1 ORDER BY (((vt1.c0))>((-1117752823))) COLLATE NOCASE ASC  NULLS FIRST);
SELECT ALL COUNT(*) FROM t0 WHERE (CAST(((((((((t0.c0)AND(t0.c0)))AND(t0.c0)))AND(t0.c0)))OR(t0.c0)) AS REAL));
SELECT SUM(count) FROM (SELECT ((CAST(((((((((t0.c0)AND(t0.c0)))AND(t0.c0)))AND(t0.c0)))OR(t0.c0)) AS REAL)) IS TRUE)  as count FROM t0);
SELECT COUNT(*) FROM vt1 WHERE (((((vt1.c0) NOTNULL))=(((vt1.c0) BETWEEN (vt1.c0) AND (vt1.c0))))) ORDER BY highlight(CASE WHEN vt1.c0 THEN vt1.c0 END, (vt1.c0 IN ()), JULIANDAY(0.31728974453524506, vt1.c0, vt1.c0, vt1.c0, vt1.c0), ((vt1.c0) NOT NULL)) DESC  NULLS FIRST;
SELECT SUM(count) FROM (SELECT ALL ((((((vt1.c0) NOTNULL))==(((vt1.c0) BETWEEN (vt1.c0) AND (vt1.c0))))) IS TRUE)  as count FROM vt1 ORDER BY highlight(CASE WHEN vt1.c0 THEN vt1.c0 END, (vt1.c0 IN ()), JULIANDAY(0.31728974453524506, vt1.c0, vt1.c0, vt1.c0, vt1.c0), ((vt1.c0) NOT NULL)) DESC  NULLS FIRST);
SELECT ALL COUNT(*) FROM t0 WHERE (((((((t0.c0)AND('cB2}F')))OR(0xffffffffacdb386a))) BETWEEN (CAST(t0.c0 AS BLOB)) AND (((t0.c0)LIKE(t0.c0))))) ORDER BY CASE WHEN 0X592b09dc THEN t0.c0 WHEN UPPER(t0.c0) THEN t0.c0 WHEN '' THEN ((((t0.c0)OR(t0.c0)))OR(t0.c0)) END;
SELECT SUM(count) FROM (SELECT ALL ((((((((t0.c0)AND('cB2}F')))OR(0Xffffffffacdb386a))) BETWEEN (CAST(t0.c0 AS BLOB)) AND (((t0.c0)LIKE(t0.c0))))) IS TRUE)  as count FROM t0 ORDER BY CASE WHEN 0X592b09dc THEN t0.c0 WHEN UPPER(t0.c0) THEN t0.c0 WHEN '' THEN ((((t0.c0)OR(t0.c0)))OR(t0.c0)) END);
SELECT * FROM vt1 WHERE ((NOT (0.19794288638133517)));
SELECT SUM(count) FROM (SELECT ALL (((NOT (0.19794288638133517))) IS TRUE)  as count FROM vt1);
SELECT ALL COUNT(*) FROM t0 WHERE (((t0.c0) ISNULL) COLLATE RTRIM);
SELECT SUM(count) FROM (SELECT ((((t0.c0) ISNULL) COLLATE RTRIM) IS TRUE)  as count FROM t0);
SELECT ALL * FROM vt1 WHERE (((vt1.c0)<(vt1.c0)) COLLATE BINARY) ORDER BY CASE WHEN CAST(vt1.c0 AS TEXT) THEN CASE WHEN vt1.c0 THEN vt1.c0 END WHEN ((vt1.c0) NOT BETWEEN (vt1.c0) AND (vt1.c0)) THEN CAST(vt1.c0 AS REAL) WHEN (+ ('')) THEN ((vt1.c0)LIKE(vt1.c0)) ELSE ((vt1.c0)>(vt1.c0)) END;
SELECT SUM(count) FROM (SELECT ((((vt1.c0)<(vt1.c0)) COLLATE BINARY) IS TRUE)  as count FROM vt1 ORDER BY CASE WHEN CAST(vt1.c0 AS TEXT) THEN CASE WHEN vt1.c0 THEN vt1.c0 END WHEN ((vt1.c0) NOT BETWEEN (vt1.c0) AND (vt1.c0)) THEN CAST(vt1.c0 AS REAL) WHEN (+ ('')) THEN ((vt1.c0)LIKE(vt1.c0)) ELSE ((vt1.c0)>(vt1.c0)) END);
SELECT ALL * FROM vt1, t0 WHERE (((UPPER(DISTINCT vt1.c0)) IS FALSE));
SELECT SUM(count) FROM (SELECT ((((UPPER(DISTINCT vt1.c0)) IS FALSE)) IS TRUE)  as count FROM vt1, t0);
SELECT ALL * FROM vt1 CROSS JOIN t0 ON CAST((t0.c0 IN ()) AS TEXT) WHERE ((~ ((((('329294873')AND(t0.c0)))OR(0.5939355822516118))))) ORDER BY t0.c0 DESC, vt1.c0  NULLS FIRST;
SELECT SUM(count) FROM (SELECT (((~ ((((('329294873')AND(t0.c0)))OR(0.5939355822516118))))) IS TRUE)  as count FROM vt1 CROSS JOIN t0 ON CAST((t0.c0 IN ()) AS TEXT) ORDER BY t0.c0 DESC, vt1.c0  NULLS FIRST);
SELECT * FROM vt1 NOT INDEXED WHERE ((((vt1.c0)) BETWEEN ((((((((((vt1.c0)AND(vt1.c0)))OR(vt1.c0)))OR(vt1.c0)))OR(2.116704423E9)))) AND ((CASE vt1.c0  WHEN vt1.c0 THEN vt1.c0 WHEN vt1.c0 THEN vt1.c0 WHEN vt1.c0 THEN vt1.c0 ELSE vt1.c0 END))));
SELECT SUM(count) FROM (SELECT (((((vt1.c0)) BETWEEN ((((((((((vt1.c0)AND(vt1.c0)))OR(vt1.c0)))OR(vt1.c0)))OR(2.116704423E9)))) AND ((CASE vt1.c0  WHEN vt1.c0 THEN vt1.c0 WHEN vt1.c0 THEN vt1.c0 WHEN vt1.c0 THEN vt1.c0 ELSE vt1.c0 END)))) IS TRUE)  as count FROM vt1);
SELECT COUNT(*) FROM t0, vt1 WHERE ((((t0.c0)) NOT BETWEEN ((((t0.c0)%(t0.c0)))) AND (((((vt1.c0))!=((vt1.c0)))))));
SELECT SUM(count) FROM (SELECT (((((t0.c0)) NOT BETWEEN ((((t0.c0)%(t0.c0)))) AND (((((vt1.c0))<>((vt1.c0))))))) IS TRUE)  as count FROM t0, vt1);
SELECT ALL COUNT(*) FROM t0, vt1 WHERE (TRIM(((t0.c0)GLOB(t0.c0))));
SELECT SUM(count) FROM (SELECT ALL ((TRIM(((t0.c0)GLOB(t0.c0)))) IS TRUE)  as count FROM t0, vt1);
SELECT COUNT(*) FROM vt1 CROSS JOIN t0 ON TOTAL_CHANGES() WHERE ((CAST(t0.c0 AS TEXT) IN ((NOT (vt1.c0)))));
SELECT SUM(count) FROM (SELECT ALL (((CAST(t0.c0 AS TEXT) IN ((NOT (vt1.c0))))) IS TRUE)  as count FROM vt1 CROSS JOIN t0 ON TOTAL_CHANGES());
SELECT ALL COUNT(*) FROM t0, vt1 WHERE (CAST((((t0.c0)) BETWEEN (('729960922')) AND ((vt1.c0))) AS TEXT));
SELECT SUM(count) FROM (SELECT ALL ((CAST((((t0.c0)) BETWEEN (('729960922')) AND ((vt1.c0))) AS TEXT)) IS TRUE)  as count FROM t0, vt1);
SELECT COUNT(*) FROM vt1, t0 WHERE (CAST(((t0.c0) IS TRUE) AS REAL)) ORDER BY NULLIF('', LOWER(vt1.c0)) DESC  NULLS FIRST, (('9_') IS FALSE), (((t0.c0 IN ()))*((t0.c0 IN ()))) ASC;
SELECT SUM(count) FROM (SELECT ALL ((CAST(((t0.c0) IS TRUE) AS REAL)) IS TRUE)  as count FROM vt1, t0 ORDER BY NULLIF('', LOWER(vt1.c0)) DESC  NULLS FIRST, (('9_') IS FALSE), (((t0.c0 IN ()))*((t0.c0 IN ()))) ASC);
SELECT * FROM vt1 WHERE (((((vt1.c0)>>(vt1.c0))) IS TRUE));
SELECT SUM(count) FROM (SELECT ALL ((((((vt1.c0)>>(vt1.c0))) IS TRUE)) IS TRUE)  as count FROM vt1);
SELECT * FROM t0, vt1 WHERE ((((t0.c0)) NOT BETWEEN ((vt1.c0)) AND ((vt1.c0))) COLLATE BINARY);
SELECT SUM(count) FROM (SELECT ALL (((((t0.c0)) NOT BETWEEN ((vt1.c0)) AND ((vt1.c0))) COLLATE BINARY) IS TRUE)  as count FROM t0, vt1);
SELECT ALL COUNT(*) FROM t0, vt1 WHERE (((t0.c0 COLLATE NOCASE) IS FALSE)) ORDER BY (NOT (x'')) DESC;
SELECT SUM(count) FROM (SELECT ((((t0.c0 COLLATE NOCASE) IS FALSE)) IS TRUE)  as count FROM t0, vt1 ORDER BY (NOT (x'')) DESC);
SELECT * FROM vt1 NOT INDEXED WHERE ((NOT (((vt1.c0) IS FALSE)))) ORDER BY ((((((((((vt1.c0)OR(vt1.c0)))AND(vt1.c0)))OR(vt1.c0)))OR(vt1.c0)))<=(CASE WHEN vt1.c0 THEN vt1.c0 ELSE vt1.c0 END)) DESC;
SELECT SUM(count) FROM (SELECT ALL (((NOT (((vt1.c0) IS FALSE)))) IS TRUE)  as count FROM vt1 ORDER BY ((((((((((vt1.c0)OR(vt1.c0)))AND(vt1.c0)))OR(vt1.c0)))OR(vt1.c0)))<=(CASE WHEN vt1.c0 THEN vt1.c0 ELSE vt1.c0 END)) DESC);
SELECT ALL * FROM vt1 WHERE (((((vt1.c0) IS FALSE)) NOTNULL)) ORDER BY (- (vt1.c0)) COLLATE NOCASE COLLATE NOCASE ASC  NULLS FIRST;
SELECT SUM(count) FROM (SELECT ALL ((((((vt1.c0) IS FALSE)) NOTNULL)) IS TRUE)  as count FROM vt1 ORDER BY (- (vt1.c0)) COLLATE NOCASE COLLATE NOCASE ASC  NULLS FIRST);
SELECT COUNT(*) FROM vt1, t0 WHERE ((+ ((vt1.c0 IN ()))));
SELECT SUM(count) FROM (SELECT ALL (((+ ((vt1.c0 IN ())))) IS TRUE)  as count FROM vt1, t0);
SELECT ALL * FROM vt1, t0 WHERE ((((t0.c0, vt1.c0, t0.c0)) NOT BETWEEN ((((('-1793208585', t0.c0, t0.c0))==((t0.c0, vt1.c0, t0.c0))), ((t0.c0) IS FALSE), vt1.c0 COLLATE NOCASE)) AND ((CAST(t0.c0 AS NUMERIC), t0.c0, t0.c0 COLLATE NOCASE)))) ORDER BY CHANGES() ASC, ((((((vt1.c0)||(vt1.c0)))OR(((vt1.c0) IS FALSE))))AND((+ (t0.c0))));
SELECT SUM(count) FROM (SELECT (((((t0.c0, vt1.c0, t0.c0)) NOT BETWEEN ((((('-1793208585', t0.c0, t0.c0))==((t0.c0, vt1.c0, t0.c0))), ((t0.c0) IS FALSE), vt1.c0 COLLATE NOCASE)) AND ((CAST(t0.c0 AS NUMERIC), t0.c0, t0.c0 COLLATE NOCASE)))) IS TRUE)  as count FROM vt1, t0 ORDER BY CHANGES() ASC, ((((((vt1.c0)||(vt1.c0)))OR(((vt1.c0) IS FALSE))))AND((+ (t0.c0)))));
SELECT ALL * FROM vt1 WHERE ('-1222614385') ORDER BY vt1.c0 ASC  NULLS LAST, (((vt1.c0, vt1.c0, vt1.c0)) NOT BETWEEN ((vt1.c0, vt1.c0, vt1.c0)) AND ((vt1.c0, vt1.c0, vt1.c0))) COLLATE NOCASE DESC  NULLS FIRST;
SELECT SUM(count) FROM (SELECT (('-1222614385') IS TRUE)  as count FROM vt1 ORDER BY vt1.c0 ASC  NULLS LAST, (((vt1.c0, vt1.c0, vt1.c0)) NOT BETWEEN ((vt1.c0, vt1.c0, vt1.c0)) AND ((vt1.c0, vt1.c0, vt1.c0))) COLLATE NOCASE DESC  NULLS FIRST);
SELECT ALL COUNT(*) FROM t0, vt1 WHERE ((+ (IFNULL(t0.c0, vt1.c0)))) ORDER BY ((((vt1.c0) NOT NULL))%(((((vt1.c0)OR(t0.c0)))AND(x'')))) ASC;
SELECT SUM(count) FROM (SELECT ALL (((+ (IFNULL(t0.c0, vt1.c0)))) IS TRUE)  as count FROM t0, vt1 ORDER BY ((((vt1.c0) NOT NULL))%(((((vt1.c0)OR(t0.c0)))AND(x'')))) ASC);
SELECT * FROM t0 WHERE (((CAST(-1264444239 AS NUMERIC)) BETWEEN (((t0.c0) IS FALSE)) AND (((((t0.c0)AND(t0.c0)))OR(t0.c0))))) ORDER BY ((LIKELIHOOD(t0.c0, 0.018607880795494136)) NOTNULL)  NULLS FIRST, json_array((- (t0.c0)), (((t0.c0, t0.c0, t0.c0)) BETWEEN ((t0.c0, NULL, t0.c0)) AND ((t0.c0, t0.c0, t0.c0)))) DESC  NULLS LAST;
SELECT SUM(count) FROM (SELECT ((((CAST(-1264444239 AS NUMERIC)) BETWEEN (((t0.c0) IS FALSE)) AND (((((t0.c0)AND(t0.c0)))OR(t0.c0))))) IS TRUE)  as count FROM t0 ORDER BY ((LIKELIHOOD(t0.c0, 0.018607880795494136)) NOTNULL)  NULLS FIRST, json_array((- (t0.c0)), (((t0.c0, t0.c0, t0.c0)) BETWEEN ((t0.c0, NULL, t0.c0)) AND ((t0.c0, t0.c0, t0.c0)))) DESC  NULLS LAST);
SELECT COUNT(*) FROM t0 WHERE (LIKELY((((t0.c0))<((t0.c0)))));
SELECT SUM(count) FROM (SELECT ALL ((LIKELY((((t0.c0))<((t0.c0))))) IS TRUE)  as count FROM t0);
SELECT ALL COUNT(*) FROM t0 WHERE (((t0.c0)%('1643437096')) COLLATE RTRIM);
SELECT SUM(count) FROM (SELECT ((((t0.c0)%('1643437096')) COLLATE RTRIM) IS TRUE)  as count FROM t0);
SELECT ALL * FROM t0 RIGHT OUTER JOIN vt1 ON CASE CAST(vt1.c0 AS TEXT)  WHEN ((vt1.c0) NOT NULL) THEN vt1.c0 WHEN (- (vt1.c0)) THEN ((vt1.c0) NOT NULL) WHEN (('0]g!]u')&(0x13fe0e5a)) THEN (((vt1.c0))>=((t0.c0))) WHEN t0.c0 THEN CAST('#8E4' AS TEXT) WHEN ((vt1.c0)+(vt1.c0)) THEN t0.c0 COLLATE BINARY END WHERE (t0.c0);
SELECT SUM(count) FROM (SELECT ALL ((t0.c0) IS TRUE)  as count FROM t0 RIGHT OUTER JOIN vt1 ON CASE CAST(vt1.c0 AS TEXT)  WHEN ((vt1.c0) NOT NULL) THEN vt1.c0 WHEN (- (vt1.c0)) THEN ((vt1.c0) NOT NULL) WHEN (('0]g!]u')&(0X13fe0e5a)) THEN (((vt1.c0))>=((t0.c0))) WHEN t0.c0 THEN CAST('#8E4' AS TEXT) WHEN ((vt1.c0)+(vt1.c0)) THEN t0.c0 COLLATE BINARY END);
SELECT * FROM t0 WHERE (json_quote((- (t0.c0))));
SELECT SUM(count) FROM (SELECT ALL ((json_quote((- (t0.c0)))) IS TRUE)  as count FROM t0);
SELECT COUNT(*) FROM vt1 WHERE (((((vt1.c0)IS NOT(vt1.c0)))<<('-1247121389'))) ORDER BY (((~ (vt1.c0)))LIKE(NULL))  NULLS FIRST, CAST((vt1.c0 IN ()) AS TEXT);
SELECT SUM(count) FROM (SELECT ((((((vt1.c0)IS NOT(vt1.c0)))<<('-1247121389'))) IS TRUE)  as count FROM vt1 ORDER BY (((~ (vt1.c0)))LIKE(NULL))  NULLS FIRST, CAST((vt1.c0 IN ()) AS TEXT));
SELECT * FROM t0, vt1 WHERE ((NOT ((~ (t0.c0))))) ORDER BY (CAST('-2194822' AS NUMERIC) IN ())  NULLS FIRST;
SELECT SUM(count) FROM (SELECT (((NOT ((~ (t0.c0))))) IS TRUE)  as count FROM t0, vt1 ORDER BY (CAST('-2194822' AS NUMERIC) IN ())  NULLS FIRST);
SELECT ALL COUNT(*) FROM vt1, t0 WHERE ((vt1.c0 IN ())) ORDER BY ((vt1.c0) ISNULL) COLLATE NOCASE  NULLS FIRST;
SELECT SUM(count) FROM (SELECT ALL (((vt1.c0 IN ())) IS TRUE)  as count FROM vt1, t0 ORDER BY ((vt1.c0) ISNULL) COLLATE NOCASE  NULLS FIRST);
SELECT COUNT(*) FROM vt1 WHERE ((((vt1.c0, vt1.c0, vt1.c0, vt1.c0, vt1.c0)) NOT BETWEEN ((((vt1.c0)|(vt1.c0)), ((-1.676579997E9)/(vt1.c0)), ((vt1.c0)&(-9.68640578E8)), 'D{7}47\\rB', NULL)) AND ((((((NULL)AND(vt1.c0)))OR(vt1.c0)), CAST(vt1.c0 AS REAL), ((vt1.c0)!=(vt1.c0)), (vt1.c0 IN ()), (((vt1.c0, vt1.c0, vt1.c0)) NOT BETWEEN ((vt1.c0, NULL, vt1.c0)) AND ((NULL, vt1.c0, vt1.c0)))))));
SELECT SUM(count) FROM (SELECT (((((vt1.c0, vt1.c0, vt1.c0, vt1.c0, vt1.c0)) NOT BETWEEN ((((vt1.c0)|(vt1.c0)), ((-1.676579997E9)/(vt1.c0)), ((vt1.c0)&(-9.68640578E8)), 'D{7}47\\rB', NULL)) AND ((((((NULL)AND(vt1.c0)))OR(vt1.c0)), CAST(vt1.c0 AS REAL), ((vt1.c0)<>(vt1.c0)), (vt1.c0 IN ()), (((vt1.c0, vt1.c0, vt1.c0)) NOT BETWEEN ((vt1.c0, NULL, vt1.c0)) AND ((NULL, vt1.c0, vt1.c0))))))) IS TRUE)  as count FROM vt1);
SELECT * FROM vt1 WHERE (vt1.c0) ORDER BY vt1.c0, ((((CASE vt1.c0  WHEN vt1.c0 THEN vt1.c0 ELSE vt1.c0 END)OR((- (vt1.c0)))))AND((+ (vt1.c0))))  NULLS LAST;
SELECT SUM(count) FROM (SELECT ((vt1.c0) IS TRUE)  as count FROM vt1 ORDER BY vt1.c0, ((((CASE vt1.c0  WHEN vt1.c0 THEN vt1.c0 ELSE vt1.c0 END)OR((- (vt1.c0)))))AND((+ (vt1.c0))))  NULLS LAST);
SELECT * FROM vt1, t0 WHERE ((((vt1.c0, vt1.c0, t0.c0)) BETWEEN ((((((t0.c0)AND(t0.c0)))AND(vt1.c0)), vt1.c0, ((t0.c0) BETWEEN (vt1.c0) AND (t0.c0)))) AND ((((t0.c0) NOTNULL), (NOT (vt1.c0)), ((vt1.c0) BETWEEN (t0.c0) AND (t0.c0)))))) ORDER BY ((vt1.c0) BETWEEN (t0.c0 COLLATE NOCASE) AND ((+ (t0.c0)))) DESC  NULLS LAST, IFNULL(DISTINCT ((vt1.c0)>(t0.c0)), (t0.c0 IN ())) DESC;
SELECT SUM(count) FROM (SELECT ALL (((((vt1.c0, vt1.c0, t0.c0)) BETWEEN ((((((t0.c0)AND(t0.c0)))AND(vt1.c0)), vt1.c0, ((t0.c0) BETWEEN (vt1.c0) AND (t0.c0)))) AND ((((t0.c0) NOTNULL), (NOT (vt1.c0)), ((vt1.c0) BETWEEN (t0.c0) AND (t0.c0)))))) IS TRUE)  as count FROM vt1, t0 ORDER BY ((vt1.c0) BETWEEN (t0.c0 COLLATE NOCASE) AND ((+ (t0.c0)))) DESC  NULLS LAST, IFNULL(DISTINCT ((vt1.c0)>(t0.c0)), (t0.c0 IN ())) DESC);
SELECT COUNT(*) FROM t0 LEFT OUTER JOIN vt1 ON CAST(((((((((t0.c0)AND(vt1.c0)))AND(t0.c0)))OR(t0.c0)))OR(vt1.c0)) AS TEXT) WHERE (((((t0.c0)&(vt1.c0))) NOT BETWEEN (CAST(vt1.c0 AS REAL)) AND (CAST(vt1.c0 AS REAL)))) ORDER BY (((((((t0.c0)) BETWEEN ((vt1.c0)) AND ((t0.c0))))AND(vt1.c0)))AND(t0.c0))  NULLS FIRST;
SELECT SUM(count) FROM (SELECT ALL ((((((t0.c0)&(vt1.c0))) NOT BETWEEN (CAST(vt1.c0 AS REAL)) AND (CAST(vt1.c0 AS REAL)))) IS TRUE)  as count FROM t0 LEFT OUTER JOIN vt1 ON CAST(((((((((t0.c0)AND(vt1.c0)))AND(t0.c0)))OR(t0.c0)))OR(vt1.c0)) AS TEXT) ORDER BY (((((((t0.c0)) BETWEEN ((vt1.c0)) AND ((t0.c0))))AND(vt1.c0)))AND(t0.c0))  NULLS FIRST);
SELECT COUNT(*) FROM vt1 WHERE (((((((vt1.c0)AND(NULL)))AND(vt1.c0 COLLATE NOCASE)))OR(((vt1.c0) NOT BETWEEN (vt1.c0) AND (vt1.c0)))));
SELECT SUM(count) FROM (SELECT ((((((((vt1.c0)AND(NULL)))AND(vt1.c0 COLLATE NOCASE)))OR(((vt1.c0) NOT BETWEEN (vt1.c0) AND (vt1.c0))))) IS TRUE)  as count FROM vt1);
SELECT * FROM vt1 WHERE (LIKELY(((vt1.c0)==(vt1.c0)))) ORDER BY ((((((vt1.c0)OR(vt1.c0)))OR(vt1.c0)))||(vt1.c0)) DESC  NULLS LAST;
SELECT SUM(count) FROM (SELECT ((LIKELY(((vt1.c0)==(vt1.c0)))) IS TRUE)  as count FROM vt1 ORDER BY ((((((vt1.c0)OR(vt1.c0)))OR(vt1.c0)))||(vt1.c0)) DESC  NULLS LAST);
SELECT ALL COUNT(*) FROM t0, vt1 WHERE ((((((vt1.c0)OR(vt1.c0)))AND(t0.c0)) IN ()));
SELECT SUM(count) FROM (SELECT ALL (((((((vt1.c0)OR(vt1.c0)))AND(t0.c0)) IN ())) IS TRUE)  as count FROM t0, vt1);
SELECT ALL * FROM vt1, t0 WHERE (((((((((CAST(vt1.c0 AS BLOB))AND(((vt1.c0)/(vt1.c0)))))AND(((vt1.c0)>>(t0.c0)))))AND(CASE WHEN '0.28472139772188243' THEN vt1.c0 WHEN vt1.c0 THEN vt1.c0 WHEN vt1.c0 THEN x'' ELSE vt1.c0 END)))AND(vt1.c0)));
SELECT SUM(count) FROM (SELECT ((((((((((CAST(vt1.c0 AS BLOB))AND(((vt1.c0)/(vt1.c0)))))AND(((vt1.c0)>>(t0.c0)))))AND(CASE WHEN '0.28472139772188243' THEN vt1.c0 WHEN vt1.c0 THEN vt1.c0 WHEN vt1.c0 THEN x'' ELSE vt1.c0 END)))AND(vt1.c0))) IS TRUE)  as count FROM vt1, t0);
SELECT ALL COUNT(*) FROM vt1 WHERE (TRIM(DISTINCT UPPER(vt1.c0))) ORDER BY ((~ (vt1.c0)) IN ()) ASC  NULLS FIRST;
SELECT SUM(count) FROM (SELECT ALL ((TRIM(DISTINCT UPPER(vt1.c0))) IS TRUE)  as count FROM vt1 ORDER BY ((~ (vt1.c0)) IN ()) ASC  NULLS FIRST);
SELECT COUNT(*) FROM t0, vt1 WHERE (((((vt1.c0 COLLATE BINARY)AND(0.6543807162802195)))AND(((t0.c0) ISNULL)))) ORDER BY MAX(t0.c0 COLLATE RTRIM, CASE vt1.c0  WHEN vt1.c0 THEN vt1.c0 END) ASC  NULLS FIRST;
SELECT SUM(count) FROM (SELECT ALL ((((((vt1.c0 COLLATE BINARY)AND(0.6543807162802195)))AND(((t0.c0) ISNULL)))) IS TRUE)  as count FROM t0, vt1 ORDER BY MAX(t0.c0 COLLATE RTRIM, CASE vt1.c0  WHEN vt1.c0 THEN vt1.c0 END) ASC  NULLS FIRST);
SELECT ALL * FROM t0 WHERE (((json_array(t0.c0, t0.c0, t0.c0, t0.c0))GLOB(((t0.c0) NOT BETWEEN (t0.c0) AND ('Yw')))));
SELECT SUM(count) FROM (SELECT ((((json_array(t0.c0, t0.c0, t0.c0, t0.c0))GLOB(((t0.c0) NOT BETWEEN (t0.c0) AND ('Yw'))))) IS TRUE)  as count FROM t0);
SELECT ALL * FROM vt1 WHERE (vt1.c0) ORDER BY (((- (vt1.c0)))>(vt1.c0))  NULLS LAST;
SELECT SUM(count) FROM (SELECT ALL ((vt1.c0) IS TRUE)  as count FROM vt1 ORDER BY (((- (vt1.c0)))>(vt1.c0))  NULLS LAST);
SELECT * FROM vt1 WHERE ((CASE WHEN vt1.c0 THEN vt1.c0 END IN (((vt1.c0) NOTNULL), (+ (vt1.c0)))));
SELECT SUM(count) FROM (SELECT ALL (((CASE WHEN vt1.c0 THEN vt1.c0 END IN (((vt1.c0) NOTNULL), (+ (vt1.c0))))) IS TRUE)  as count FROM vt1);
SELECT ALL * FROM vt1 WHERE (vt1.c0) ORDER BY ((vt1.c0) BETWEEN (vt1.c0) AND (x'7856b234')) COLLATE NOCASE  NULLS FIRST;
SELECT SUM(count) FROM (SELECT ((vt1.c0) IS TRUE)  as count FROM vt1 ORDER BY ((vt1.c0) BETWEEN (vt1.c0) AND (x'7856b234')) COLLATE NOCASE  NULLS FIRST);
SELECT * FROM t0 WHERE (HEX(DISTINCT t0.c0) COLLATE RTRIM) ORDER BY CAST((((t0.c0)) BETWEEN ((t0.c0)) AND ((t0.c0))) AS NUMERIC);
SELECT SUM(count) FROM (SELECT ALL ((HEX(DISTINCT t0.c0) COLLATE RTRIM) IS TRUE)  as count FROM t0 ORDER BY CAST((((t0.c0)) BETWEEN ((t0.c0)) AND ((t0.c0))) AS NUMERIC));
SELECT COUNT(*) FROM vt1 WHERE (vt1.c0);
SELECT SUM(count) FROM (SELECT ALL ((vt1.c0) IS TRUE)  as count FROM vt1);
SELECT COUNT(*) FROM t0 WHERE (CASE WHEN ((t0.c0)<<(t0.c0)) THEN (+ (t0.c0)) ELSE 0.1773074517728932 END) ORDER BY ((CASE t0.c0  WHEN t0.c0 THEN t0.c0 ELSE '' END) NOT BETWEEN (((((t0.c0)AND(t0.c0)))OR(t0.c0))) AND (((NULL) NOT BETWEEN (t0.c0) AND (t0.c0)))) DESC  NULLS LAST, ('' IN (x'', ((((((((((((t0.c0)OR(x'')))AND(t0.c0)))AND(t0.c0)))OR(t0.c0)))OR(t0.c0)))OR(t0.c0))))  NULLS FIRST, (((t0.c0 IN ())) NOT NULL), TRIM(((t0.c0) BETWEEN (t0.c0) AND (t0.c0)))  NULLS LAST;
SELECT SUM(count) FROM (SELECT ((CASE WHEN ((t0.c0)<<(t0.c0)) THEN (+ (t0.c0)) ELSE 0.1773074517728932 END) IS TRUE)  as count FROM t0 ORDER BY ((CASE t0.c0  WHEN t0.c0 THEN t0.c0 ELSE '' END) NOT BETWEEN (((((t0.c0)AND(t0.c0)))OR(t0.c0))) AND (((NULL) NOT BETWEEN (t0.c0) AND (t0.c0)))) DESC  NULLS LAST, ('' IN (x'', ((((((((((((t0.c0)OR(x'')))AND(t0.c0)))AND(t0.c0)))OR(t0.c0)))OR(t0.c0)))OR(t0.c0))))  NULLS FIRST, (((t0.c0 IN ())) NOT NULL), TRIM(((t0.c0) BETWEEN (t0.c0) AND (t0.c0)))  NULLS LAST);
SELECT ALL COUNT(*) FROM vt1 WHERE (vt1.c0);
SELECT SUM(count) FROM (SELECT ((vt1.c0) IS TRUE)  as count FROM vt1);
SELECT ALL COUNT(*) FROM t0 WHERE ((t0.c0 IN ()));
SELECT SUM(count) FROM (SELECT (((t0.c0 IN ())) IS TRUE)  as count FROM t0);
SELECT COUNT(*) FROM vt1 CROSS JOIN t0 ON GLOB(((vt1.c0)<<(vt1.c0)), ((vt1.c0)+(vt1.c0))) WHERE (((t0.c0)OR(t0.c0)) COLLATE NOCASE);
SELECT SUM(count) FROM (SELECT ((((t0.c0)OR(t0.c0)) COLLATE NOCASE) IS TRUE)  as count FROM vt1 CROSS JOIN t0 ON GLOB(((vt1.c0)<<(vt1.c0)), ((vt1.c0)+(vt1.c0))));
SELECT ALL * FROM vt1 WHERE (CASE WHEN ((vt1.c0) NOT BETWEEN (vt1.c0) AND (vt1.c0)) THEN 0.4377060765439632 ELSE ((vt1.c0) NOT BETWEEN (vt1.c0) AND (vt1.c0)) END) ORDER BY ((((((((vt1.c0 COLLATE RTRIM)OR(LIKELY(vt1.c0))))OR('-2194822')))OR(vt1.c0)))OR((~ (NULL)))) DESC;
SELECT SUM(count) FROM (SELECT ALL ((CASE WHEN ((vt1.c0) NOT BETWEEN (vt1.c0) AND (vt1.c0)) THEN 0.4377060765439632 ELSE ((vt1.c0) NOT BETWEEN (vt1.c0) AND (vt1.c0)) END) IS TRUE)  as count FROM vt1 ORDER BY ((((((((vt1.c0 COLLATE RTRIM)OR(LIKELY(vt1.c0))))OR('-2194822')))OR(vt1.c0)))OR((~ (NULL)))) DESC);
SELECT * FROM t0 WHERE ('-594013783');
SELECT SUM(count) FROM (SELECT ALL (('-594013783') IS TRUE)  as count FROM t0);
SELECT * FROM t0, vt1 WHERE ((((0X5333a38f)) NOT BETWEEN ((CAST(vt1.c0 AS NUMERIC))) AND ((((0.3009456065477194)GLOB(vt1.c0))))));
SELECT SUM(count) FROM (SELECT ALL (((((0X5333a38f)) NOT BETWEEN ((CAST(vt1.c0 AS NUMERIC))) AND ((((0.3009456065477194)GLOB(vt1.c0)))))) IS TRUE)  as count FROM t0, vt1);
SELECT COUNT(*) FROM vt1, t0 WHERE (0.7405872623892011) ORDER BY x'' ASC  NULLS FIRST;
SELECT SUM(count) FROM (SELECT ALL ((0.7405872623892011) IS TRUE)  as count FROM vt1, t0 ORDER BY x'' ASC  NULLS FIRST);
SELECT ALL * FROM t0, vt1 WHERE (((((vt1.c0) IS FALSE))/(CASE vt1.c0  WHEN t0.c0 THEN vt1.c0 END)));
SELECT SUM(count) FROM (SELECT ((((((vt1.c0) IS FALSE))/(CASE vt1.c0  WHEN t0.c0 THEN vt1.c0 END))) IS TRUE)  as count FROM t0, vt1);
SELECT ALL COUNT(*) FROM vt1 INNER JOIN t0 ON ((t0.c0)>=(COALESCE(DISTINCT t0.c0, t0.c0))) WHERE (((NULL)>=((((t0.c0)) BETWEEN ((t0.c0)) AND ((vt1.c0)))))) ORDER BY t0.c0 DESC, ((((((vt1.c0)>>(t0.c0)))OR((((vt1.c0, x'79ec', t0.c0)) NOT BETWEEN ((vt1.c0, vt1.c0, t0.c0)) AND ((vt1.c0, vt1.c0, t0.c0))))))OR(t0.c0 COLLATE NOCASE)) ASC, (((((t0.c0)) BETWEEN ((t0.c0)) AND ((t0.c0))))<((+ (vt1.c0))));
SELECT SUM(count) FROM (SELECT ((((NULL)>=((((t0.c0)) BETWEEN ((t0.c0)) AND ((vt1.c0)))))) IS TRUE)  as count FROM vt1 INNER JOIN t0 ON ((t0.c0)>=(COALESCE(DISTINCT t0.c0, t0.c0))) ORDER BY t0.c0 DESC, ((((((vt1.c0)>>(t0.c0)))OR((((vt1.c0, x'79ec', t0.c0)) NOT BETWEEN ((vt1.c0, vt1.c0, t0.c0)) AND ((vt1.c0, vt1.c0, t0.c0))))))OR(t0.c0 COLLATE NOCASE)) ASC, (((((t0.c0)) BETWEEN ((t0.c0)) AND ((t0.c0))))<((+ (vt1.c0)))));
SELECT * FROM t0 WHERE (((((t0.c0)OR(CAST(t0.c0 AS BLOB))))AND((NOT (t0.c0)))));
SELECT SUM(count) FROM (SELECT ALL ((((((t0.c0)OR(CAST(t0.c0 AS BLOB))))AND((NOT (t0.c0))))) IS TRUE)  as count FROM t0);
SELECT * FROM vt1, t0 WHERE (((vt1.c0 IN (vt1.c0)) IN ((NOT (x'')), CASE WHEN t0.c0 THEN t0.c0 WHEN vt1.c0 THEN vt1.c0 WHEN t0.c0 THEN '' ELSE vt1.c0 END))) ORDER BY ((TRIM(DISTINCT vt1.c0, vt1.c0)) BETWEEN (((((((((t0.c0)AND(vt1.c0)))OR(vt1.c0)))OR(t0.c0)))OR(t0.c0))) AND (CASE WHEN vt1.c0 THEN t0.c0 ELSE vt1.c0 END)) ASC  NULLS LAST;
SELECT SUM(count) FROM (SELECT ((((vt1.c0 IN (vt1.c0)) IN ((NOT (x'')), CASE WHEN t0.c0 THEN t0.c0 WHEN vt1.c0 THEN vt1.c0 WHEN t0.c0 THEN '' ELSE vt1.c0 END))) IS TRUE)  as count FROM vt1, t0 ORDER BY ((TRIM(DISTINCT vt1.c0, vt1.c0)) BETWEEN (((((((((t0.c0)AND(vt1.c0)))OR(vt1.c0)))OR(t0.c0)))OR(t0.c0))) AND (CASE WHEN vt1.c0 THEN t0.c0 ELSE vt1.c0 END)) ASC  NULLS LAST);
SELECT ALL * FROM vt1, t0 WHERE (((((UPPER(DISTINCT vt1.c0))OR(LIKELIHOOD(t0.c0, 0.7149553193087116))))OR(LIKELIHOOD(DISTINCT vt1.c0, 0.37319456504365556)))) ORDER BY ((((vt1.c0) ISNULL)) BETWEEN (vt1.c0) AND (((NULL)>=(t0.c0)))) DESC  NULLS FIRST, (+ (t0.c0)) COLLATE NOCASE ASC;
SELECT SUM(count) FROM (SELECT ((((((UPPER(DISTINCT vt1.c0))OR(LIKELIHOOD(t0.c0, 0.7149553193087116))))OR(LIKELIHOOD(DISTINCT vt1.c0, 0.37319456504365556)))) IS TRUE)  as count FROM vt1, t0 ORDER BY ((((vt1.c0) ISNULL)) BETWEEN (vt1.c0) AND (((NULL)>=(t0.c0)))) DESC  NULLS FIRST, (+ (t0.c0)) COLLATE NOCASE ASC);
SELECT COUNT(*) FROM vt1 CROSS JOIN t0 ON (((vt1.c0 IN ()))LIKE((NULL IN ()))) WHERE ((~ (((vt1.c0)-(NULL)))));
SELECT SUM(count) FROM (SELECT (((~ (((vt1.c0)-(NULL))))) IS TRUE)  as count FROM vt1 CROSS JOIN t0 ON (((vt1.c0 IN ()))LIKE((NULL IN ()))));
SELECT COUNT(*) FROM t0 CROSS JOIN vt1 ON ((((vt1.c0) IS TRUE))<(CAST(vt1.c0 AS NUMERIC))) WHERE (CAST(((-50205380)=(t0.c0)) AS NUMERIC));
SELECT SUM(count) FROM (SELECT ALL ((CAST(((-50205380)=(t0.c0)) AS NUMERIC)) IS TRUE)  as count FROM t0 CROSS JOIN vt1 ON ((((vt1.c0) IS TRUE))<(CAST(vt1.c0 AS NUMERIC))));
SELECT ALL COUNT(*) FROM t0 WHERE (SQLITE_COMPILEOPTION_GET((((t0.c0))<=((t0.c0)))));
SELECT SUM(count) FROM (SELECT ALL ((SQLITE_COMPILEOPTION_GET((((t0.c0))<=((t0.c0))))) IS TRUE)  as count FROM t0);
SELECT * FROM t0 WHERE (t0.c0);
SELECT SUM(count) FROM (SELECT ((t0.c0) IS TRUE)  as count FROM t0);
SELECT ALL * FROM vt1 WHERE (vt1.c0) ORDER BY CAST(((vt1.c0)>=(vt1.c0)) AS REAL)  NULLS LAST;
SELECT SUM(count) FROM (SELECT ((vt1.c0) IS TRUE)  as count FROM vt1 ORDER BY CAST(((vt1.c0)>=(vt1.c0)) AS REAL)  NULLS LAST);
SELECT ALL COUNT(*) FROM t0 WHERE ((('1892629339')-(((t0.c0)-(t0.c0)))));
SELECT SUM(count) FROM (SELECT ALL (((('1892629339')-(((t0.c0)-(t0.c0))))) IS TRUE)  as count FROM t0);
SELECT COUNT(*) FROM vt1 RIGHT OUTER JOIN t0 ON ((t0.c0)/(CASE WHEN t0.c0 THEN vt1.c0 WHEN -1095021045 THEN t0.c0 WHEN t0.c0 THEN t0.c0 ELSE '681623280' END)) WHERE (0xffffffff84edceec);
SELECT SUM(count) FROM (SELECT ALL ((0Xffffffff84edceec) IS TRUE)  as count FROM vt1 RIGHT OUTER JOIN t0 ON ((t0.c0)/(CASE WHEN t0.c0 THEN vt1.c0 WHEN -1095021045 THEN t0.c0 WHEN t0.c0 THEN t0.c0 ELSE '681623280' END)));
SELECT ALL COUNT(*) FROM vt1, t0 WHERE (CASE (vt1.c0 IN ())  WHEN CASE WHEN vt1.c0 THEN t0.c0 WHEN t0.c0 THEN vt1.c0 WHEN t0.c0 THEN vt1.c0 ELSE t0.c0 END THEN ('yu8I' IN ()) WHEN (~ (0Xfffffffffafb7b8e)) THEN ((((t0.c0)OR(t0.c0)))OR(t0.c0)) WHEN CASE vt1.c0  WHEN vt1.c0 THEN t0.c0 WHEN vt1.c0 THEN t0.c0 WHEN vt1.c0 THEN vt1.c0 END THEN (+ (t0.c0)) END) ORDER BY (((t0.c0)) NOT BETWEEN ((((((((((0.29584520654051816)AND(t0.c0)))AND(t0.c0)))OR(vt1.c0)))AND(t0.c0)))) AND ((CAST(vt1.c0 AS INTEGER))));
SELECT SUM(count) FROM (SELECT ALL ((CASE (vt1.c0 IN ())  WHEN CASE WHEN vt1.c0 THEN t0.c0 WHEN t0.c0 THEN vt1.c0 WHEN t0.c0 THEN vt1.c0 ELSE t0.c0 END THEN ('yu8I' IN ()) WHEN (~ (0xfffffffffafb7b8e)) THEN ((((t0.c0)OR(t0.c0)))OR(t0.c0)) WHEN CASE vt1.c0  WHEN vt1.c0 THEN t0.c0 WHEN vt1.c0 THEN t0.c0 WHEN vt1.c0 THEN vt1.c0 END THEN (+ (t0.c0)) END) IS TRUE)  as count FROM vt1, t0 ORDER BY (((t0.c0)) NOT BETWEEN ((((((((((0.29584520654051816)AND(t0.c0)))AND(t0.c0)))OR(vt1.c0)))AND(t0.c0)))) AND ((CAST(vt1.c0 AS INTEGER)))));
SELECT ALL * FROM t0, vt1 INDEXED BY i23 WHERE (CASE WHEN 0.5638987162702346 THEN vt1.c0 COLLATE NOCASE END);
SELECT SUM(count) FROM (SELECT ((CASE WHEN 0.5638987162702346 THEN vt1.c0 COLLATE NOCASE END) IS TRUE)  as count FROM t0, vt1 INDEXED BY i23);
SELECT ALL * FROM vt1 WHERE (((vt1.c0 COLLATE RTRIM) NOT BETWEEN ((((vt1.c0))<=((vt1.c0)))) AND (((vt1.c0) IS TRUE))));
SELECT SUM(count) FROM (SELECT ALL ((((vt1.c0 COLLATE RTRIM) NOT BETWEEN ((((vt1.c0))<=((vt1.c0)))) AND (((vt1.c0) IS TRUE)))) IS TRUE)  as count FROM vt1);
SELECT * FROM vt1, t0 WHERE (CAST(t0.c0 AS REAL)) ORDER BY ((CAST(t0.c0 AS TEXT))&((((t0.c0, t0.c0, vt1.c0)) NOT BETWEEN ((t0.c0, t0.c0, vt1.c0)) AND ((t0.c0, t0.c0, vt1.c0)))))  NULLS FIRST;
SELECT SUM(count) FROM (SELECT ALL ((CAST(t0.c0 AS REAL)) IS TRUE)  as count FROM vt1, t0 ORDER BY ((CAST(t0.c0 AS TEXT))&((((t0.c0, t0.c0, vt1.c0)) NOT BETWEEN ((t0.c0, t0.c0, vt1.c0)) AND ((t0.c0, t0.c0, vt1.c0)))))  NULLS FIRST);
SELECT ALL * FROM vt1 WHERE (x'0b67e41f');
SELECT SUM(count) FROM (SELECT ALL ((x'0b67e41f') IS TRUE)  as count FROM vt1);
SELECT ALL COUNT(*) FROM vt1 LEFT OUTER JOIN t0 ON ((((((((((((t0.c0)AND(vt1.c0)))AND(t0.c0)))AND((+ (t0.c0)))))OR(((t0.c0) IS FALSE))))AND(((t0.c0) BETWEEN (t0.c0) AND (vt1.c0)))))AND(NULL)) WHERE ((((((t0.c0)<(vt1.c0)), ((t0.c0) BETWEEN (t0.c0) AND (vt1.c0)), (- (t0.c0))))>=(((- (t0.c0)), ((t0.c0)>>(t0.c0)), QUOTE(vt1.c0))))) ORDER BY ((t0.c0)AND((+ (t0.c0)))), (((vt1.c0 IN ()))*(CAST(t0.c0 AS REAL))) ASC  NULLS LAST;
SELECT SUM(count) FROM (SELECT ALL (((((((t0.c0)<(vt1.c0)), ((t0.c0) BETWEEN (t0.c0) AND (vt1.c0)), (- (t0.c0))))>=(((- (t0.c0)), ((t0.c0)>>(t0.c0)), QUOTE(vt1.c0))))) IS TRUE)  as count FROM vt1 LEFT OUTER JOIN t0 ON ((((((((((((t0.c0)AND(vt1.c0)))AND(t0.c0)))AND((+ (t0.c0)))))OR(((t0.c0) IS FALSE))))AND(((t0.c0) BETWEEN (t0.c0) AND (vt1.c0)))))AND(NULL)) ORDER BY ((t0.c0)AND((+ (t0.c0)))), (((vt1.c0 IN ()))*(CAST(t0.c0 AS REAL))) ASC  NULLS LAST);
SELECT ALL * FROM vt1 WHERE ((~ (UNLIKELY(vt1.c0)))) ORDER BY LTRIM((+ (vt1.c0)), ((vt1.c0)/(vt1.c0)))  NULLS LAST, LIKELY(DISTINCT (vt1.c0 IN (vt1.c0)));
SELECT SUM(count) FROM (SELECT (((~ (UNLIKELY(vt1.c0)))) IS TRUE)  as count FROM vt1 ORDER BY LTRIM((+ (vt1.c0)), ((vt1.c0)/(vt1.c0)))  NULLS LAST, LIKELY(DISTINCT (vt1.c0 IN (vt1.c0))));
SELECT ALL * FROM t0 WHERE (t0.c0);
SELECT SUM(count) FROM (SELECT ALL ((t0.c0) IS TRUE)  as count FROM t0);
SELECT ALL COUNT(*) FROM t0 WHERE (CAST(CASE WHEN t0.c0 THEN t0.c0 WHEN t0.c0 THEN NULL WHEN t0.c0 THEN 0.42952211658092454 ELSE t0.c0 END AS INTEGER)) ORDER BY t0.c0, (((((((((((t0.c0))<=((t0.c0))))OR((t0.c0 IN (t0.c0)))))AND(CASE WHEN t0.c0 THEN t0.c0 END)))OR(x'' COLLATE RTRIM)))AND(((t0.c0) BETWEEN (t0.c0) AND (t0.c0)))) ASC;
SELECT SUM(count) FROM (SELECT ALL ((CAST(CASE WHEN t0.c0 THEN t0.c0 WHEN t0.c0 THEN NULL WHEN t0.c0 THEN 0.42952211658092454 ELSE t0.c0 END AS INTEGER)) IS TRUE)  as count FROM t0 ORDER BY t0.c0, (((((((((((t0.c0))<=((t0.c0))))OR((t0.c0 IN (t0.c0)))))AND(CASE WHEN t0.c0 THEN t0.c0 END)))OR(x'' COLLATE RTRIM)))AND(((t0.c0) BETWEEN (t0.c0) AND (t0.c0)))) ASC);
SELECT ALL * FROM vt1, t0 WHERE (CAST(SQLITE_COMPILEOPTION_USED(vt1.c0) AS TEXT)) ORDER BY (((t0.c0)) BETWEEN ((((((t0.c0)OR(t0.c0)))OR(t0.c0)))) AND (('850828055')))  NULLS FIRST;
SELECT SUM(count) FROM (SELECT ((CAST(SQLITE_COMPILEOPTION_USED(vt1.c0) AS TEXT)) IS TRUE)  as count FROM vt1, t0 ORDER BY (((t0.c0)) BETWEEN ((((((t0.c0)OR(t0.c0)))OR(t0.c0)))) AND (('850828055')))  NULLS FIRST);
SELECT * FROM t0 CROSS JOIN vt1 ON t0.c0 WHERE (((vt1.c0)||(vt1.c0 COLLATE NOCASE)));
SELECT SUM(count) FROM (SELECT ALL ((((vt1.c0)||(vt1.c0 COLLATE NOCASE))) IS TRUE)  as count FROM t0 CROSS JOIN vt1 ON t0.c0);
SELECT ALL COUNT(*) FROM t0, vt1 WHERE ((- ((((vt1.c0, '', vt1.c0))!=((vt1.c0, t0.c0, vt1.c0)))))) ORDER BY ((vt1.c0) IS FALSE) COLLATE NOCASE DESC;
SELECT SUM(count) FROM (SELECT ALL (((- ((((vt1.c0, '', vt1.c0))!=((vt1.c0, t0.c0, vt1.c0)))))) IS TRUE)  as count FROM t0, vt1 ORDER BY ((vt1.c0) IS FALSE) COLLATE NOCASE DESC);
SELECT ALL COUNT(*) FROM vt1 WHERE (TRIM(NULL)) ORDER BY ((((((vt1.c0) IS TRUE))AND(((vt1.c0) NOTNULL))))AND('907376858')) DESC;
SELECT SUM(count) FROM (SELECT ((TRIM(NULL)) IS TRUE)  as count FROM vt1 ORDER BY ((((((vt1.c0) IS TRUE))AND(((vt1.c0) NOTNULL))))AND('907376858')) DESC);
SELECT ALL COUNT(*) FROM t0 WHERE ((((((NOT (t0.c0)))AND(((t0.c0)AND(t0.c0)))))AND((('-1500847444')>>(t0.c0))))) ORDER BY t0.c0 ASC;
SELECT SUM(count) FROM (SELECT ALL (((((((NOT (t0.c0)))AND(((t0.c0)AND(t0.c0)))))AND((('-1500847444')>>(t0.c0))))) IS TRUE)  as count FROM t0 ORDER BY t0.c0 ASC);
SELECT COUNT(*) FROM t0 WHERE (CASE ((((t0.c0)OR(t0.c0)))AND(t0.c0))  WHEN t0.c0 THEN (t0.c0 IN (t0.c0)) WHEN (t0.c0 IN ()) THEN t0.c0 COLLATE NOCASE WHEN (t0.c0 IN ()) THEN (((t0.c0))>=((t0.c0))) WHEN LIKELY(t0.c0) THEN ((t0.c0) NOTNULL) WHEN CASE WHEN t0.c0 THEN t0.c0 END THEN ((((((((t0.c0)AND(t0.c0)))OR(t0.c0)))AND(t0.c0)))AND(t0.c0)) ELSE (+ (t0.c0)) END);
SELECT SUM(count) FROM (SELECT ALL ((CASE ((((t0.c0)OR(t0.c0)))AND(t0.c0))  WHEN t0.c0 THEN (t0.c0 IN (t0.c0)) WHEN (t0.c0 IN ()) THEN t0.c0 COLLATE NOCASE WHEN (t0.c0 IN ()) THEN (((t0.c0))>=((t0.c0))) WHEN LIKELY(t0.c0) THEN ((t0.c0) NOTNULL) WHEN CASE WHEN t0.c0 THEN t0.c0 END THEN ((((((((t0.c0)AND(t0.c0)))OR(t0.c0)))AND(t0.c0)))AND(t0.c0)) ELSE (+ (t0.c0)) END) IS TRUE)  as count FROM t0);
SELECT COUNT(*) FROM vt1, t0 WHERE ((vt1.c0 IN (t0.c0)) COLLATE BINARY) ORDER BY (((((vt1.c0))>=((t0.c0))))|(vt1.c0 COLLATE RTRIM)) DESC, t0.c0;
SELECT SUM(count) FROM (SELECT ALL (((vt1.c0 IN (t0.c0)) COLLATE BINARY) IS TRUE)  as count FROM vt1, t0 ORDER BY (((((vt1.c0))>=((t0.c0))))|(vt1.c0 COLLATE RTRIM)) DESC, t0.c0);
SELECT COUNT(*) FROM vt1 WHERE (vt1.c0);
SELECT SUM(count) FROM (SELECT ((vt1.c0) IS TRUE)  as count FROM vt1);
SELECT ALL COUNT(*) FROM t0, vt1 WHERE (0.7905611701208439 COLLATE NOCASE) ORDER BY (((vt1.c0)) NOT BETWEEN ((((t0.c0) ISNULL))) AND ((x'5f9b' COLLATE RTRIM)));
SELECT SUM(count) FROM (SELECT ALL ((0.7905611701208439 COLLATE NOCASE) IS TRUE)  as count FROM t0, vt1 ORDER BY (((vt1.c0)) NOT BETWEEN ((((t0.c0) ISNULL))) AND ((x'5f9b' COLLATE RTRIM))));
SELECT COUNT(*) FROM vt1, t0 WHERE (UNICODE(((t0.c0)<(vt1.c0))));
SELECT SUM(count) FROM (SELECT ALL ((UNICODE(((t0.c0)<(vt1.c0)))) IS TRUE)  as count FROM vt1, t0);
SELECT COUNT(*) FROM t0 FULL OUTER JOIN vt1 ON (((~ (t0.c0))) IS FALSE) WHERE (((CAST(t0.c0 AS INTEGER)) IS TRUE));
SELECT SUM(count) FROM (SELECT ALL ((((CAST(t0.c0 AS INTEGER)) IS TRUE)) IS TRUE)  as count FROM t0 FULL OUTER JOIN vt1 ON (((~ (t0.c0))) IS FALSE));
SELECT * FROM vt1, t0 WHERE (0.0642837660840273) ORDER BY ((- (t0.c0)) IN ()) ASC;
SELECT SUM(count) FROM (SELECT ALL ((0.0642837660840273) IS TRUE)  as count FROM vt1, t0 ORDER BY ((- (t0.c0)) IN ()) ASC);
SELECT ALL * FROM t0 WHERE ((((((((((((t0.c0)OR(t0.c0)))AND(t0.c0)))OR(t0.c0)))AND(NULL))))=((((t0.c0) BETWEEN (t0.c0) AND (''))))));
SELECT SUM(count) FROM (SELECT ALL (((((((((((((t0.c0)OR(t0.c0)))AND(t0.c0)))OR(t0.c0)))AND(NULL))))==((((t0.c0) BETWEEN (t0.c0) AND ('')))))) IS TRUE)  as count FROM t0);
SELECT * FROM vt1 WHERE (((CAST(vt1.c0 AS NUMERIC)) NOTNULL)) ORDER BY (((vt1.c0, vt1.c0, NULL)) BETWEEN ((((vt1.c0) IS FALSE), ((vt1.c0)IS NOT(vt1.c0)), vt1.c0)) AND ((LIKELIHOOD(vt1.c0, 0.5248928948149646), CAST(vt1.c0 AS REAL), (vt1.c0 IN (vt1.c0))))) ASC  NULLS FIRST;
SELECT SUM(count) FROM (SELECT ALL ((((CAST(vt1.c0 AS NUMERIC)) NOTNULL)) IS TRUE)  as count FROM vt1 ORDER BY (((vt1.c0, vt1.c0, NULL)) BETWEEN ((((vt1.c0) IS FALSE), ((vt1.c0)IS NOT(vt1.c0)), vt1.c0)) AND ((LIKELIHOOD(vt1.c0, 0.5248928948149646), CAST(vt1.c0 AS REAL), (vt1.c0 IN (vt1.c0))))) ASC  NULLS FIRST);
SELECT * FROM vt1 WHERE (((UNICODE(vt1.c0)) ISNULL));
SELECT SUM(count) FROM (SELECT ((((UNICODE(vt1.c0)) ISNULL)) IS TRUE)  as count FROM vt1);
SELECT ALL COUNT(*) FROM vt1 NATURAL JOIN t0 WHERE ((vt1.c0 IN ()));
SELECT SUM(count) FROM (SELECT ALL (((vt1.c0 IN ())) IS TRUE)  as count FROM vt1 NATURAL JOIN t0);
SELECT * FROM vt1 WHERE (((((CASE vt1.c0  WHEN vt1.c0 THEN vt1.c0 END)OR(NULL)))AND((vt1.c0 IN ()))));
SELECT SUM(count) FROM (SELECT ALL ((((((CASE vt1.c0  WHEN vt1.c0 THEN vt1.c0 END)OR(NULL)))AND((vt1.c0 IN ())))) IS TRUE)  as count FROM vt1);
SELECT * FROM t0, vt1 WHERE (vt1.c0) ORDER BY ((CAST(NULL AS NUMERIC))>=((t0.c0 IN ())))  NULLS LAST;
SELECT SUM(count) FROM (SELECT ALL ((vt1.c0) IS TRUE)  as count FROM t0, vt1 ORDER BY ((CAST(NULL AS NUMERIC))>=((t0.c0 IN ())))  NULLS LAST);
SELECT ALL COUNT(*) FROM t0, vt1 WHERE (((((vt1.c0)!=(vt1.c0)))OR(((((((((x'')AND(vt1.c0)))OR(t0.c0)))AND(vt1.c0)))AND(t0.c0))))) ORDER BY CAST((((vt1.c0)) NOT BETWEEN ((t0.c0)) AND ((NULL))) AS NUMERIC) ASC  NULLS LAST;
SELECT SUM(count) FROM (SELECT ((((((vt1.c0)!=(vt1.c0)))OR(((((((((x'')AND(vt1.c0)))OR(t0.c0)))AND(vt1.c0)))AND(t0.c0))))) IS TRUE)  as count FROM t0, vt1 ORDER BY CAST((((vt1.c0)) NOT BETWEEN ((t0.c0)) AND ((NULL))) AS NUMERIC) ASC  NULLS LAST);
SELECT COUNT(*) FROM t0 WHERE (CAST('OZ' AS INTEGER));
SELECT SUM(count) FROM (SELECT ALL ((CAST('OZ' AS INTEGER)) IS TRUE)  as count FROM t0);
SELECT COUNT(*) FROM t0 WHERE (t0.c0) ORDER BY CASE ((t0.c0)<(t0.c0))  WHEN ((t0.c0) BETWEEN (t0.c0) AND (t0.c0)) THEN ((t0.c0) NOT NULL) WHEN (('-413975123')>=(t0.c0)) THEN ((((((((t0.c0)OR(t0.c0)))OR(t0.c0)))OR(t0.c0)))OR(t0.c0)) WHEN ((0.35282389366223454) NOTNULL) THEN (+ (t0.c0)) END  NULLS FIRST;
SELECT SUM(count) FROM (SELECT ((t0.c0) IS TRUE)  as count FROM t0 ORDER BY CASE ((t0.c0)<(t0.c0))  WHEN ((t0.c0) BETWEEN (t0.c0) AND (t0.c0)) THEN ((t0.c0) NOT NULL) WHEN (('-413975123')>=(t0.c0)) THEN ((((((((t0.c0)OR(t0.c0)))OR(t0.c0)))OR(t0.c0)))OR(t0.c0)) WHEN ((0.35282389366223454) NOTNULL) THEN (+ (t0.c0)) END  NULLS FIRST);
SELECT ALL COUNT(*) FROM vt1, t0 WHERE (CASE CASE WHEN t0.c0 THEN t0.c0 ELSE vt1.c0 END  WHEN '1151957517' THEN ((((t0.c0)OR(t0.c0)))AND(vt1.c0)) END);
SELECT SUM(count) FROM (SELECT ALL ((CASE CASE WHEN t0.c0 THEN t0.c0 ELSE vt1.c0 END  WHEN '1151957517' THEN ((((t0.c0)OR(t0.c0)))AND(vt1.c0)) END) IS TRUE)  as count FROM vt1, t0);
SELECT ALL * FROM vt1 WHERE ((((vt1.c0)) BETWEEN (((vt1.c0 IN ()))) AND ((vt1.c0 COLLATE RTRIM)))) ORDER BY (+ (CAST(x'' AS BLOB))) DESC  NULLS LAST, (+ ((((NULL)) BETWEEN ((vt1.c0)) AND ((vt1.c0))))) DESC  NULLS LAST;
SELECT SUM(count) FROM (SELECT (((((vt1.c0)) BETWEEN (((vt1.c0 IN ()))) AND ((vt1.c0 COLLATE RTRIM)))) IS TRUE)  as count FROM vt1 ORDER BY (+ (CAST(x'' AS BLOB))) DESC  NULLS LAST, (+ ((((NULL)) BETWEEN ((vt1.c0)) AND ((vt1.c0))))) DESC  NULLS LAST);
SELECT ALL COUNT(*) FROM t0, vt1 WHERE (((t0.c0)<>(vt1.c0)) COLLATE BINARY) ORDER BY (((t0.c0 IN ()))IS(t0.c0 COLLATE RTRIM))  NULLS LAST;
SELECT SUM(count) FROM (SELECT ALL ((((t0.c0)!=(vt1.c0)) COLLATE BINARY) IS TRUE)  as count FROM t0, vt1 ORDER BY (((t0.c0 IN ()))IS(t0.c0 COLLATE RTRIM))  NULLS LAST);
SELECT ALL * FROM vt1, t0 WHERE ('0.9102823914617119') ORDER BY (((vt1.c0)) BETWEEN ((DATETIME(vt1.c0, t0.c0, 0x589e35a2, t0.c0, vt1.c0))) AND ((t0.c0 COLLATE NOCASE))) DESC;
SELECT SUM(count) FROM (SELECT ALL (('0.9102823914617119') IS TRUE)  as count FROM vt1, t0 ORDER BY (((vt1.c0)) BETWEEN ((DATETIME(vt1.c0, t0.c0, 0X589e35a2, t0.c0, vt1.c0))) AND ((t0.c0 COLLATE NOCASE))) DESC);
SELECT ALL COUNT(*) FROM vt1, t0 WHERE (((((vt1.c0)OR((t0.c0 IN ()))))AND(((t0.c0) NOT BETWEEN (t0.c0) AND (t0.c0))))) ORDER BY ((((vt1.c0) NOT NULL)) IS TRUE) DESC, (- (((t0.c0)IS NOT(vt1.c0))))  NULLS FIRST;
SELECT SUM(count) FROM (SELECT ALL ((((((vt1.c0)OR((t0.c0 IN ()))))AND(((t0.c0) NOT BETWEEN (t0.c0) AND (t0.c0))))) IS TRUE)  as count FROM vt1, t0 ORDER BY ((((vt1.c0) NOT NULL)) IS TRUE) DESC, (- (((t0.c0)IS NOT(vt1.c0))))  NULLS FIRST);
SELECT COUNT(*) FROM t0, vt1 WHERE (((((t0.c0) BETWEEN (t0.c0) AND (vt1.c0)))OR(t0.c0 COLLATE BINARY))) ORDER BY vt1.c0 DESC  NULLS LAST;
SELECT SUM(count) FROM (SELECT ((((((t0.c0) BETWEEN (t0.c0) AND (vt1.c0)))OR(t0.c0 COLLATE BINARY))) IS TRUE)  as count FROM t0, vt1 ORDER BY vt1.c0 DESC  NULLS LAST);
SELECT ALL * FROM t0 WHERE (((t0.c0)>(CAST(t0.c0 AS INTEGER))));
SELECT SUM(count) FROM (SELECT ((((t0.c0)>(CAST(t0.c0 AS INTEGER)))) IS TRUE)  as count FROM t0);
SELECT * FROM t0, vt1 WHERE (CASE ((t0.c0)==(vt1.c0))  WHEN CAST(vt1.c0 AS NUMERIC) THEN (vt1.c0 IN ()) END);
SELECT SUM(count) FROM (SELECT ((CASE ((t0.c0)==(vt1.c0))  WHEN CAST(vt1.c0 AS NUMERIC) THEN (vt1.c0 IN ()) END) IS TRUE)  as count FROM t0, vt1);
SELECT * FROM t0 WHERE (((((t0.c0)IS NOT(t0.c0))) IS TRUE));
SELECT SUM(count) FROM (SELECT ((((((t0.c0)IS NOT(t0.c0))) IS TRUE)) IS TRUE)  as count FROM t0);
SELECT COUNT(*) FROM vt1 WHERE ((((vt1.c0)>(vt1.c0)) IN ()));
SELECT SUM(count) FROM (SELECT (((((vt1.c0)>(vt1.c0)) IN ())) IS TRUE)  as count FROM vt1);
SELECT COUNT(*) FROM t0 FULL OUTER JOIN vt1 ON 0x0 WHERE (((TYPEOF(t0.c0)) ISNULL));
SELECT SUM(count) FROM (SELECT ((((TYPEOF(t0.c0)) ISNULL)) IS TRUE)  as count FROM t0 FULL OUTER JOIN vt1 ON 0X0);
SELECT ALL * FROM vt1 FULL OUTER JOIN t0 ON NULLIF(DISTINCT ((vt1.c0)<(t0.c0)), CAST(t0.c0 AS TEXT)) WHERE (LIKELIHOOD(CAST(vt1.c0 AS BLOB), 0.8776925164122682)) ORDER BY (((t0.c0)) NOT BETWEEN (((vt1.c0 IN ()))) AND ((t0.c0))) ASC, ((vt1.c0 COLLATE NOCASE) NOT BETWEEN (TRIM(DISTINCT vt1.c0, vt1.c0)) AND (DATE(t0.c0, vt1.c0, t0.c0))), 0.7367311296283003 DESC;
SELECT SUM(count) FROM (SELECT ((LIKELIHOOD(CAST(vt1.c0 AS BLOB), 0.8776925164122682)) IS TRUE)  as count FROM vt1 FULL OUTER JOIN t0 ON NULLIF(DISTINCT ((vt1.c0)<(t0.c0)), CAST(t0.c0 AS TEXT)) ORDER BY (((t0.c0)) NOT BETWEEN (((vt1.c0 IN ()))) AND ((t0.c0))) ASC, ((vt1.c0 COLLATE NOCASE) NOT BETWEEN (TRIM(DISTINCT vt1.c0, vt1.c0)) AND (DATE(t0.c0, vt1.c0, t0.c0))), 0.7367311296283003 DESC);
SELECT COUNT(*) FROM vt1 NATURAL JOIN t0 WHERE ((NOT ((+ (vt1.c0)))));
SELECT SUM(count) FROM (SELECT ALL (((NOT ((+ (vt1.c0))))) IS TRUE)  as count FROM vt1 NATURAL JOIN t0);
SELECT ALL COUNT(*) FROM t0 WHERE ((t0.c0 COLLATE NOCASE IN ())) ORDER BY COALESCE(((t0.c0)|(t0.c0)), ((t0.c0)|(t0.c0)));
SELECT SUM(count) FROM (SELECT (((t0.c0 COLLATE NOCASE IN ())) IS TRUE)  as count FROM t0 ORDER BY COALESCE(((t0.c0)|(t0.c0)), ((t0.c0)|(t0.c0))));
SELECT ALL COUNT(*) FROM vt1 WHERE (LIKELY(UNICODE(vt1.c0))) ORDER BY ((((vt1.c0)OR(vt1.c0)))OR(vt1.c0)) COLLATE BINARY;
SELECT SUM(count) FROM (SELECT ((LIKELY(UNICODE(vt1.c0))) IS TRUE)  as count FROM vt1 ORDER BY ((((vt1.c0)OR(vt1.c0)))OR(vt1.c0)) COLLATE BINARY);
SELECT ALL * FROM t0, vt1 WHERE ((- (((((t0.c0)AND(t0.c0)))AND(t0.c0)))));
SELECT SUM(count) FROM (SELECT (((- (((((t0.c0)AND(t0.c0)))AND(t0.c0))))) IS TRUE)  as count FROM t0, vt1);
SELECT ALL COUNT(*) FROM vt1 WHERE (((vt1.c0 COLLATE NOCASE)LIKE(((vt1.c0) BETWEEN (vt1.c0) AND (vt1.c0)))));
SELECT SUM(count) FROM (SELECT ALL ((((vt1.c0 COLLATE NOCASE)LIKE(((vt1.c0) BETWEEN (vt1.c0) AND (vt1.c0))))) IS TRUE)  as count FROM vt1);
SELECT COUNT(*) FROM t0 WHERE ((CASE WHEN x'' THEN t0.c0 END IN ()));
SELECT SUM(count) FROM (SELECT (((CASE WHEN x'' THEN t0.c0 END IN ())) IS TRUE)  as count FROM t0);
SELECT ALL * FROM t0, vt1 WHERE (((CASE WHEN t0.c0 THEN t0.c0 WHEN t0.c0 THEN vt1.c0 WHEN vt1.c0 THEN vt1.c0 WHEN t0.c0 THEN vt1.c0 WHEN NULL THEN vt1.c0 END)|((vt1.c0 IN ())))) ORDER BY ((((CASE t0.c0  WHEN t0.c0 THEN vt1.c0 WHEN t0.c0 THEN t0.c0 WHEN t0.c0 THEN t0.c0 END)OR(((vt1.c0) NOT NULL))))AND(t0.c0)), ((CAST(vt1.c0 AS NUMERIC))IS NOT('')) DESC  NULLS LAST;
SELECT SUM(count) FROM (SELECT ((((CASE WHEN t0.c0 THEN t0.c0 WHEN t0.c0 THEN vt1.c0 WHEN vt1.c0 THEN vt1.c0 WHEN t0.c0 THEN vt1.c0 WHEN NULL THEN vt1.c0 END)|((vt1.c0 IN ())))) IS TRUE)  as count FROM t0, vt1 ORDER BY ((((CASE t0.c0  WHEN t0.c0 THEN vt1.c0 WHEN t0.c0 THEN t0.c0 WHEN t0.c0 THEN t0.c0 END)OR(((vt1.c0) NOT NULL))))AND(t0.c0)), ((CAST(vt1.c0 AS NUMERIC))IS NOT('')) DESC  NULLS LAST);
SELECT COUNT(*) FROM t0 WHERE (NULL);
SELECT SUM(count) FROM (SELECT ALL ((NULL) IS TRUE)  as count FROM t0);
SELECT ALL * FROM vt1 NATURAL JOIN t0 WHERE (t0.c0) ORDER BY ((((t0.c0) NOT BETWEEN (t0.c0) AND (vt1.c0))) BETWEEN (((((t0.c0)AND(t0.c0)))AND(t0.c0))) AND (CASE WHEN vt1.c0 THEN vt1.c0 WHEN vt1.c0 THEN t0.c0 WHEN vt1.c0 THEN vt1.c0 END)) ASC  NULLS LAST;
SELECT SUM(count) FROM (SELECT ALL ((t0.c0) IS TRUE)  as count FROM vt1 NATURAL JOIN t0 ORDER BY ((((t0.c0) NOT BETWEEN (t0.c0) AND (vt1.c0))) BETWEEN (((((t0.c0)AND(t0.c0)))AND(t0.c0))) AND (CASE WHEN vt1.c0 THEN vt1.c0 WHEN vt1.c0 THEN t0.c0 WHEN vt1.c0 THEN vt1.c0 END)) ASC  NULLS LAST);
SELECT COUNT(*) FROM vt1 FULL OUTER JOIN t0 ON (((t0.c0, vt1.c0, t0.c0)) BETWEEN (((~ (vt1.c0)), ((t0.c0) BETWEEN (vt1.c0) AND (t0.c0)), TRIM(t0.c0))) AND ((x'', (t0.c0 IN ()), vt1.c0 COLLATE BINARY))) WHERE ((((((vt1.c0)<(t0.c0))))<=((x''))));
SELECT SUM(count) FROM (SELECT (((((((vt1.c0)<(t0.c0))))<=((x'')))) IS TRUE)  as count FROM vt1 FULL OUTER JOIN t0 ON (((t0.c0, vt1.c0, t0.c0)) BETWEEN (((~ (vt1.c0)), ((t0.c0) BETWEEN (vt1.c0) AND (t0.c0)), TRIM(t0.c0))) AND ((x'', (t0.c0 IN ()), vt1.c0 COLLATE BINARY))));
SELECT ALL COUNT(*) FROM vt1 WHERE (CAST((vt1.c0 IN ()) AS REAL)) ORDER BY (((vt1.c0)<=(vt1.c0)) IN ())  NULLS LAST, CAST(((vt1.c0) BETWEEN (vt1.c0) AND (vt1.c0)) AS NUMERIC) ASC  NULLS FIRST;
SELECT SUM(count) FROM (SELECT ((CAST((vt1.c0 IN ()) AS REAL)) IS TRUE)  as count FROM vt1 ORDER BY (((vt1.c0)<=(vt1.c0)) IN ())  NULLS LAST, CAST(((vt1.c0) BETWEEN (vt1.c0) AND (vt1.c0)) AS NUMERIC) ASC  NULLS FIRST);
SELECT ALL * FROM t0 LEFT OUTER JOIN vt1 ON (((((((((('2W9wu')>>(vt1.c0)))AND((((vt1.c0))==((vt1.c0))))))OR((NOT (vt1.c0)))))OR(((vt1.c0) ISNULL))))AND(t0.c0 COLLATE BINARY)) WHERE (((CASE WHEN t0.c0 THEN t0.c0 WHEN t0.c0 THEN vt1.c0 WHEN NULL THEN t0.c0 ELSE vt1.c0 END) BETWEEN (NULLIF(DISTINCT vt1.c0, t0.c0)) AND ((((t0.c0, t0.c0, vt1.c0)) BETWEEN ((vt1.c0, vt1.c0, vt1.c0)) AND ((t0.c0, vt1.c0, vt1.c0)))))) ORDER BY (+ ((+ (vt1.c0))))  NULLS LAST;
SELECT SUM(count) FROM (SELECT ALL ((((CASE WHEN t0.c0 THEN t0.c0 WHEN t0.c0 THEN vt1.c0 WHEN NULL THEN t0.c0 ELSE vt1.c0 END) BETWEEN (NULLIF(DISTINCT vt1.c0, t0.c0)) AND ((((t0.c0, t0.c0, vt1.c0)) BETWEEN ((vt1.c0, vt1.c0, vt1.c0)) AND ((t0.c0, vt1.c0, vt1.c0)))))) IS TRUE)  as count FROM t0 LEFT OUTER JOIN vt1 ON (((((((((('2W9wu')>>(vt1.c0)))AND((((vt1.c0))==((vt1.c0))))))OR((NOT (vt1.c0)))))OR(((vt1.c0) ISNULL))))AND(t0.c0 COLLATE BINARY)) ORDER BY (+ ((+ (vt1.c0))))  NULLS LAST);
SELECT COUNT(*) FROM t0 NATURAL JOIN vt1 WHERE (vt1.c0);
SELECT SUM(count) FROM (SELECT ALL ((vt1.c0) IS TRUE)  as count FROM t0 NATURAL JOIN vt1);
SELECT COUNT(*) FROM t0, vt1 WHERE (((CASE WHEN t0.c0 THEN t0.c0 WHEN vt1.c0 THEN vt1.c0 WHEN vt1.c0 THEN vt1.c0 ELSE t0.c0 END)<(t0.c0)));
SELECT SUM(count) FROM (SELECT ((((CASE WHEN t0.c0 THEN t0.c0 WHEN vt1.c0 THEN vt1.c0 WHEN vt1.c0 THEN vt1.c0 ELSE t0.c0 END)<(t0.c0))) IS TRUE)  as count FROM t0, vt1);
SELECT ALL COUNT(*) FROM vt1 FULL OUTER JOIN t0 ON ((CAST(vt1.c0 AS REAL)) NOT BETWEEN ((vt1.c0 IN ())) AND (((((vt1.c0)OR(vt1.c0)))OR(vt1.c0)))) WHERE ((((- (t0.c0))) NOT BETWEEN (((t0.c0) BETWEEN (t0.c0) AND (vt1.c0))) AND ((((t0.c0, t0.c0, t0.c0)) NOT BETWEEN ((t0.c0, vt1.c0, '-1429320024')) AND ((vt1.c0, vt1.c0, vt1.c0)))))) ORDER BY ABS(DISTINCT 'T}2rU!ฝc');
SELECT SUM(count) FROM (SELECT (((((- (t0.c0))) NOT BETWEEN (((t0.c0) BETWEEN (t0.c0) AND (vt1.c0))) AND ((((t0.c0, t0.c0, t0.c0)) NOT BETWEEN ((t0.c0, vt1.c0, '-1429320024')) AND ((vt1.c0, vt1.c0, vt1.c0)))))) IS TRUE)  as count FROM vt1 FULL OUTER JOIN t0 ON ((CAST(vt1.c0 AS REAL)) NOT BETWEEN ((vt1.c0 IN ())) AND (((((vt1.c0)OR(vt1.c0)))OR(vt1.c0)))) ORDER BY ABS(DISTINCT 'T}2rU!ฝc'));
SELECT COUNT(*) FROM t0, vt1 WHERE (((QUOTE(vt1.c0)) IS TRUE)) ORDER BY SQLITE_COMPILEOPTION_GET((((t0.c0, t0.c0, t0.c0))>((vt1.c0, vt1.c0, t0.c0))))  NULLS LAST;
SELECT SUM(count) FROM (SELECT ((((QUOTE(vt1.c0)) IS TRUE)) IS TRUE)  as count FROM t0, vt1 ORDER BY SQLITE_COMPILEOPTION_GET((((t0.c0, t0.c0, t0.c0))>((vt1.c0, vt1.c0, t0.c0))))  NULLS LAST);
SELECT COUNT(*) FROM vt1 WHERE (((vt1.c0 COLLATE BINARY) NOT BETWEEN ((0.030679766243606466 IN ())) AND (((((vt1.c0)OR(vt1.c0)))OR(0.3181667344768203))))) ORDER BY (+ ((- (vt1.c0))));
SELECT SUM(count) FROM (SELECT ALL ((((vt1.c0 COLLATE BINARY) NOT BETWEEN ((0.030679766243606466 IN ())) AND (((((vt1.c0)OR(vt1.c0)))OR(0.3181667344768203))))) IS TRUE)  as count FROM vt1 ORDER BY (+ ((- (vt1.c0)))));
SELECT ALL COUNT(*) FROM vt1 WHERE (vt1.c0) ORDER BY ((NULL) NOTNULL) ASC  NULLS LAST;
SELECT SUM(count) FROM (SELECT ALL ((vt1.c0) IS TRUE)  as count FROM vt1 ORDER BY ((NULL) NOTNULL) ASC  NULLS LAST);
SELECT ALL COUNT(*) FROM vt1 WHERE (CAST(vt1.c0 AS BLOB) COLLATE NOCASE) ORDER BY ((((vt1.c0)-(vt1.c0))) BETWEEN (((vt1.c0)!=(vt1.c0))) AND (vt1.c0 COLLATE NOCASE)) DESC;
SELECT SUM(count) FROM (SELECT ALL ((CAST(vt1.c0 AS BLOB) COLLATE NOCASE) IS TRUE)  as count FROM vt1 ORDER BY ((((vt1.c0)-(vt1.c0))) BETWEEN (((vt1.c0)!=(vt1.c0))) AND (vt1.c0 COLLATE NOCASE)) DESC);
SELECT ALL COUNT(*) FROM vt1, t0 WHERE (((((vt1.c0) NOT NULL))&(t0.c0 COLLATE BINARY)));
SELECT SUM(count) FROM (SELECT ((((((vt1.c0) NOT NULL))&(t0.c0 COLLATE BINARY))) IS TRUE)  as count FROM vt1, t0);
SELECT ALL COUNT(*) FROM t0 CROSS JOIN vt1 ON ((((t0.c0)IS NOT(t0.c0))) NOT BETWEEN (((vt1.c0) NOT BETWEEN (vt1.c0) AND (vt1.c0))) AND ((vt1.c0 IN ()))) WHERE (((0.16774744690378784 COLLATE BINARY)-(((vt1.c0)<(t0.c0))))) ORDER BY (((NOT (t0.c0)))-((+ ('818933552')))) DESC;
SELECT SUM(count) FROM (SELECT ALL ((((0.16774744690378784 COLLATE BINARY)-(((vt1.c0)<(t0.c0))))) IS TRUE)  as count FROM t0 CROSS JOIN vt1 ON ((((t0.c0)IS NOT(t0.c0))) NOT BETWEEN (((vt1.c0) NOT BETWEEN (vt1.c0) AND (vt1.c0))) AND ((vt1.c0 IN ()))) ORDER BY (((NOT (t0.c0)))-((+ ('818933552')))) DESC);
SELECT ALL * FROM vt1 WHERE (0.8051509532796266);
SELECT SUM(count) FROM (SELECT ((0.8051509532796266) IS TRUE)  as count FROM vt1);
SELECT COUNT(*) FROM t0, vt1 WHERE ((((vt1.c0 IN ())) NOT BETWEEN (((((t0.c0)AND(vt1.c0)))AND(t0.c0))) AND (136279116))) ORDER BY CAST(CASE WHEN t0.c0 THEN t0.c0 ELSE vt1.c0 END AS BLOB);
SELECT SUM(count) FROM (SELECT (((((vt1.c0 IN ())) NOT BETWEEN (((((t0.c0)AND(vt1.c0)))AND(t0.c0))) AND (136279116))) IS TRUE)  as count FROM t0, vt1 ORDER BY CAST(CASE WHEN t0.c0 THEN t0.c0 ELSE vt1.c0 END AS BLOB));
SELECT ALL * FROM t0 WHERE (((((t0.c0) NOT BETWEEN (t0.c0) AND (t0.c0)))>=(CASE WHEN t0.c0 THEN t0.c0 ELSE t0.c0 END)));
SELECT SUM(count) FROM (SELECT ((((((t0.c0) NOT BETWEEN (t0.c0) AND (t0.c0)))>=(CASE WHEN t0.c0 THEN t0.c0 ELSE t0.c0 END))) IS TRUE)  as count FROM t0);
SELECT ALL * FROM t0 WHERE (((((t0.c0)%(t0.c0))) NOTNULL)) ORDER BY ((CASE t0.c0  WHEN t0.c0 THEN t0.c0 END) IS FALSE);
SELECT SUM(count) FROM (SELECT ALL ((((((t0.c0)%(t0.c0))) NOTNULL)) IS TRUE)  as count FROM t0 ORDER BY ((CASE t0.c0  WHEN t0.c0 THEN t0.c0 END) IS FALSE));
SELECT * FROM vt1, t0 WHERE ((((NOT (t0.c0))) ISNULL)) ORDER BY LTRIM(LIKELIHOOD(DISTINCT vt1.c0, 0.5098827762325321)) DESC;
SELECT SUM(count) FROM (SELECT ALL (((((NOT (t0.c0))) ISNULL)) IS TRUE)  as count FROM vt1, t0 ORDER BY LTRIM(LIKELIHOOD(DISTINCT vt1.c0, 0.5098827762325321)) DESC);
SELECT ALL * FROM t0, vt1 WHERE ((((vt1.c0 IN (t0.c0, t0.c0))) BETWEEN (((vt1.c0)=(t0.c0))) AND (((t0.c0)<=(t0.c0))))) ORDER BY UNLIKELY(CAST(vt1.c0 AS BLOB))  NULLS LAST, (((((('[]')AND(vt1.c0)))AND(vt1.c0)))-(((vt1.c0)IS(vt1.c0))))  NULLS LAST;
SELECT SUM(count) FROM (SELECT ALL (((((vt1.c0 IN (t0.c0, t0.c0))) BETWEEN (((vt1.c0)==(t0.c0))) AND (((t0.c0)<=(t0.c0))))) IS TRUE)  as count FROM t0, vt1 ORDER BY UNLIKELY(CAST(vt1.c0 AS BLOB))  NULLS LAST, (((((('[]')AND(vt1.c0)))AND(vt1.c0)))-(((vt1.c0)IS(vt1.c0))))  NULLS LAST);
SELECT COUNT(*) FROM t0, vt1 WHERE (((((t0.c0)>(vt1.c0)))+(((t0.c0) ISNULL))));
SELECT SUM(count) FROM (SELECT ((((((t0.c0)>(vt1.c0)))+(((t0.c0) ISNULL)))) IS TRUE)  as count FROM t0, vt1);
SELECT COUNT(*) FROM vt1 WHERE (json_object(vt1.c0 COLLATE BINARY, (- (vt1.c0)), (('NN') NOT BETWEEN (vt1.c0) AND (vt1.c0)), ((((((((vt1.c0)AND(vt1.c0)))OR(vt1.c0)))AND(vt1.c0)))OR(vt1.c0)), ((vt1.c0)%(x'')), (((vt1.c0))>((vt1.c0))))) ORDER BY ((CAST(vt1.c0 AS NUMERIC)) NOT BETWEEN (((((vt1.c0)AND(vt1.c0)))OR(vt1.c0))) AND (TYPEOF(DISTINCT vt1.c0))) DESC;
SELECT SUM(count) FROM (SELECT ((json_object(vt1.c0 COLLATE BINARY, (- (vt1.c0)), (('NN') NOT BETWEEN (vt1.c0) AND (vt1.c0)), ((((((((vt1.c0)AND(vt1.c0)))OR(vt1.c0)))AND(vt1.c0)))OR(vt1.c0)), ((vt1.c0)%(x'')), (((vt1.c0))>((vt1.c0))))) IS TRUE)  as count FROM vt1 ORDER BY ((CAST(vt1.c0 AS NUMERIC)) NOT BETWEEN (((((vt1.c0)AND(vt1.c0)))OR(vt1.c0))) AND (TYPEOF(DISTINCT vt1.c0))) DESC);
SELECT * FROM t0, vt1 WHERE (((t0.c0 IN ()) IN (((t0.c0) NOTNULL))));
SELECT SUM(count) FROM (SELECT ALL ((((t0.c0 IN ()) IN (((t0.c0) NOTNULL)))) IS TRUE)  as count FROM t0, vt1);
SELECT COUNT(*) FROM t0 WHERE (CASE WHEN CHAR(NULL) THEN ((t0.c0) NOT BETWEEN (t0.c0) AND (t0.c0)) END);
SELECT SUM(count) FROM (SELECT ALL ((CASE WHEN CHAR(NULL) THEN ((t0.c0) NOT BETWEEN (t0.c0) AND (t0.c0)) END) IS TRUE)  as count FROM t0);
SELECT * FROM t0 WHERE (((CHANGES()) BETWEEN ((NOT (t0.c0))) AND (CAST(t0.c0 AS REAL)))) ORDER BY CAST((- (t0.c0)) AS TEXT)  NULLS LAST;
SELECT SUM(count) FROM (SELECT ALL ((((CHANGES()) BETWEEN ((NOT (t0.c0))) AND (CAST(t0.c0 AS REAL)))) IS TRUE)  as count FROM t0 ORDER BY CAST((- (t0.c0)) AS TEXT)  NULLS LAST);
SELECT ALL COUNT(*) FROM t0 WHERE (t0.c0) ORDER BY ((t0.c0 COLLATE RTRIM) NOT BETWEEN ((t0.c0 IN ())) AND (CAST(t0.c0 AS BLOB))) ASC;
SELECT SUM(count) FROM (SELECT ALL ((t0.c0) IS TRUE)  as count FROM t0 ORDER BY ((t0.c0 COLLATE RTRIM) NOT BETWEEN ((t0.c0 IN ())) AND (CAST(t0.c0 AS BLOB))) ASC);
SELECT ALL * FROM t0 WHERE (((((x'59fd')AND(0xffffffffbcb4280a)))OR(t0.c0))) ORDER BY (((t0.c0))>((t0.c0))) COLLATE NOCASE, CAST((+ (t0.c0)) AS BLOB) DESC  NULLS LAST;
SELECT SUM(count) FROM (SELECT ((((((x'59fd')AND(0Xffffffffbcb4280a)))OR(t0.c0))) IS TRUE)  as count FROM t0 ORDER BY (((t0.c0))>((t0.c0))) COLLATE NOCASE, CAST((+ (t0.c0)) AS BLOB) DESC  NULLS LAST);
SELECT ALL * FROM vt1 NOT INDEXED WHERE ((vt1.c0 COLLATE NOCASE IN (vt1.c0)));
SELECT SUM(count) FROM (SELECT (((vt1.c0 COLLATE NOCASE IN (vt1.c0))) IS TRUE)  as count FROM vt1);
SELECT COUNT(*) FROM t0 LEFT OUTER JOIN vt1 ON ((((vt1.c0)>>(vt1.c0))) ISNULL) WHERE (JULIANDAY(x'c265f95ea338', ((t0.c0) BETWEEN (vt1.c0) AND (t0.c0)), ((((vt1.c0)OR(vt1.c0)))OR(t0.c0)))) ORDER BY t0.c0;
SELECT SUM(count) FROM (SELECT ALL ((JULIANDAY(x'c265f95ea338', ((t0.c0) BETWEEN (vt1.c0) AND (t0.c0)), ((((vt1.c0)OR(vt1.c0)))OR(t0.c0)))) IS TRUE)  as count FROM t0 LEFT OUTER JOIN vt1 ON ((((vt1.c0)>>(vt1.c0))) ISNULL) ORDER BY t0.c0);
SELECT COUNT(*) FROM vt1 INNER JOIN t0 ON ((((((vt1.c0) IS FALSE))OR(((vt1.c0) BETWEEN (vt1.c0) AND (vt1.c0)))))AND('681623280' COLLATE NOCASE)) WHERE (CASE WHEN ((vt1.c0)==(t0.c0)) THEN CAST(t0.c0 AS INTEGER) WHEN ((t0.c0)|(t0.c0)) THEN t0.c0 WHEN (((vt1.c0)) BETWEEN ((vt1.c0)) AND ((x'17f9'))) THEN ((vt1.c0) NOT BETWEEN (vt1.c0) AND (t0.c0)) ELSE ((t0.c0)GLOB(vt1.c0)) END);
SELECT SUM(count) FROM (SELECT ((CASE WHEN ((vt1.c0)=(t0.c0)) THEN CAST(t0.c0 AS INTEGER) WHEN ((t0.c0)|(t0.c0)) THEN t0.c0 WHEN (((vt1.c0)) BETWEEN ((vt1.c0)) AND ((x'17f9'))) THEN ((vt1.c0) NOT BETWEEN (vt1.c0) AND (t0.c0)) ELSE ((t0.c0)GLOB(vt1.c0)) END) IS TRUE)  as count FROM vt1 INNER JOIN t0 ON ((((((vt1.c0) IS FALSE))OR(((vt1.c0) BETWEEN (vt1.c0) AND (vt1.c0)))))AND('681623280' COLLATE NOCASE)));
SELECT ALL COUNT(*) FROM t0, vt1 WHERE ((0.9321712945701064 IN ())) ORDER BY ((CASE t0.c0  WHEN vt1.c0 THEN t0.c0 ELSE vt1.c0 END) IS TRUE) ASC  NULLS FIRST;
SELECT SUM(count) FROM (SELECT (((0.9321712945701064 IN ())) IS TRUE)  as count FROM t0, vt1 ORDER BY ((CASE t0.c0  WHEN vt1.c0 THEN t0.c0 ELSE vt1.c0 END) IS TRUE) ASC  NULLS FIRST);
SELECT COUNT(*) FROM t0, vt1 WHERE (GLOB((~ (NULL)), ((vt1.c0)+(vt1.c0)))) ORDER BY (((((t0.c0)AND(vt1.c0)))OR('')) IN ()), ((0X306cc371 COLLATE RTRIM)IS NOT(t0.c0)) ASC  NULLS FIRST, CAST(CASE t0.c0  WHEN t0.c0 THEN vt1.c0 END AS NUMERIC);
SELECT SUM(count) FROM (SELECT ((GLOB((~ (NULL)), ((vt1.c0)+(vt1.c0)))) IS TRUE)  as count FROM t0, vt1 ORDER BY (((((t0.c0)AND(vt1.c0)))OR('')) IN ()), ((0x306cc371 COLLATE RTRIM)IS NOT(t0.c0)) ASC  NULLS FIRST, CAST(CASE t0.c0  WHEN t0.c0 THEN vt1.c0 END AS NUMERIC));
SELECT ALL * FROM vt1 WHERE (x'9563');
SELECT SUM(count) FROM (SELECT ((x'9563') IS TRUE)  as count FROM vt1);
SELECT ALL COUNT(*) FROM vt1 WHERE (((((vt1.c0)/(vt1.c0)))LIKE(((vt1.c0) IS FALSE))));
SELECT SUM(count) FROM (SELECT ALL ((((((vt1.c0)/(vt1.c0)))LIKE(((vt1.c0) IS FALSE)))) IS TRUE)  as count FROM vt1);
